data_pca1,data_pca2,data_pca3,data_pca4,data_pca5,data_pca6,data_pca7,data_pca8,data_pca9,data_pca10,data_pca11,data_pca12,data_pca13,data_pca14,data_pca15,data_pca16,data_pca17,data_pca18,data_pca19,data_pca20,data_pca21,data_pca22,data_pca23,data_pca24,data_pca25,data_pca26,data_pca27,data_pca28,data_pca29,data_pca30
1.04124987519193,-0.0714666735867039,-0.161382484819361,-0.111563360724929,-0.34900927444402,-0.132882510547902,-0.112817128787399,-0.0146426712239528,0.0731789548439516,-0.0111696658872564,0.019870931863741,0.00564915376940705,0.0102045809978953,0.0501493322123723,0.0101909093197703,-0.0210972260025276,0.0426169403454885,0.0537624290249911,-0.029793308864957,0.0030235453006241,-0.0182909735602964,-0.00209253134102421,-0.00933830446888959,-0.00420687559797325,-0.0666931745035554,-0.00607938395062918,0.00782186656684348,0.0107692547363453,0.00990679139375802,0.507389162561576
0.62240482849397,0.350364471630636,0.23687134276279,0.231343645043021,0.0045121900285766,0.239100062589095,0.454333199626819,0.305320752693771,0.0443426230625644,0.0117734064372325,0.07081524521719,0.150818081008011,0.188063294192543,-0.0364718662790769,0.0775727202004862,-0.0378360821894239,0.0290641806852699,0.0514914128872274,0.0326029801741816,0.00645222452834907,-0.0595850085600393,-0.0452493111642929,0.0179422548824811,-0.0289182409229424,-0.0333412051671411,-0.0239151273987373,-0.0142348343645604,0.0148438918063406,-0.00082617910646115,0
0.578515128244331,0.284278075318973,-0.00840569474953862,-0.20489525126257,-0.0767760832330058,0.102349988195565,-0.0374268457084043,0.0441481101609692,-0.120640507852985,0.072302616097842,0.114846288571001,0.149037890763273,0.111062444674932,-0.0385943397164945,0.101280174281672,-0.0825381137768312,0.0372202322374174,0.033854351301131,-0.00501499674024327,0.0142217126170441,-0.0180787672134531,-0.0613727780355949,-0.0105700205647934,-0.00151415140986444,-0.0144813693384485,0.00157869207615357,-0.00376565518913136,0.00405267599400354,-0.00888557483744453,0.616282084521649
0.650814764335737,0.23274501890834,0.0670321672487104,-0.213118470100874,-0.060971562049907,0.223063872174977,-0.213566604409582,-0.0261319867702644,-0.0846481151634719,0.0652276601479139,0.0618898851372682,0.0647944671801845,0.0826999277133067,0.0241053222510696,0.0634622365589838,0.0178081905268158,-0.009785389322532,0.0224963422881132,-0.0022639681602364,-0.0376943600135175,-0.0150237751587598,0.019626487892017,-0.0234637167006784,-0.0260510534725493,-0.0344955990482949,0.0038813259189516,-0.00939781105809995,0.00502780064518846,-0.0042191232401697,0.14519056261343
0.707646987757142,0.21485151162899,0.0880560941035236,-0.213407843176617,-0.0747183376654226,0.242685933043291,-0.225548832436573,-0.0299388914212471,-0.106803031889349,0.0957930944470311,0.0578586787099381,0.111129415209205,0.0942922845989387,0.0165040256332622,0.0766809617530883,-0.0278800774323396,-0.0285528887168412,0.0146257812106363,0.00727456441821095,-0.0309188809933163,-0.0163165504867978,0.0135882224441361,-0.0112312567899055,-0.0258781445852053,-0.0289080665048253,0.0116704817363863,-0.00899739088695536,0.00578994054979893,-0.00975677561164776,0.36738397718434
-0.382554568541383,-0.313759974855844,0.498715496107077,-0.179130419261934,-0.183587170157085,-0.422907270465543,-0.123359372163902,-0.113590177063008,-0.0531937649098816,0.121197999406137,-0.0104162422295691,-0.0900065742878802,-0.0762538304785363,-0.0623335654989815,-0.0601240035975326,0.0951844925119555,-0.0491055222605666,-0.0451602367394613,0.034027886622031,0.0669092895297047,-0.0407607694611285,0.0271548606840078,-0.0342946421827624,0.0411811368113973,-0.0115288102975625,-0.00214462650435672,-0.00650518989724238,-0.020630633352476,-0.0158126214166816,0.310344827586207
-0.795250621231952,-0.037362128405049,0.576295809287834,-0.111452223250342,-0.0392444789897593,-0.166613521614585,-0.163363927771633,-0.150535317422967,0.144944739394512,-0.119853507815522,-0.122028576048478,-0.00051839982203384,-0.130939387318662,-0.118271241871563,0.054078268746272,-0.100171526228147,0.0811074968290477,-0.0245987425271114,0.0287937233216449,0.141851927688369,-0.0470242508966567,0.00892186236799975,-0.0127773194067744,0.0515579102269569,-0.00697202080821746,-0.00119919704130815,0.000210060074792854,0.014182606174346,0.000299115311357061,0.450350012963443
1.04465039815075,-0.0367272080540265,-0.0520959989014667,-0.108246827253117,-0.11317964903612,0.157671872036497,-0.236233842115815,0.177343185658178,0.0614693334120587,-0.00500013139592534,-0.0258234242278326,0.0308849680927377,0.0184700091704597,0.0319543841451908,0.0178520547948011,-0.0150434431728398,0.0176863275259657,-0.0025806212526245,0.0103665524028792,0.0185332822163686,-0.0195761691381348,0.00857658309539074,0.00168438104988671,-0.00625665799169729,-0.0516087569232034,-0.00613419222141991,0.0118123173900873,0.0160018276626725,-0.00753768429134461,0.382940108892922
-0.491631562601527,-0.244094668062084,0.248932875862166,-0.219358992893288,0.000672227737479797,-0.397507021208667,-0.00730698463183555,0.549983373585383,-0.0322686947352192,-0.0549454436794777,0.0375615132886953,-0.030269102141649,-0.118339973534198,0.0492329440170756,0.0549715998480971,0.04645181056385,-0.0517397395966451,-0.00321868111657046,-0.00519643521853638,-0.00586349102698273,-0.00822458885660627,0.118773596131347,0.0283259721760879,-0.0280820450035967,0.0476055083883291,0.0113345859689445,0.0119901333212919,-0.000660518681508791,-0.0102348756992788,0.39331086336531
0.673564223876887,0.144948576919085,0.187438959943608,0.0128625967157889,0.712253910195922,0.237404307362694,-0.0626845373575371,0.187004051987755,-0.180267242153149,0.0093815680923279,-0.262482127373706,0.106215665330019,-0.129384211902266,0.095696709162242,0.0274651626822034,-0.0202640815382318,0.0993936719709816,-0.0120821303245652,0.00801222342476797,-0.0375628643006825,0.0105669656300922,0.0230061880795618,-0.0383427617652304,-0.000167148131447781,-0.014813305762212,0.00129611778887887,0.0187955642669419,-0.00160905034658336,-0.0182333925931785,0.569613689395904
0.996064820077441,-0.125395511186388,-0.231765980516751,-0.0957668261786683,-0.456761475757464,-0.0902004521150915,-0.115664157569953,-0.098003602508074,0.169384434788752,-0.0122583324152825,0.0570137375183798,-0.0529847532505498,0.0852924020859381,-0.0766871140502729,0.00347505789948887,-0.0916449654559197,0.0459937056624756,0.00775984982317823,-0.0553403635807947,-0.0102829460365795,0.00896757523690964,-0.00737345145364502,0.00220967895977589,0.0205696661120929,-0.0309948980358752,0.0122202380556329,0.0090154132813377,1.14868041537034e-05,0.0246184211167577,0.284417941405237
-0.336744922139647,0.89263730313307,-0.242526574530117,-0.215974347635691,0.132605625438591,0.14824206199533,0.117218013272267,-0.260244309521607,0.142253313980783,-0.254663350262797,0.171399279221232,0.0571735249782339,-0.171237070026533,-0.0714572231518601,0.0923592110458372,-0.0662286674571534,-0.0347265001381454,-0.0610787698291972,0.0716992048038584,0.0706775185344821,-0.00153528754139514,0.00172617279301342,0.082187392306024,-0.0188148218478045,0.0799372767554251,-0.0020468102677625,0.00131027147722807,-0.00221211493148648,-0.00738188210858273,0.445164635727249
-1.26850238560531,0.306941334464603,0.345433090979891,-0.435280730405623,0.0529449270616837,0.0633487785240034,0.0572813655482792,0.416104661788637,-0.189550179254865,0.145591945825559,0.263789286458389,0.124678078044991,-0.0683556066545105,-0.0913380872724836,-0.0425977645036653,0.0353263456759355,0.0247081504803905,-0.0329174802758208,-0.0660002042374766,0.078646017021115,0.0806771814821777,-0.0749488011315698,-0.0579031935367437,0.0543029982127604,-0.00894429711171984,0.0257036394168708,-0.0279041223176218,0.00618369197328225,0.000938580096853835,0.725175006481722
-0.754556235279087,-0.0604717101401627,-0.0785835722331939,0.11867079989982,-0.741169741621178,0.11283540520747,0.794452440699968,0.377968864342351,0.0983022489937982,-0.0914106522373788,0.409648741856401,0.118552790766107,-0.0982600542091885,0.106016763052181,-0.0860304902437947,0.00889806401718901,0.0437469912915043,-0.0221769563908795,0.00665314938085971,-0.0925110537294522,-0.0121250642081026,-0.058779670534931,0.0207707333012152,-0.00851240483244032,0.0543416891990816,0.00621964566736155,0.0120745069254792,0.0213099634630469,0.0086434064938679,0.631838216230231
0.957494223840624,-0.0008964208232362,-0.223545579158885,-0.11924342209017,-0.210517383863973,-0.141586921253704,-0.0642961516170318,0.0709660478084728,0.0836064661705549,-0.0329473595714193,-0.0219666567369985,-0.00738256566554921,0.068031184970947,-0.0271101368751589,0.0375559880774026,-0.0670751634862428,0.00843679339698137,0.00181704635401966,0.011436877442375,-0.0364398969231536,-0.0407629594029285,-0.000130264371571465,0.0399299481141147,0.00690664800597739,-0.0206416733055185,0.0119105158125937,0.00505300561461283,-0.00547355991606324,0.00999736055814275,0.585169821104485
0.609086414920616,0.0410374818875952,-0.353039260918727,-0.170351190214535,0.194583929281986,0.0523595896477065,-0.141802438281798,0.176125303923305,0.0790490912065659,-0.142172273699333,0.0351111973762614,-0.157525622274542,0.0881107026915428,-0.0996844722950897,-0.0178989020273838,0.086383170011186,0.0351490794101249,0.0240993775205886,-0.0112941128521919,-0.00491867549031013,0.0112064514277206,-0.0177543676647575,-0.039182958026398,0.0335264889233944,-0.0133938416183955,-0.0073050127462079,0.0095128703178662,0.00263752398783269,-0.000467024104419967,0.372569354420534
0.341719110233104,-0.741416802815619,0.771587611197081,0.150922978820819,-0.391796430945901,-0.00379063480214441,-0.264939958303265,0.342534991334976,0.218751874147722,0.0325084989040458,-0.0577557018974614,-0.0226616000849077,0.0378872653261339,0.00523310187458474,-0.0329485481462968,0.0117888380580309,-0.0220721727744484,-0.000447280661410198,0.00964525756805616,0.000299113531712466,-0.00823949250071943,-0.00856270219913222,0.0433914279239536,-0.0541635771438944,-0.00247276775598013,-0.0141540181312511,-0.0234736285345545,0.00552081504982256,-0.00298312163950722,0.206637282862328
1.18366051602717,-0.0700781097152904,0.284680908131788,0.179967300103275,0.126669091582882,0.77747393773308,-0.262206915440599,0.492519026516754,0.254897896401264,-0.0206099958477584,-0.0105599427820583,-0.0524896453149066,-0.0435932591810167,-0.00694639400118141,-0.0743838728184462,-0.019143234918185,0.0122288583738467,-0.0276832061797379,0.0123177682682327,-0.00832713302394016,0.0180944483194498,0.00929628436118398,-0.0167444802974974,0.0175248499285296,0.0175027809452352,0.0120636758841943,0.01571796125125,-0.005503150573032,-0.0228262602037148,0.0977443609022557
0.226806890270044,0.553021371095685,-0.192720129458873,-0.428214393697629,0.467791940680089,-0.112853329310062,-0.0900390060619276,0.221805867492945,-0.225476795517619,0.012783751725818,0.0585339189127461,-0.000745434764087149,-0.0299951622211885,-0.0152870568521124,-0.00479502721727225,0.039671219985679,0.0809917062411057,0.0479868388969608,-0.00375320743064554,0.0268696273750415,0.0242980576008547,-0.0314318369659171,-0.035371451055569,0.0032483475646997,-0.00820853515747007,-0.0357003064754584,-0.0006263396286045,-0.0003299284956542,0.00897284102797022,0.637023593466425
0.154906871378653,0.369715167806499,-0.215066117769226,-0.245235864315427,0.420688812544471,-0.13408099849963,-0.0394213231573999,-0.0993978739956262,-0.0335585627342184,0.010132957794298,-0.126818356962792,0.101390910358581,0.107754064994164,-0.0973383780070831,0.0121493024234586,0.117029344495201,-0.097818273588349,-0.0261573092088327,0.0434384300429356,0.0228739088398621,0.0563104890743742,0.0686682309159033,0.0136741651686434,-0.00103050602853754,0.0425683940228798,-0.00788036553739464,-0.00133881745289001,0.010567656065462,0.00634646383509504,0.517759917033964
-0.0104194952905406,0.886267232146846,0.381000254087655,0.171275556607861,0.180053718216773,0.335766296977857,0.466033292510291,-0.155292027514056,0.043775586004157,-0.0970718501157457,-0.0212790826169975,0.00822182013302003,0.174099062211953,-0.0570612721882191,0.136247121856472,-0.0422940699321317,0.0085996155830272,0.0196610661895003,-0.0612014141849502,0.0177954195480856,-0.0212434163552661,0.0257306726867489,0.0184279838812222,-0.0573404026441756,0.0275334628684059,0.00800184981888279,0.000611251403230818,-0.010851088482449,0.0045824133563295,0.346642468239564
0.696337460723735,0.0975957395977792,-0.299386812845695,-0.255478137531679,0.250261625615159,-0.211277145721604,-0.0968344364939146,0.201319618787625,-0.140985902191469,-0.0928720841923902,-0.0404400903368179,-0.00455690631944153,0.110973214608808,0.0239916730496162,0.0216055951081642,0.000195593770781026,0.0855386491425495,-0.0309778652878218,-0.00238740736621676,0.028748801926106,-0.0178601532549537,-0.0404447523158358,-0.00287519181346621,0.033224354247077,-0.00077838232778692,0.0178044942048816,0.0225048782173223,-0.0014841113444534,-0.0136136355339047,0.242934923515686
-0.690003199689618,-0.0321473403138976,0.490998019430185,-0.227659169159435,0.512153165335686,-0.33664571774266,-0.199890431711387,-0.153942310758285,-0.0580249843130661,0.140547225019133,0.013560403599893,-0.251785274836949,0.0853764564672683,0.367413976230008,0.155512571024119,-0.0854273234601718,0.00131833744977441,0.0695198367553576,0.0257071061070494,-0.00997521270787745,0.0378735575115424,0.00749914708993166,-0.0418067666924563,-0.0387550279995817,0.0501483933780052,0.0126742606923302,0.00775956928912828,-0.0168840963326316,0.0106228542652824,0.688877365828364
-1.48714510184987,-0.177019019608373,-0.369647048929097,-0.286159704024195,-0.0964013264665407,0.336870332080965,0.0456105223594378,-0.00225876452891484,0.0486361083277238,-0.265722891183134,0.0426045486486653,0.347439642233953,-0.0600576935246197,0.0902085847690492,-0.139055568433487,-0.0564833488405573,-0.0964669698567757,-0.0198424226579687,-0.0121765303815183,-0.132070658722537,0.0251691771833677,-0.0633168553867749,-0.00989143317738514,-0.000625955960774586,0.0427832653511213,-0.0176203864380218,0.0235664962123794,0.000418655355449422,-0.00191593027622183,0.751101892662691
0.765151609947655,0.0875498214566485,-0.241279270982787,-0.170682135120198,0.246943598430308,-0.236199631271779,-0.0229803865004982,0.201151212461357,-0.083583773458564,-0.0866016533805476,0.00823453593996771,-0.0843945711074391,0.0091762723939133,0.0367295781436104,-0.0551137074124374,-0.0416485024180954,0.103367612344595,0.0604653917054947,0.036449560229023,-0.0766593212406123,-0.0228957941059283,-0.00995412072217348,0.00192882710150503,0.0120215572870357,-0.0342356277729895,-0.0223813744549486,-0.00391612202798349,-0.00407569714526873,-0.00291977608244816,0.268861809696656
0.130304978815579,-1.26603575974825,-0.25081036716569,0.289716197750079,0.0224234408371009,0.044797242357776,0.233049155008797,-0.566794965792107,-0.327953856355489,-0.0547334350540343,0.16886825033896,0.152321889759953,-0.0410676890267462,0.116649636538053,-0.0198529620813153,0.0955428770010813,0.0760421013033976,-0.0243208787368078,-0.0283245509940403,-0.028561241264677,0.0533239211552427,-0.0461749026284915,0.0117593126503558,0.0596001054190797,0.00055837659270896,-0.00880212015983902,-0.00823245349752288,-0.0164696517264968,0.0053424331138927,0.279232564169043
0.48126556567436,0.502820225579199,0.0264131385045008,-0.016495369774965,-0.445086137213637,0.161559644020273,0.168149401937378,-0.245298370033597,0.0936991920300202,-0.116753471685835,-0.18015095109746,0.0378812069026467,-0.0190954765741777,0.316360636221756,0.0212723729980559,0.348906943525051,0.304863048558522,0.0118970443998731,0.0715529894510719,-0.000103651847234304,0.0601993477503074,0.018226950839138,-0.0534925585012241,0.0533171673872449,0.036596332736716,0.0239919644082594,0.0110533012276114,-0.0138856659243665,0.013756843875635,0.575576873217526
-0.97917850993502,0.108259401009177,0.646715723924286,-0.348817088091048,0.14971150876154,0.0629975734869449,-0.236036141179257,-0.153949511049979,-0.264480347859138,0.0487876518715079,0.0164237167691726,-0.183282035874862,0.140955997490189,-0.0688493936758673,-0.0626708074658521,0.0737762345732754,0.0281284861290236,-0.0606634294668358,0.0565710547318401,-0.0151618557194077,0.0528479879207402,-0.0493817677850644,0.0724524538758482,-0.112946020148167,-0.0425142400989619,0.0184921569697984,0.0162080546445651,-0.0158302552611383,0.0176946427666839,0.476276899144413
-0.508359198822074,-0.0952026462481334,0.643158523483559,-0.0490314845403221,-0.15125387979791,-0.543320673245169,0.11010935843742,-0.0473597618814763,0.0165257214182975,0.0218873377903322,0.0366950196883856,-0.209460772474471,-0.24048285189267,-0.135420312295503,0.0994629958359431,-0.0192467115197327,-0.0524828338522467,-0.00472040433618417,0.052329941544284,0.00614915929157385,0.00352450603582982,0.00353948497404622,0.00430792899899726,0.030522240510592,-0.0261853981360096,-0.024317511685134,-0.00615840400413705,0.000474837354151943,-0.0150790872298247,0.559242934923516
0.633034644997951,-0.0041685812700253,-0.395714330781748,-0.239688805965097,0.221929792033814,-0.257141355127919,-0.0517332514832096,0.106839586557267,-0.0524844192972349,0.0456281080431348,-0.0424770438749361,0.0290135615406583,-0.022140053316413,-0.137795360388044,0.0321506430162103,0.0138168489222456,-0.0571501488339751,-0.0187912075251606,0.0316808078056609,-0.0101187974166446,0.0280560568336336,-0.0272032523614248,-0.00991159479939117,0.0576036770048066,0.0646459192410881,-0.0230704974659625,0.0105260622762303,0.0125419622924997,-0.00325516218440271,0.41923774954628
0.7138193973555,0.0812032163465003,-0.348244225891511,-0.0402154920111834,0.168153749111122,-0.410577298288765,0.153820771037963,0.100012155609997,0.113660210495396,-0.0711204693196024,-0.0771532138436071,0.100568871719954,-0.101469159297025,-0.00715357028636316,0.00693555718431047,0.00540963960982675,-0.00318296863171372,0.0443940253481167,0.00726233512581068,-0.0839123216318058,-0.0274894290161961,0.0290311001493455,-0.0222334595135794,0.0112750266816376,0.00511268767498481,-0.0343169772997075,0.00409421930197904,-0.00656473518210388,-0.00577508434190852,0.342234897588799
1.07093868754369,-0.164775467325893,0.380212470194524,0.211271568464445,-0.0696340397089186,0.577533972682613,-0.086824854926845,0.00615905195167066,0.0640176020054165,0.146038712371011,-0.153216708995102,0.0291557501824723,-0.102073225239043,-0.0309255875340756,0.0764412203061978,-0.0533770475355174,-0.0925179388423853,0.0609808103121922,0.0272838050014658,-0.0192695143779408,0.0184494398904548,-0.0229936653446839,0.0313363300377906,0.0136149743831172,0.0341244955198752,0.0363702359265704,0.00678395171262149,-0.0106650846355265,-0.00253662740774286,0.455535390199637
0.312832990263746,0.464700586619552,0.259711373492786,-0.306566212720486,-0.142979646239745,0.480725707886583,-0.221839565463751,-0.0187481262801996,-0.137348572641513,0.162832060392674,0.13998931952194,0.0903928557420049,-0.0307525106998233,0.072243360091412,-0.148305058367993,-0.135531037755945,-0.0265081806538418,-0.0522431035617846,0.0158513893314423,0.00422118341482089,-0.0472757026957448,-0.0146317271533473,-0.0451536996956572,-0.0119110742525171,0.0346304833550045,0.0151727344737132,-0.0242832452124732,-0.00621228686338696,-0.00334715115685765,0.808141042260824
0.324457371840246,-1.18779026151031,0.196636283382304,0.330945145700392,0.789246513905251,0.386200697724102,0.0448909337518078,-0.0661667132310908,-0.496374706768352,0.114534966129976,0.241632749014132,0.120012010443032,-0.0418169515888514,-0.0553322348753914,0.102263651824222,0.072339716295327,0.0641624602594799,-0.0321007266211439,0.0229395063309685,-0.0373086621342033,0.0308990093755324,-0.000534878087310068,0.0131813902917073,0.0126558720186326,-0.0110250914130909,0.0228454311652432,0.00708966104921393,0.000363986881878576,-0.0151602344975984,0.953331604874254
-1.14810746068657,0.535111176861659,0.61890035218878,0.105036075228772,-0.030915972747768,0.120361652141409,0.383927113301685,-0.0731952183822918,0.213118609730115,-0.126402460734964,0.0880767121808646,0.142523809329575,0.210327602109217,0.00743732035917294,-0.133441390967015,0.0616808024888842,-0.0780922277075285,0.0111885631889525,-0.0938151915734803,0.00352130366203078,-0.125292366763796,0.0217222607377784,0.00467526388625692,0.085255718025086,0.00421943288574687,0.0297954754193348,0.040094316168279,0.00282047357331795,-0.00741281181329866,0.294788695877625
-0.0722902954314365,0.654206405287916,-0.488803998091424,0.883843593911272,-0.130081500324776,0.00565991107533853,0.170539934443695,0.0703742906477997,-0.0876414345055121,0.0635894353407819,-0.0513792833710283,-0.254461843556534,0.169056928514565,-0.19537595000323,-0.00777874511604618,0.114738823354359,-0.115951710956972,-0.0209542427638583,-0.0908995949800764,-0.0190861675116616,-0.052039304658542,-0.0472873805636502,0.0240902232309915,-0.0185075577585999,-0.0017264766763176,-0.0308488557647811,-0.00871200160543111,-0.0334857220469685,-0.0125148895547735,0.439979258491055
-0.615622347764179,-0.168250412690258,0.169918362035125,-0.229365964167989,0.14340748591438,-0.323331610948537,-0.27255576076014,-0.11186030897096,0.155602249348466,-0.0492119311394467,-0.0638570386302648,0.107761125736475,-0.000380817752855087,-0.0833589466782012,-0.0188096977292371,0.144291146803461,0.0191602699905492,0.0396926482539096,-0.116583947243175,-0.0487660741759932,0.00523694449100769,0.0273798472884699,0.0207961021096459,0.0266787636521457,-0.0290908953201734,-0.00999376920804232,0.00572534294705754,0.00190085164763641,0.00357957845609972,0.237749546279492
-0.919431976769941,0.381358207287704,0.559198110254879,1.17990987477391,-0.251933141089637,-0.239737585304693,-0.171118131058155,-0.466060025715015,0.263119042261476,-0.0959059329176508,-0.108761135204814,0.289296333260543,-0.0264239888179437,-0.0334334757720163,0.0500150083249448,-0.232559685351953,0.0874083444618702,0.0774870489029178,-0.0480763996888027,-0.0255158052752815,0.0291848655380992,0.0744206711814818,-0.0202640337389899,-0.0507124649186354,0.0197731617072504,-0.00730284348478728,-0.00363016052122169,-0.018424319499167,0.000152826886494434,0.414052372310086
-0.714982659913696,-0.102764337506871,-0.284607066430603,0.601452835574233,-0.397342177884523,0.188025704408987,-0.351922578290227,-0.215103151617462,-0.494848065585447,0.0472377430738135,-0.2576820546318,-0.087806976304299,-0.0664246229071722,0.164414969616939,-0.0298284381938741,-0.0631901757732317,-0.0950237573082623,-0.091055261724564,-0.0447400008907947,-0.0348179772183621,0.00937016077967081,-0.0147083108781999,-0.013175838939527,-0.0145612547458322,-0.0353888729886827,0.00343985669184535,-0.010464137171066,0.0357814382646053,0.0151092460837901,0.735545760954109
-0.777228889263653,-0.545901510645022,-0.0246965665941027,-0.313672248116109,-0.404381248891889,-0.157589179278875,-0.212153719270555,-0.00221470792958667,0.139316251817103,-0.0104026632506238,0.108002867020605,0.0887055296645325,0.332077333521337,-0.193755100841903,-0.292673275899167,-0.0763408164380489,-0.0663315407408534,0.0363514519249045,0.074691939455204,-0.000707838051094517,0.078838521755729,-0.0490577621446697,-0.137354257062508,-0.0361246303842427,0.0165081887962747,-0.0377526710365056,0.000688567778079833,0.000958860616365192,0.0177112797208526,0.942960850401867
0.467288427688102,-1.44302047914028,-0.166238654683682,0.226227043459455,0.108634002485886,-0.0834158931041994,-0.00375018562087541,-0.427661853070255,-0.366794452395575,-0.0112657579773383,0.46098841968132,0.0523897972081103,0.0684922425182168,-0.00549823588613031,-0.015384514379896,-0.00356578436081454,0.0110085824579504,-0.0202174612228144,0.00695119391521507,0.0297756868512253,-0.0643258201576904,0.0523080552151684,-0.010164121242599,-0.00180638098546046,-0.0170282875486738,0.00198194816653725,0.0128359110142982,-0.0123483254490609,0.0227908522518746,0.491833030852995
0.177965165671403,-0.12647066411289,-0.355288899683844,-0.194320980988899,-0.169301508637914,-0.180277626706863,-0.055787974874222,-0.181622608848118,0.0858664450666253,-0.121967235255326,0.0138527547390142,-0.032863125023643,0.124808765200345,-0.0840641893325382,-0.0364015247080039,-0.0990754078081634,0.034894633101076,0.0446347734912964,0.000531579169708377,-0.0158620358590728,0.0885458785343508,0.0610597191977562,-0.0196359345194119,0.0192488887430289,0.0114403374717073,-0.0115783988921634,-0.0150634730515215,-0.0379182110926084,0.00617807872408884,0.559242934923516
-0.780536517528115,-0.701388234054684,-0.234076972424827,-0.176803296851397,-0.261993600314067,0.311562251413453,0.0969373525066948,-0.400914539428366,-0.253854456165443,-0.0203213703047522,-0.204757467078372,-0.301841054174387,-0.0287730846170165,-0.100664793403468,-0.0872763034607337,0.0102021266632935,0.0537971463319631,0.161274221269028,-0.026997424576282,0.065242910973668,-0.177362710690747,-0.00670837365003655,-0.0814145549235534,0.0121418559945327,0.0432863930523492,0.0112173705991117,-0.00319419056019206,0.00703315220075971,-0.00363811782879017,0.668135856883588
0.391526543325129,0.476383527133411,0.180920276909376,0.221968512733379,-0.27560452194658,0.409136627544292,0.475884116487613,0.15605836483243,0.213465509822809,-0.0288468101694227,-0.0761639033891304,-0.0562421832380142,-0.00842255987769667,0.0342940903913204,-0.00233768018184266,0.229119419265511,0.124554799475929,0.00287545833465766,0.0131573921162614,0.0421246990625749,0.0342907269515636,-0.0474058417573752,-0.0379866533182016,0.0229005794956841,0.0131097827530702,-0.0333715069298966,-0.000497738129773389,0.00170194703539371,0.0115802464275163,0.497018408089188
0.333039938724522,0.624124034776738,-0.44356966457214,0.404909589193496,-0.0988840572900843,-0.260991886621305,-0.552156752803491,0.0784863030134263,-0.330604829912652,0.123513990377232,0.168628356375475,-0.201135334870449,-0.106350106137858,-0.0212177278668468,-0.0231951341975051,-0.103328568489064,0.0609910993354525,0.0192569862914137,-0.0230336356652287,-0.0459095597881721,-0.0100629965120677,-0.0285496708743416,-0.0216788772596348,0.00316260281513299,0.0245960464235105,0.011497988967918,-0.014755637555586,0.0385026914424419,0.0185441118824038,0.68369198859217
0.569872846624332,0.250276328320114,0.0813468411765843,-0.148159635268832,-0.0468726911929496,0.366511087463061,-0.0950370135732443,-0.0468556252545958,-0.0734151884115457,0.10512259522939,0.00868612419427183,0.0586742166411261,0.108387199073439,-0.0653431867756502,-0.00152897949713904,-0.0790590576167117,-0.0373224007249239,0.0179788892441257,0.075502417200068,0.0363768974486632,-0.0649016692022531,0.0186688544795794,-0.0175835250498029,-0.014211813700549,0.0175551265598547,-0.014258416367844,-0.0104822778087449,0.0110807290041266,0.0100519183210117,0.481462276380607
0.870092918435069,-0.0483610703946688,-0.119641908284215,-0.0402500973104444,0.126174860751202,-0.0811684868304795,0.0285122459610729,0.11728550856805,0.00213868443328484,0.108098019089609,-0.142022333441562,0.0605998327007442,0.0666117796552561,-0.0399802394732035,-0.0430432544630201,0.0527302304734128,-0.0338991841493348,0.0235634758706618,-0.0074067415277754,-0.0110572775973713,0.0387798665618267,0.0085135882992524,-0.019134129290846,0.0168661136392421,-0.0118166749085994,0.0147537456681283,0.00345814586526009,0.0131317095753842,-0.0186753850322547,0.590355198340679
-0.35808191475325,0.605259870458835,0.0754891633239633,-0.263007047246025,0.245901494408674,0.289030274436439,0.140144044888112,0.0582744867192795,-0.230279633937101,-0.0518285400172767,-0.0931538710434352,-0.108888934232583,0.0416753553466684,-0.0433997687325869,0.157965860421093,0.0170563809571428,0.0343267587616486,-0.0228809490003859,-0.0479166973413411,0.0420645801091301,-0.0357008684667438,0.00117429383896996,0.0941619577400589,-0.0355468022859913,0.0109677420689038,-0.0237868118419158,0.00113485209739014,0.00594899466957746,0.0221238405046365,0.408866995073892
0.664766902472394,-0.300176778189768,-0.344784194323029,-0.130798219438102,-0.0103899907186929,-0.11883359593362,-0.00947234783905944,-0.0628448798231933,-0.110217835255358,0.0346297156706762,-0.0652368204993036,0.0496587190984141,0.07925733478023,0.0395350198932889,-0.172343321705809,0.0200178986944048,-0.0963164963575595,-0.0910443112803886,0.0242550054950593,0.0429606612286398,-0.0722093626692357,0.00180791418231317,-0.0022071063017563,0.0089574646474351,-0.00305451706420573,0.00250572830459996,0.0048834231156284,-0.00355881908725962,-0.00419739812527443,0.626652838994037
-0.808789883270827,-0.316764147255749,-0.035192236428077,-0.385454469485545,-0.577705497818128,0.0970369878938362,-0.0310015389058251,0.0265473374738264,-0.169769790063105,0.00918735679597993,0.0682662144277405,-0.0606970000333747,-0.123643200903773,0.0440252215276595,0.0340734261734335,-0.0269880552524882,0.152085258790421,0.0434283763717959,-0.0841223995554694,-0.0367327064518665,0.0545378054596907,-0.0435954750487851,0.035778607121118,-0.0199116897919672,0.0186398288199844,-0.00178618455770143,0.0265574258011052,0.00635866615239232,0.00601480336336561,0.699248120300752
-0.84655263209318,0.207420164856419,0.589531882642561,-0.308549166405595,-0.0118435523608416,-0.138273405305484,-0.240236914034784,-0.0542692788697927,-0.0793805857725894,-0.109656249782805,0.187472654523162,-0.0340368270261364,-0.206883665792465,0.015245502962103,0.057341578823072,-0.0819967935367968,-0.0595006525083748,-0.0576525463275319,0.0631999203779192,0.0134696617062215,-0.013672369838067,-0.0111573894518222,-0.0218611649985663,0.0867988267649276,-0.0320158979442239,0.00308574860125525,0.0211043175004852,-0.0288650339133009,-0.0106420191313254,0.595540575576873
0.312799123324336,-0.828001111431636,-0.377712129022119,0.195590280347256,0.795370836559496,-0.136307625955682,0.128038871107229,-0.0607493050591124,0.124309959052026,0.30605891783578,0.0522687464679813,0.19817010417024,0.00530391270442535,0.167211978284021,-0.0284697635795059,-0.196062537348426,0.0434963449757714,-0.0641787302976945,-0.0440686299804268,0.131419691175799,-0.00519031879914025,-0.0149423292388544,-0.0375928977424823,0.0043006226844975,-0.00431831612114952,-0.0183501548644636,0.00761658691105865,0.0435168525562013,3.05171467602548e-05,0.517759917033964
0.637082872423462,0.222958815236623,0.101866994230117,-0.169872851113458,0.0924470078307172,0.243639880382969,-0.193195696877637,-0.0526951653225879,-0.109547961038214,0.0660236031432714,-0.0109980236624499,0.0271809948982829,0.136600297085951,0.0459329286574697,0.00776027793762719,0.0670936279072254,-0.0581927529293985,0.0382057280548609,0.00308568532450759,-0.0461622503341152,0.00529154873828857,0.0488172370878174,-0.00781304741228693,-0.0187954157462691,-0.00749871819367324,-0.00256480458427882,-0.0162813981330031,0.0107204170880687,-0.00726691312833572,0.382940108892922
0.126657434643021,-0.00506152429648811,-0.29262527242305,-0.00334526336879997,-0.122619877616086,-0.212504574173154,0.311330263545245,0.0804837007276707,0.177268196971179,-0.0800572403454929,0.0607446488402125,-0.16862074956676,-0.0933835960619652,-0.145711390492505,-0.0175235983925813,0.0609794332238247,-0.0181872732904403,-0.060060617130416,-0.00460845021813445,0.0478387468090919,0.0566287757410749,0.0351288890802624,0.00664853478995883,-0.00519706035058216,0.00213069066327911,0.0516285040887327,-0.0132102935473946,0.0363155739678691,-0.00381487154960652,0.491833030852995
-0.0942308743971187,-0.0267655556953216,0.374562937444349,-0.189805696391648,-0.0438921406737528,0.207240404422024,-0.181895860908701,0.320856421564218,-0.0498304614326958,0.0731363502210725,0.149893344723238,0.115235591591577,0.0932440200369463,-0.105568327671316,0.12882698823121,-0.00184305384575889,0.0629919261153202,-0.00498076769297678,0.028836997809478,-0.00340614858087259,-0.0464983721248019,-0.0283477700132198,0.0511354199739354,0.0248258411481558,-0.0252954765608808,-0.0305027401079326,-0.0298903964167777,0.000573457303748473,0.00800042228868753,0.403681617837698
0.550968268372712,0.332074662256003,-0.0513086598058774,-0.256641264180461,-0.0273058710109965,0.0021923296793721,-0.105358568470534,-0.104256743925338,-0.0897381141805463,0.0615865174563868,0.0601175818226732,-0.0094125957168832,0.0597724150020605,-0.00924663684010972,-0.0186227456239925,-0.0360725992966885,0.0431685667770095,0.0132320864495642,0.0269971173258018,0.0262751372352926,0.0219161964514845,0.0128509712045795,0.0950217661593883,-0.00677496195137239,0.00340939628954493,-0.012813543362802,-0.00681912093469559,0.00202041494522668,0.00036274908109425,0.347420274824993
0.188595856816454,0.0987283792107301,-0.0428077472761787,-0.123645279009111,-0.480998019687214,0.326503512364714,0.0849695667788449,-0.147178531166465,-0.00713999103703945,0.0376355554688194,0.127895721136234,-0.0351468105663944,-0.0652376928784418,0.118842577033763,-0.201803165191144,-0.014139536134075,0.00465086613706149,-0.022666660053635,-0.0713454241995685,0.0721760076509161,-0.0188638493144961,-4.29236887493572e-05,-0.033096404383903,0.0102785958353363,0.0205860566564603,0.00532595929474794,-0.0202908141911694,-0.00689343491353618,0.00399699907727144,0.662950479647394
-0.367735703411163,-0.156217396250267,0.793946430229665,0.228171879712608,0.068173112802686,-0.126081674549071,0.352320585631621,-0.0379466713298457,-0.16493672814793,-0.05807058652833,-0.270880272734695,0.03409970364431,0.050352227138738,0.208108822041614,-0.157786435025805,-0.132992635678752,-0.0230732465640686,-0.0352804847137405,-0.0269518553752799,-0.00681048900253401,-0.00767184459051061,-0.0865642091738277,0.0750310521600921,0.0583602018689897,0.0153154317165454,-0.0185321480443642,-0.0264360322848004,-0.0288437882165201,-0.0247536382687424,0.39331086336531
0.458850193000316,0.244156808752428,-0.0339394529148592,-0.195306732917273,0.0880617379555375,0.126225848184751,-0.194958341670692,-0.0769368569551387,-0.03546316009325,-0.0392577210430548,0.0222981447803682,0.168828969524049,0.0870631327636305,0.02920579551386,0.0842034432620287,0.0042354479035383,0.00357352951488383,0.00663260993897879,-0.000146554046773911,-0.0262444160298857,-0.0240864213206277,0.0172432327581846,-0.00438486815757471,-0.0104592257903402,0.00436338187265408,0.00140313186817201,-0.00287170696157458,-0.00364427593758621,0.0012212941618687,0.227378791807104
0.650807741943247,0.00773976382833549,-0.326333445566544,-0.0318989149339511,0.129799984875892,-0.297449285934671,0.103831871320268,0.0435987998472717,0.0846152313772806,-0.153757042614316,-0.00831459943241417,0.0688379342203425,0.0978007111506331,-0.0648782980023519,-0.00578011900090612,-0.110383977130447,0.0473707167785164,0.0484072371019449,0.0873957817970415,0.00450320167013061,0.0224843440753544,-0.0228000698069357,0.0190021501141313,0.0494584568342879,0.0458399744810326,-0.0126232252580101,0.00576483837820678,0.00876058436098027,-0.00613196658064935,0.270158154005704
0.613538670735148,-0.190112822198592,0.397969151468046,0.355548986081626,0.103534173249499,0.718747510177999,0.0547685806398035,-0.278535295125851,0.0228605419807693,-0.081450519951372,0.0199054655739443,-0.299809417571802,-0.133573650827309,-0.132670416569259,0.149971248763004,-0.0511990670172171,-0.00777443846438368,0.015967050275342,0.0125453068553364,-0.0247240372928381,0.02225062051738,-0.000858672092138153,-0.0175133470563475,0.0102206615831768,0.0232017317809044,-0.0375543738122269,0.0204006501794988,-0.000681756511218814,-0.000827568415381659,0.787399533316049
-0.288018291563318,-0.720620500255462,0.298024013404653,-0.101263402643286,0.024633777712287,-0.329262630986875,-0.326672316384431,0.125883949015884,0.0971575738747112,-0.11859743689315,0.00264474051473886,-0.0516198590815466,0.109933355198867,-0.0711067095790906,-0.0739476362040489,0.0250716871116123,0.119373096747359,0.0442115470382273,-0.0475808863060614,-0.0482134502136477,0.0525030738620782,-0.0681364296276818,0.0196793310837268,-0.0733076306784625,0.0826916972379032,0.00926038926359953,0.0324532283733738,0.00360706597366783,0.00142007548080308,0.590355198340679
0.152372157782835,0.629479614733886,-0.0125963952368359,-0.328410767993212,0.00119570876218233,-0.0203286488404555,-0.0485099172881538,-0.375800621412724,-0.113251958314859,0.0997634729337379,0.20440244917522,-0.0983393573501665,0.00392394608606346,-0.0616724496331067,-0.0249355777325227,0.0295044952170154,-0.00485216164626749,-0.000105133168698364,-0.0376630896053323,-0.00375667399828861,0.0643271652464718,0.0460397994657897,0.0167525210681519,-0.0334509793602402,0.000498107204669409,0.030948151348284,-0.00721687678158278,-0.00830049677263777,-0.00253636705491803,0.585169821104485
-1.01043843967396,0.740901416479346,-0.148082832662556,0.342199660084849,0.273291915125352,-0.257325391442015,-0.415689143455629,0.550915953571496,-0.309739829235636,0.151699004227202,0.153692662331472,0.107436792141137,-0.0917163810849018,-0.0649017355313359,-0.00455068090904106,0.0752361785857405,-0.0503735281441519,-0.0710152975584004,0.0243107650288468,-0.0161438960559282,-0.0298256237624777,0.0070628699644675,-0.0309477922446698,0.0202927922911448,-0.000682404297707954,-0.016864779531022,0.0457470745484397,-0.0496400038878227,0.0172911820722454,0.579984443868291
0.029733887620833,0.0481269882919773,-0.0286315259174892,0.273571746552657,0.00934162456949566,-0.0505041905091956,0.59921503786353,0.0902228147538829,0.154550584280674,-0.18680743193232,-0.16810313552056,-0.0571414691296296,0.0427600969745939,0.0230006403652394,-0.112198943494323,-0.00757519428161486,0.0203173437471166,0.00265709770553372,0.0606893019668775,0.0319714713189867,0.0586036500795367,0.0505607796142932,-0.0119589664927485,-0.0406198064239919,-0.0700006192897323,-0.0200591857048389,-0.019431364938405,-0.0178857612518198,-0.0027804060224258,0.720767435830957
0.111106772194005,-0.414050853546146,0.196227333236835,-0.0379538373348105,-0.217574736429357,-0.527839272355551,0.163220883405978,0.184520924465755,0.029992952652292,0.208378912079333,-0.0999631435838253,0.123563995201059,-0.221626828648079,-0.0701897713811553,0.0109987041598543,0.105678605722618,-0.0200247693499813,-0.0276292470406277,0.027858765220449,0.0613755634937487,-0.0735014921608251,0.00220410194707282,-0.0288697957419421,-0.0530863736403051,-0.00410319893788882,-0.00269324731831087,-0.000250924048310807,-0.000311198839391654,0.00705461667451886,0.8288825512056
-1.10523861344204,-0.607700820716678,-0.434257658443533,-0.311714333474396,-0.205284334589892,0.211437432801777,0.0342360891314024,0.0720496577807345,-0.140157474731018,-0.165930250137116,-0.147311111671641,0.0342250028875561,0.0307256274773566,-0.0334903180152747,0.0679729994348953,0.0156674912756692,-0.0250124300276545,0.0339550281824543,-0.0315177705725532,-0.00551516075725501,0.03720443286059,0.00963272049735621,0.0331693976351076,0.0406416125559521,-0.0283512682581191,-0.0297473281660588,-0.0298407529099675,-0.00185029834591583,0.00338915695339184,0.704433497536946
0.0752874212656595,-0.461463043369507,0.181791325306161,0.0848725623940252,-0.211955453541953,-0.355042315109707,0.114113120296909,0.0625401013938195,0.174808114200687,0.0570562070946788,-0.042804265119616,0.157207495137786,-0.20187414123438,-0.0609445077100242,-0.0114768109584812,0.0718897823362838,0.0438898719609683,-0.0495398067345082,0.0581649749237144,0.126924065574892,-0.0463764938996761,0.0158908551526683,-0.000698091692207124,-0.0411730836934164,0.008078230525416,-0.00149375123999987,0.0126608559021209,0.00538320999758187,0.0160864915157795,0.777028778843661
0.72902129697377,0.0751840527232324,-0.03383931828269,-0.122668316655435,-0.342901063598046,0.0345351967867339,-0.0583771395328951,-0.100456305581978,-0.0175655968052375,0.0284084877138327,0.102840571456298,0.072950168591583,-0.00363005180343794,0.16833191200436,-0.0919184669645902,0.0521000363528757,-0.0532056048285006,-0.0552411043837674,-0.0345246503444199,0.00599100267803697,-0.016463634430345,-0.00122391386956647,0.0301840793231905,-0.0160662196414689,-0.0167701766721036,0.00171560288608788,-0.00903287068044045,0.00815934563732339,0.00675375793825254,0.211822660098522
0.812711273020824,0.00863656959431689,-0.272921022156688,-0.135030653482312,-0.0165160188816764,-0.0851536067729882,-0.128758160825891,0.0968817141169325,0.0691633782768885,-0.137603290901399,0.0484767377729309,-0.131668069589824,-0.0736830492803957,0.0766048968248192,-0.000766981644640797,0.133470610747951,0.031767166022259,0.0408817621331215,-0.0663524845147231,-0.0445079060821409,-0.0617556472475554,0.0141862117182496,-0.0167305100760509,-0.00336194386192203,-0.049071516312542,-0.0250674529907618,0.00737008822426874,0.00316503029536219,0.00657007536821711,0.0251490795955405
-0.598247667010777,-0.0834980571212522,0.55402887359747,-0.218187429193516,-0.0884764475650778,-0.309935634643059,-0.224574617229408,-0.0793765075744172,0.025303855440278,-0.0364091457667436,-0.0222188855711217,-0.0372666105835027,-0.0703984039422085,-0.159511195300343,0.157873418409575,-0.0938221787580706,-0.00536023734701904,-0.00069189710004765,0.059004502018451,0.0197860072399152,0.0176239843225097,0.013733111621869,-0.0301438667056093,0.037895069008803,-0.0465876535538198,-0.0148199023273566,-0.0122641181212484,-0.0119544282506677,-0.00934097633756335,0.491833030852995
0.235784100332889,0.326118541906578,-0.0490088125588706,-0.217561644264587,0.229336723907712,0.0373944597926903,-0.0640767680362335,-0.191637760397058,-0.177090788464877,-0.0782696331462503,-0.147949897570334,0.0745301568936278,0.104110705429973,0.0948298697713966,0.00168167079070434,-0.0373284220469838,-0.0457598489141881,-0.0332470139439562,0.0152380906528149,-0.0495487300510891,-0.0066026392772013,0.0187522980098617,-0.00147320148201781,-0.0106731523461214,0.0051188343203043,-0.0048247784434814,-0.0169362941449106,0.000734506274240057,0.00152498375586559,0.518537723619393
0.127861177478077,-0.143814709589868,-0.126288154470199,0.209326839329158,0.0722263635952745,0.515610286727388,0.205453163971479,-0.126324710501826,0.106044905319127,-0.217089020877906,0.025146851201793,-0.127237379054222,-0.0621748893917602,0.0314538329277286,-0.0991931846858954,0.108372202521355,0.0748831867859664,0.00240604254669066,0.11919747226555,0.0162284993544982,0.0972017067890554,0.0235209150795196,-0.0215243491456764,0.00996135932816407,-0.0390783590695115,0.0145994613426001,-0.01465795158651,-0.0050244154460486,-0.00405685996012876,0.481462276380607
-1.21547310611181,0.518238063512586,0.616970185646152,0.00354953296801826,0.595023713487374,0.111288832791132,0.41080798590794,0.145922518291329,-0.108235146006329,-0.0504566553915744,-0.245704481597961,-0.0782321552651364,0.0671061324898651,-0.0625836668243922,-0.106999676562254,0.0532520824875116,-0.0972909549996901,-0.0736723049605214,0.0288557061800302,-0.053298021827949,0.0150349318051032,-0.00353486076599628,0.0114163186760242,0.0353087731077662,-0.0675755811031277,-0.00702775492132448,0.0273417089968538,0.015647697956103,0.0458402056942388,0.491833030852995
0.475761687690634,0.35725157914223,-0.241787602392161,-0.238833817634917,-0.249864272557039,-0.220417947319103,0.00544398977376469,-0.132281216433763,0.0342301593115367,-0.0864139407916183,0.188680539524747,-0.0670509572791534,-0.0448862198655833,-0.0218046186911769,0.109462438803252,0.0153377126444793,-0.023347399935684,-0.0439118888097882,-0.0379914550043577,0.0155319488928199,-0.0500989253847401,0.0117431411579144,0.0358725687856433,-0.00867144992565096,0.0319109774358771,5.96269343663619e-05,0.00964918731094788,0.00415991832316243,0.0039097109894606,0.242934923515686
-0.396623139688715,-0.632714954646212,0.272425348750911,0.0351999928845952,-0.0136474473998275,-0.461877640557299,-0.159548889556876,0.171036151456767,0.290067726170405,-0.257934873594405,-0.129155535730921,0.0831170275840179,0.224807952912607,-0.0987920262182221,0.00787786272493034,0.00172136901400255,0.0716322320936554,-0.0203371602744721,-0.0566586253267647,-0.00109950409779666,-0.00922106481947906,-0.0428009303384306,0.0128385793083246,-0.00653054548683242,0.0474786229396041,0.0152473673017047,-0.0196701688248709,-0.000713070120021244,-0.00192233482751614,0.0570391495981333
-0.275314743165389,0.253534913561608,-0.228321680383204,-0.179295137637839,0.116315055099174,0.0476628994994217,-0.178756102348187,-0.354451158546745,0.231743136914707,-0.297000509222214,-0.1154947476693,0.111280800673313,0.0405064420261696,-0.0305760718832069,-0.0302162384862101,-0.0294915960963512,0.0964227965620748,-0.0361268725593024,-0.0576613272588446,0.0298558042294124,0.0131235469291252,-0.0194233510484572,0.0481998647273616,-0.0105067047302032,-0.0201314617832336,-0.0162408941762013,0.000610377273601458,-0.0381377928222499,-0.00749643021439168,0.777028778843661
0.45449400103424,0.315799729181144,-0.105214922531693,-0.254684351093315,-0.114139321271824,-0.149054245087513,-0.0762966971342681,-0.10945094194567,-0.0274675705678739,-0.0343915333272316,0.080924752592582,-0.059905927739448,0.109968199559153,-0.0208809694581095,0.0388303281803926,0.0122686981555518,-0.0133784393231478,-0.0157494663901903,-0.0359340922213898,0.0197489714791435,-0.00244940483981352,0.0291460025220678,-0.00420395941936531,-0.0281927861755685,-0.0205759183286923,0.0104879231607137,0.00821409107745031,-0.0145051848482179,-0.0100872926862086,0.522945294270158
-0.0625773567504147,0.448275479611039,0.121642497426283,-0.0514034719137551,0.0186438035187118,0.00899210580926185,0.0752079573732153,-0.0868361101855988,0.242993258469398,0.0157550526147657,0.0699789477290117,0.241448224387899,-0.20041358413627,0.0204514622655025,-0.106074031416686,0.0298119280223924,-0.0410623755677512,-0.0920612586566978,-0.0395256322425447,-0.0738642181001033,0.028503719336436,0.0494937140407326,-0.0491187759728014,-0.0178689350402233,0.0024114296295085,0.00205595036137577,-0.0166048671043885,0.00954578971923582,0.00164902052045302,0.823697173969406
0.142646170317423,0.5722417025903,-0.0167313206705386,0.149045436225336,0.219465444968849,-0.200078642158045,0.614126619296254,-0.135368127249027,0.144933892887532,0.0800284047648547,-0.141224004519478,0.0330785152074667,-0.0791183009337265,-0.234119112437721,0.0596784661446346,-0.0539954382375568,-0.0290936910144812,0.0517660625619041,-0.0728834719936623,-0.0333433971989329,0.0585838131046093,0.0131697960842591,-0.0500333020514974,-0.00343214888239357,0.0317163503210695,-0.0148453250971491,-0.0123142633094514,0.0247974860919067,0.00333487090101954,0.263676432460461
-0.826476232369377,-0.539219091323028,-0.263785364966243,-0.306278162993065,-0.495272993481393,0.167964830241262,0.0450860354220355,0.18688490363808,-0.128988635771675,-0.115432158858899,-0.132732737350529,-0.0685611668428044,-0.0151840375337662,0.074486955859769,0.0681331820290393,0.0472146454253696,-0.0873919890071745,-0.0107845717431242,-0.136657894169326,0.049990357664203,0.0453492515152987,0.0467375848408238,-0.00830066176040459,0.000573366508178456,0.0107712844090542,0.0290915425103982,0.00998640283872045,0.0061022891279761,-0.0174145779884752,0.450350012963443
0.612240778304295,0.31439938450252,0.0390930723277653,-0.216093018096281,0.0400662616356061,0.0730636698378099,-0.136522926972879,-0.035424115834672,-0.135179085722311,0.0164920979074745,0.0850133686168624,0.00445166695591027,-0.017792487450959,0.133234638985294,-0.00948879418168814,0.0900514222270759,0.0524803145647499,0.0402904506584819,-0.0505525434989273,0.0368948390123905,-0.00487603384282834,0.0120410065287701,0.00343331267459633,-0.0254336379802359,-0.0351177256004852,-0.0211958661332211,0.009528052310483,-0.0117904203203676,-0.0142536832933512,0.242934923515686
0.351584414145384,0.416414890193596,0.0408265150788159,-0.272354659352784,0.148277245561316,0.0987441566379304,0.0441056670464089,0.00338728600028652,-0.25258463991439,0.207803211836857,-0.183158017423754,0.142187821774912,-0.0154706072735252,0.01933635982951,-0.0342587760078461,-0.0403478945328801,-0.0139090197703811,-0.0450204277295614,-0.0419932195540971,0.0843047427275632,0.0484789523943032,-0.0708041636241274,0.0493983742464998,0.0132804662939705,0.0186549419311466,-0.0225869281454485,-0.00653806245103065,0.0164910049494222,-0.0169956144592586,0.901477832512315
0.429213777808878,-0.81716765097226,0.742809841494442,0.246544052742532,-0.261102637608067,0.0521893887558766,-0.169769720131999,0.199855164537247,0.126005169559636,0.0631625150702191,-0.0629466898818678,0.0114114427802001,0.111197891063616,0.0239889083591038,-0.0504952378191604,0.0394050718375082,-0.0686749550035199,0.0167029097627418,0.0238987079893634,-0.0174291515907745,0.000902431853203467,0.00200766937276252,0.0646232256858842,-0.0418448078564948,0.0150256938112283,-0.00302704447332745,-0.0259522958364446,0.00368595328853645,-0.00739616101490451,0.543686803214934
-0.0406962284590132,0.248108785078197,-0.514432589405546,0.821740924792738,-0.330081645061295,-0.180723353996305,-0.27101756759446,-0.0434119170218343,0.102576583239964,-0.0928851496214622,0.131097808296625,0.0377636816627203,0.0712655338331342,-0.0975552391838019,-0.0826693617232683,-0.0227379887541064,0.0169118303654402,-0.0690107086235349,0.0854740887634182,0.0221234958045786,0.00569310713025485,-0.0415639058061398,-0.00723460945515711,-0.013617170145009,-0.0126542346339091,-0.0207316143951635,0.00296950544074375,-0.0135630916306379,-0.0035125878368031,0.491833030852995
0.50235288779457,0.0340652070323214,-0.286532178139303,-0.0250973362187759,0.0540462493855585,-0.0527110424365257,0.131319039182848,-0.0427838121478927,0.0282004050020926,-0.158796704831572,-0.102169170649128,0.0613552922942233,0.104461427348492,-0.0434948621729951,-0.0187175083052471,-0.123369440946904,0.054981209940906,-0.0563331763456463,0.0855741245524362,0.101756668210246,0.0474777477226019,-0.0603055212749628,0.0298927050097992,0.03918643358991,-0.000347471694985775,0.00795415600754217,0.0210242710014634,-2.20589214472489e-05,-0.00517297211352629,0.429608504018667
0.413211881230173,0.613231835785352,-0.360805434710457,0.765600409787569,-0.25763005002657,-0.31435155308682,-0.174015183054235,-0.087234582599599,-0.0637420202680282,0.175440041363841,0.0103092835947143,-0.0338664595354632,-0.0970855772421963,0.00315421583231131,-0.0912021935481263,0.0329420473552611,0.0382347398858083,0.0182067642393048,-0.0931052226190264,0.0763736142848868,0.0460968576815268,0.0392058456298822,0.00566936693589069,-0.0216233949743734,0.000701634120610291,-0.0180870904159031,0.0156525866275416,0.00844331516359435,-0.00160929834560299,0.36738397718434
-0.0729932014052965,-1.06232764046193,0.140214754091595,0.263195375041776,0.8550550942503,0.0752727711503824,-0.0615259689890622,0.245241444464393,-0.0228574838110111,0.00645607648549071,-0.0318524909316147,0.226735556094241,-0.0130105685134818,-0.0680901769905644,-0.219441138302443,0.00761640147664805,0.10028538639813,-0.000872658955337814,-0.0434863567417305,0.0350566659365785,0.00418757558885857,0.0995481768152115,0.000106332255463796,-0.0309290947493272,-0.0222981046163703,-0.0100620803472782,-0.0130290504730994,-0.00930318735911049,0.00433838127280953,0.325900959294789
-0.643159155004649,-0.118478389704175,0.696341745616573,-0.107396965373737,0.49668420757931,-0.341972179032625,-0.0331981887634513,-0.0464119020944575,-0.280345082950865,0.0430959477546854,-0.232121930008485,0.0473549673122951,0.061040806790236,-0.0135351739251966,0.0508102353263725,0.0288498204229632,0.038655242206036,0.00567116433882248,-0.022569944606057,-0.0240433120763302,0.0444041818050016,-0.0351813280433923,-0.0422784234754374,-0.0632890609082485,0.0211064151636574,0.0111011084416824,0.00945887840821856,0.024142563572995,0.00708976643853392,0.522945294270158
-0.28936442442492,-0.467980630916145,-0.801082100631526,0.197607520852227,1.48393223793049,0.213604710990069,-0.0384773672460352,0.178541221210437,0.454524649117076,-0.382747416019551,0.181304686117921,-0.288245959084593,-0.0902497378121405,0.173274909322389,-0.0937056613881973,-0.0677807841248066,-0.21833881290697,0.0967576978332007,-0.119383594310184,0.0721384298857591,-0.0264920254262769,-0.0596152201161002,0.0262523693603632,-0.00831332648983477,-0.00149124380682902,0.0195216723693627,-0.0101608331934575,-0.0231089807181105,0.0217276920920284,0.0251490795955405
1.05816723254573,-0.0524271638941268,-0.222308654792734,-0.191768807753675,-0.261443431932621,-0.404406885514736,0.0523822205536856,-0.0174224833758317,0.020914617750815,0.459032580610802,-0.235718682069884,0.35459307037798,-0.330590827102297,-0.0659402109607308,0.0196123654716606,0.0741385933774728,-0.205867351361738,0.193493312542185,0.0488869106934808,0.0511038170818706,0.0547228877087548,-0.0866846494056597,0.0769590912602645,0.00624158055399308,-0.0148787761669685,0.0570516697724792,0.00457800842491618,-0.0381496298713112,0.0400334209364751,0.450350012963443
0.838052347242131,0.0763488501245605,-0.211883986788632,-0.0926835074173153,0.183184625829041,-0.410037417177641,0.133824066942129,0.129250933726346,-0.115220435959485,-0.0740582997311977,-0.111055730943181,-0.00392800747157807,0.201725768184375,0.0409111449217517,-0.0102732777644756,-0.0778107327944431,0.0125581272269497,0.00288885452371136,0.035386470635014,-0.0529918235751375,-0.0288157243167897,0.00908663907215216,0.0127653696653265,0.0121602578705596,0.000119309979238741,0.0420460908084525,0.00146623063896383,0.00409086022316152,-0.0252317275332717,0.268861809696656
0.440250257566401,0.411309918765129,-0.142544279252256,-0.125938926239291,-0.274211059179913,-0.206307024426851,0.250837783916081,-0.192315254323958,-0.0426499204570106,-0.0796509446913158,0.134924547099035,-0.111187379349409,-0.0906446749484467,0.0166986319301819,0.0113703697371361,-0.15941989244708,0.0165885898574822,-0.0323342561217335,0.00866006160997865,-0.0197677216412674,-0.0145991429201882,-0.0280109099871188,0.00530734941631479,-0.0163104816820641,-0.0137171901618281,0.00447103295240475,-0.00721772946212904,0.00482491428444133,-0.000168250102052998,0.585169821104485
0.313190377995843,0.0720149405662649,-0.313666023735539,0.0696394740950586,0.129410140540225,0.0915354356403167,0.146988169330882,-0.214491674208831,0.0954368547261254,-0.332034112472979,-0.257797678990609,0.0147399380648939,0.0384515185523057,0.109915920410231,-0.0426299318226237,-0.0790511463492798,0.0245612328145861,-0.141483022194208,-0.0313538425036059,-0.0309197308655695,-0.0270423866567849,-0.00249837953939408,-0.000376703926186489,0.00727406794286224,-0.038494825329666,0.063090645520551,0.000849824873392833,0.00404441143962479,0.0112266231059922,0.362198599948146
-1.29795698887243,0.621493118058059,0.606808649973311,-0.119359058483427,0.0287044135749699,0.511415715198894,-0.138667907103821,-0.243079476086512,0.266697799944675,-0.162711379484986,0.122731574093888,0.190586187227531,-0.0419354610491648,-0.0904502628691273,0.0993434697179667,0.00658898622928292,-0.042628358420423,0.0350078194193156,-0.000587458016272293,-0.0783830881034078,-0.0453750111914625,0.0377200225814106,0.0306310844873261,0.0800713305903497,-0.0576568681249295,0.0140852525514939,-0.0148136815401298,0.0370043173960746,0.0130603427243906,0.53850142597874
-0.122972863533284,-0.593119473669812,0.474843115573626,-0.0349825479927564,-0.0654076225339921,0.189021782110875,-0.354746821609583,0.0250380320579026,0.0250184212367487,-0.0690074593759122,-0.00909118371084634,-0.212668669254769,0.00749505586613877,-0.135580458812411,0.11979741516409,0.0912876597359367,0.0361259742601019,-0.0206667064947577,-0.00807183949326646,-0.0100366401910587,-0.00140441830316932,-0.0393890950943217,-0.0099530366991582,-0.0284292879434409,-0.0173295184284197,-0.0121088045876672,-0.0121456955339224,0.0136076783458379,0.00935555060825749,0.331086336530983
-0.0151520454958117,0.164004520454905,0.187545270794661,-0.237694159902236,0.156335169331318,0.0546316210881641,0.00176689378034993,-0.0432856098087184,-0.272852120284233,0.151673738077045,-0.0289554590792627,0.0221892900032793,-0.0144121522510694,0.0565127639781933,-0.1086007640698,0.0231264879971883,0.030166352541649,0.0419995259150062,0.0273771031286877,0.0819207021472648,-0.128408986035753,0.0703020794838324,-0.0394508969087168,0.00164140108519336,0.0531683106360771,-0.00778414824989461,-0.0182084665976343,-0.00503211486688684,-0.00151936351020671,0.792584910552243
-0.738476631461899,-0.487555957551989,-0.685888098827346,-0.28032383197582,-0.300243149841587,0.278800007395236,0.222790767681053,-0.0413119971570259,-0.248917538370835,-0.12699768000517,0.00694195004433981,-0.0209318915417916,0.0380917873455951,-0.0445980415281483,0.160568189948572,0.0817864429550618,-0.0985686906036221,0.0189697577219059,0.0300269675840391,-0.0154896707357422,0.0530827205640387,0.0363014660187428,-0.0244864250288669,0.0222921053972856,0.0219559124335004,0.0141142027164085,-0.0613789123420298,-0.00565176420649112,-0.00804480053483362,0.740731138190303
-0.183600656373017,-0.475101042534243,0.459314483938059,0.0241298866599282,-0.37339254786854,-0.510611876605345,0.0683013235580949,-0.00838119149903296,0.0378759814215114,-0.0548213519621093,0.117522911558509,-0.0907011074459501,0.0891863622326554,0.0683486110625926,-0.154568369456392,0.0412129882559247,-0.0591933907264486,-0.0515687292744785,-0.00451367885464132,-0.0311877295219538,-0.00460945512261148,-0.0383856885143726,0.00537049169386924,0.0339309876317848,-0.0305607350533629,0.0118381393653108,0.00427016108548206,0.00981640287028611,-0.0109884870115457,0.631838216230231
-1.39913419656776,-0.153129411398038,-0.414167487311632,-0.249774656013221,0.507946607356167,0.111561858516283,-0.297678416286335,-0.280219938669149,0.641130020617733,0.099656248853784,-0.0503638882232063,0.175381049644041,0.0753535804729285,-0.14462272441425,0.209472017373445,0.186959297286675,0.0209070820100153,0.0109742715720447,-0.0276447944236467,0.0351603941689965,-0.0530236717515797,-0.0997349825616503,-0.0961351974733349,-0.0312667894804787,-0.0124642509025969,0.0326296996258229,-0.0179955681025292,-0.00139127595017056,-0.00908301724279788,0.398496240601504
0.949612911660487,-0.284711649286978,-0.0409520216206616,0.0636428954291791,-0.21071817073648,-0.316574771419804,0.160057998532469,-0.13536818652763,-0.115197765445667,0.0423744919584461,-0.00815551324408525,0.114399185739366,0.109956450593775,0.121821555188458,0.00241051051362965,0.0216173523992719,0.00396732864797012,0.128341759559855,0.0137070891918681,-0.0219277188066908,-0.030099061039343,-0.0322905035478437,0.0350692062287565,-0.00199486436496329,-0.0457309322943807,0.00174062929896186,-0.00496001024961892,-0.00121427165083024,-0.00853505256349741,0.113300492610837
1.05746275944803,-0.240571413231643,0.162422775530584,0.210155111980927,-0.20508889381312,0.488095553024494,-0.035882040942418,0.046140200394207,0.211890504691357,0.114715822212261,-0.103385398546797,-0.0126689508091238,-0.0133812007510771,-0.0398413276072797,-0.109608565292505,0.0223185735432565,-0.0633277079278662,0.0361065731456164,0.0375094686781021,0.0199382929710103,-0.0388461874949825,0.0263034332709187,-0.0123051692524553,0.00965256143354883,0.0242091345606316,0.0361852394766663,0.00308398911608656,-0.00522041660601898,0.0247508956539796,0.362198599948146
1.1039690262705,-0.101675290567169,0.0505611260505613,0.0357106114922037,-0.43177885989279,0.558050896544157,-0.235191979123434,0.0588953958309069,0.2509946895318,-0.00437266110682981,-0.044821176130636,-0.0870610396528989,-0.0629904193425941,-0.0293174812005344,-0.0392191865236606,-0.125013419129563,-0.0566726521863245,-0.0481156891810707,-0.030017297102459,-0.0134964311088793,0.0243399872182796,-0.00111036917765959,-0.0401004189058702,0.00736426434742805,-0.0337992002459045,-0.00408241083125926,0.0104965774469231,-0.0175428300015539,0.0248448413501855,0.0614467202488982
-1.43141444081734,-0.267070985933372,-0.76026910329454,0.566821131691987,-0.207429288523986,-0.0694189073580122,-0.655203872362487,0.0780476551467954,0.154211502814293,-0.349595059280084,-0.0707597399467431,0.428804871539392,-0.174752177336532,0.0816704185239967,0.0888030588257537,0.101465143175897,0.0318006025298712,-0.0189483202641199,0.0368139295858515,-0.0556563925218645,-0.0831461602047207,0.021666889289562,0.046596526125671,-0.0207881892625777,0.0135163259018575,-0.0243112040612711,-0.0109181418322361,0.0025528958458048,-0.00595322496224851,0.445164635727249
-1.17108144316392,0.447062844085775,-0.0526366284444072,0.471186334327464,-0.250391069425081,0.0834460810019522,-0.308048067340047,0.132331372943597,-0.326461343915033,0.137175371975068,-0.292938268026879,-0.0950339872511722,0.1426913480438,0.0109662313877227,-0.0700921051271842,0.0604675361324537,0.119847150093455,0.0206165190686119,0.00161957293558582,-0.000295788487985016,-0.0653042713404768,0.00392337034040819,0.0457992695652217,0.085585865947439,0.0384674342029529,0.0113431445336916,-0.00894633263873518,-0.00924618107764811,0.014563769103695,0.948146227638061
-1.69169765960482,-0.0945940897688022,-0.783846345584217,0.719163784440967,-0.399231254977689,0.363116729097307,0.392509726035187,0.573372262998531,-0.125466691935637,0.351399245026555,0.00390966197049981,0.105016583642715,0.118138546713813,0.147184325654329,0.367958189432645,-0.118690375507078,-0.00555055414794993,-0.00213068779457167,0.010890862480881,0.0527359581843515,0.0225936147696946,-0.00519543878594176,-0.069706147603559,-0.0311908159747272,-0.0382977553466235,0.0152117145499136,0.00556998426972827,-0.0109728899759625,-0.00471669976290317,0.730360383717916
0.500520328664932,0.208381620192349,0.152136091595634,-0.0883294974091355,-0.138757317124334,-0.301976310700591,0.0862795217211938,-0.0704325027908121,-0.0301685447035874,0.0346981238098977,0.0370522997703842,-0.023508428187745,-0.124401035621655,0.117941458803646,-0.0325518377489106,0.074225014386604,-0.0107315311024718,0.0248104528093496,-0.0839555787491097,0.0360485888304262,-0.0232056495398756,-0.0116526619042835,0.0436394402271873,-0.0298248984129376,0.00507185796823872,-0.0248852203886701,-0.000903685749959957,0.0180073471043398,-0.00921483326928426,0.751101892662691
-0.0815580979695594,-0.223371422398029,0.446142296788416,-0.0426293905421851,-0.214345130903907,-0.668116810139247,0.0993546591515644,-0.0656125679715949,0.0212086913916263,0.0831245157157378,0.0820117155131488,-0.0921588543074418,-0.0850562168177827,-0.0362632194184005,-0.0398319047162138,0.00414578793095807,-0.0734219315063427,0.0269818905278439,-0.00352874822258362,-0.098688098606813,0.01919460637283,0.0409933573181911,-0.0289866583883551,-0.00641313370542469,-0.00380745971073886,0.00149246633769917,0.0260757408800518,0.0081435019236516,-0.0164220203416104,0.543686803214934
0.69876187029942,0.222269920763482,-0.170400301735778,-0.00478293020964248,0.0353235490570004,-0.239342690308171,0.172221859082976,-0.100096314946034,0.0926502926979906,-0.0518084069635038,-0.148043680413906,0.0165327021203714,-0.174772664814441,-0.0367385837549199,0.0744454648237484,-0.110876119814444,0.0577991332419331,0.0216829666886475,-0.0728188575794586,0.00865553985561968,0.00141885378075723,-0.00287206779847337,-0.0121101837626055,0.0136867660187524,0.00200745081980036,-0.0110890694880076,0.0217931331215889,0.00845003749072615,-0.00631668848290229,0.341457091003371
0.922675210099975,0.00803269412978275,-0.297640416391057,-0.0397771601109078,-0.19181114217996,-0.586558858096805,0.27194546721672,0.00782043808635235,0.0484910736269946,0.0509311399056819,-0.0328511824901378,0.0530013480330098,-0.0230760457565891,-0.055692641971857,0.0389029687622927,-0.0840416462535938,-0.0331805329916165,0.0275111392293532,0.0237216363633686,-0.0911244706852914,-0.0272626964024271,0.00631211300578634,-0.0189899694788203,-0.00415969375555059,-0.0281635602026724,0.0248223523782098,0.00158746988814082,-0.00532553764590738,0.000123770764377576,0.149598133264195
0.113022339208499,0.458894421813317,-0.293925785128386,-0.328691462962172,0.291950849943354,-0.106108959008042,-0.00634914753899314,-0.146932187367286,-0.118271727276729,-0.00605155184874909,-0.110021112721003,0.0782873120807492,-0.0677382167217626,-0.0483059080545022,0.0285768828263119,-0.0519378728392444,-0.0659826257394228,-0.0523879708243096,0.0120945074050242,-0.0847593865972684,0.0189573016559087,0.014859396519902,-0.0397331456485134,0.00771662078322838,0.0309962352562008,-0.000775756335924581,-0.0213041055614671,0.0148606432973695,0.0112171284357005,0.647394347938812
-0.868527619040728,0.628280260454136,0.337161774502438,0.818413448626876,0.153600050769263,-0.424798872618531,-0.0441172152114175,0.262117412896566,-0.188149021429496,0.0458030003106524,0.153413385652591,-0.168311974676837,0.0978366926436314,-0.0551820948222924,-0.121317078457623,-0.0683983806102614,0.0527932120925486,0.115408381341922,-0.0119207441676827,-0.0280286804449714,0.0140482290916285,0.00303983580888718,0.00419660663124447,0.0820115306746055,0.00412583846307863,0.0451109624573546,-0.0284562201154119,0.0076129299523322,0.00770658055807667,0.206637282862328
0.425039803358131,-0.275875603589364,-0.142956105545019,-0.0140212995812181,0.160410294566334,-0.0513356912135833,0.0538607967832866,-0.349045203536217,-0.175132333517354,0.0467801183698446,-0.000328107684164194,-0.0780823866335248,-0.0846545166979864,-0.11134538763574,0.133369852272822,0.0847452265662768,-0.0423988608334307,-0.0341559032539114,-0.0610154558861854,-0.0403370959355731,-0.00922173256017065,-0.0204030895331196,0.0181438563463235,0.0300046002030381,0.0352911222258684,-0.0335726921806034,0.0173354815112335,-0.00452073429178283,0.00317753951293799,1
-1.14174933716352,-0.521241075570324,-0.356091364376768,-0.446904277924807,-0.60084914643901,0.238133483445811,0.00341247250347265,0.283650720424735,-0.0963100963575387,-0.0386877653698372,-0.100643123659418,0.0113094978252155,0.139995248540792,-0.0835890090041693,0.130690228691933,-0.00282709966358959,-0.0546818698956145,0.0271226449607041,-0.128103808169574,0.0464752832730846,0.0534959140566154,0.0706923998503114,0.0322351802808117,0.00416468687767275,-0.030451210541849,0.0237220659048779,0.0325369824240756,-0.0039466041480893,-0.0198685657245852,0.476276899144413
0.873868850412727,-0.386206812130597,0.350089939192576,0.353762102645242,-0.0847670340628614,0.647474464376491,-0.0387049227137664,-0.16200589050616,0.110594116579933,-0.0247000724308317,0.0757877950199172,-0.150622929705329,-0.0395736616701692,-0.0775139734474614,0.064847598185625,-0.0182674511250638,-0.0318004347728795,-0.0139592027979971,-0.00373241651062939,-0.0206630142210862,0.021702340369331,0.0101883516390805,-0.00951461521983995,0.0117875029299278,0.0187026319050036,-0.0123172706640527,0.017370385194587,-0.00014492990515405,0.00605320172648439,0.745916515426497
0.318913293092876,-1.18622112947733,0.129429590307558,0.690686739343519,0.443502587438452,0.0589425097795569,0.637728598540412,-0.166409817904662,-0.25446091381818,0.00975732546168391,0.278245302980565,0.0730100149042329,0.0460219815083753,-0.12700495737885,0.147400622856948,0.0977559360518311,-0.0328667447868706,-0.0018372579720314,0.0380078994066777,-0.0354641404527578,-0.00150775143311746,0.0168541438659234,0.0263446999897704,0.00797091235750241,0.016896230112085,0.00332050653122426,0.00371929628841547,0.008340442991182,0.000179285810059717,0.22219341457091
-0.046721784081755,-0.103706371519852,-0.228840002773824,-0.112170372090615,-0.0355008049998636,-0.347941744122776,0.143108801456663,0.139287342347487,0.277321356803905,0.0785345236787138,-0.111113363599958,-0.271657030242596,0.102491122570849,0.266093916864771,0.25922429534245,0.12924925770012,-0.110185207422142,-0.0974905415938376,0.0972266394820418,-0.077729298831268,-0.0756063442053522,-0.0307817614649211,-0.0534949111097094,-0.0130075812794875,0.0569106608055067,-0.0121312300715643,-0.0190087917459105,-0.0121878338094172,0.00993808120018246,0.351827845475758
0.717524847121405,0.147128377107804,-0.345253013702548,-0.106757768077385,0.252061556557437,-0.422761803925677,0.159867360534558,0.199279796832545,-0.000103360742640121,-0.104191856733305,0.0017642627851092,-0.118877118264767,-0.0600641240310322,-0.000142335446145627,-0.0480964466087284,0.000403593753655223,0.021290712968067,0.061328445998294,-0.00907295209510118,-0.091681765309837,-0.0337350622536673,-0.00247709277133931,-0.0239341836028077,0.010983077561583,-0.01331354643427,-0.00578180445466195,-0.00345232737221409,0.001384667172149,-0.00342782922773134,0.280010370754472
0.0567870856720231,-0.0858644387662478,0.261040033451393,-0.121829481701233,-0.143668294420121,-0.245024782340599,-0.169167523374864,-0.166439863463519,0.283615338669237,0.26959084404768,0.0982356435847602,-0.0550611680999896,0.0495872712863404,0.304959732710797,0.125061845876981,-0.117305391106799,0.0147528963717604,-0.0321743947784105,0.00252706362285676,0.0284967447333714,0.0156858655194041,-0.0207416204434478,-0.0089498067559089,-0.000735023597502538,0.00024030436160776,0.00370384069044169,0.00906248910121759,0.0116350027509045,0.00752109879077126,0.585169821104485
0.187990636165463,0.168202961542826,0.0897411144165186,-0.0843659083493145,0.162457133082451,-0.195230095180206,-0.0394636055611881,-0.0369037485121968,0.0120905149176537,-0.181337740646335,0.0365063400283604,0.0163038888375823,0.0852693220569462,0.000643460447992524,0.0726597967395554,-0.0120729988022323,0.0362827506172412,-0.12897428662122,0.0861249473204167,-0.0282904156961869,-0.0378380734464321,0.0287285771006236,0.00933775741877866,-0.0420374198002002,-0.00452522310088607,0.0510149128963643,0.0118105860692453,-0.00767079603999234,0.00227465891431971,0.522945294270158
1.22022577984151,-0.121376250595893,0.191729744158987,0.0539851936063438,-0.0292805131075395,0.784714677307658,-0.460174914963749,0.369144921437626,0.285474714016902,-0.00478126059096777,0.018160876069662,-0.0780179018412072,-0.0944882235918019,-0.0255159841698295,-0.0554108027006376,-0.0250902712897962,-0.0272014088367902,-0.0333037085232644,-0.0350372199648131,-0.0259526341470659,0.0199184491755969,0.0230392279645931,-0.031659427965613,0.0273997322308279,0.0344045244481868,-0.00396038436661094,0.0144725091277093,-0.00138965083745903,-0.0144890193361785,0.066632097485092
0.116228245047782,0.577901637687496,-0.206209879528677,-0.420524326329883,-0.173360996501501,0.0994735612426378,-0.0886666733445357,-0.175219890658015,-0.0927689361698751,0.0490834191923435,0.235771322694917,0.0429260108733806,0.111495856585152,-0.0254818566364111,-0.0427954691674382,0.0255410411050932,-0.0723334666393488,-0.0215206049974247,-0.0284259350733256,0.0264060387922859,0.0426493142062903,-0.0129833612968917,-0.0165380720106745,-0.0103686897941549,0.0149113465719164,-0.00941420765232011,-0.0112225592493015,-0.0305541645280489,-0.0187413853862143,0.611096707285455
-0.386283409308539,-0.467091930738445,0.521301690942408,0.0898421202352402,-0.0414038179773591,-0.132362744434546,-0.067841230155905,-0.0178357362867629,0.0812920004434168,-0.241410518176054,-0.154954893980908,-0.212478040701083,-0.111384776062921,-0.0174534194515725,0.0451001538339641,-0.0686128761313601,0.0194498247931342,-0.0533065062352255,-0.0382422553899786,-0.00255701836640018,-0.01522645769571,-0.0676327490906614,-0.0111889468392902,-0.0385176451852802,0.00516046502492855,0.00713549729988688,-0.012233949123737,-0.00138246877674737,-0.00446891569498053,0.51257453979777
0.987656754712924,-0.243534913347716,0.407083529847465,0.220341386497248,0.0184561797149631,0.531031973986004,-0.054847980939828,-0.0279194135596144,-0.0445840961582459,0.147336009951891,-0.118500238515294,0.0537706170373665,-0.107925301272462,0.0126289145249645,0.080910673632251,-0.0129919778365971,-0.0380581217013129,0.065873701047623,0.0575207015928286,-0.0297104514163416,0.0204933498749355,-0.0310107865282043,0.0182051099855032,0.0174044879493563,0.0286655369731806,0.0157803366844799,0.00593867104318837,-0.00419358003014413,-0.0146969083330652,0.315530204822401
-0.634929319000627,-0.646362222294134,-0.318468106302057,-0.263142751869364,-0.165468253544087,-0.0987150792484402,-0.135163026433755,0.17684694497301,0.271382821160626,0.138001065638706,-0.02756789082402,-0.0823002268822877,0.25112275123352,0.197268851740902,0.166065603187564,-0.132399099957914,-0.022256651471375,-0.00714856992469157,0.0358994900339631,0.0564251100466361,0.0619032096507651,0.112076361416248,0.0645548926593885,0.0894695424074845,0.0242418414426454,-0.0473253602265441,0.0122502767952705,0.0120386625220636,0.0346299989172877,0.642208970702619
-1.46176100240838,-0.318853736062185,-0.565744632799316,-0.340448396988974,-0.196832107556031,0.438024925946563,0.290401832840344,-0.0400171786643799,-0.261854326687401,-0.252701018924635,-0.231809432206534,-0.151439329492242,-0.321055474767375,0.0574557369621264,-0.0577096331723019,-0.109810300067092,-0.0358390151030598,0.0403879238302457,0.107068342765498,-0.00949966951837652,-0.0303140232200893,-0.0394941438051208,-0.015418940039566,-0.0564273811388837,-0.0631017638404873,-0.0260179023435528,0.0166426310450331,0.0054131136188763,-0.0143168194272828,0.866995073891626
-1.69511744240481,-0.40292824987178,-0.876697409147009,-0.44739481983679,0.312999283732726,0.330989345093533,0.227568420678004,-0.152260688798076,0.603991317489831,1.19068372022052,-0.0427510778291123,-0.236347615054176,-0.0920239648360225,-0.146896346069646,-0.182115476560665,-0.0701758361045181,0.227287508068655,-0.0891097982399739,0.00516219130707076,-0.138359804875485,-0.0410471645133562,0.0239932435813458,0.093507533273897,0.00320760424616256,-0.0116357414305741,0.00490256159790691,-0.0110896138893687,-0.0142333389159572,-0.0129857399073537,0.750842623800881
-0.804533997540727,0.273225880614214,0.388148652400029,-0.234566636344555,0.236070056352258,0.0380761184582349,0.0383869329057709,0.396557961823349,-0.146482132860706,-0.138084977112347,0.148157326937329,-0.00588582765653905,-0.297547851689071,0.17990563001489,-0.0514507378049971,-0.134519105682279,0.0866514831295378,0.0620854348641883,-0.0314901351219981,-0.0249309548917705,0.0219044096490304,0.0485717175876441,-0.0146179297163215,-0.0280046181170026,0.0185275734821294,0.003492754110737,-0.0413867584297199,-0.0282933865661939,0.0114124083377449,0.426238008815141
-1.60262240725553,0.132223979914204,-0.212833931056518,-0.313642993735835,-0.0955053646498804,0.453556855418824,0.390865398776593,-0.0847139635952917,-0.195152832651232,-0.00156166436192222,-0.0673350076038674,0.028169512115715,0.154427165107719,-0.0756396616507571,-0.234833329891268,-0.0709307591171415,-0.045449382610921,0.121763138702352,0.118151742438799,0.0112553074785315,-0.0339863908398275,0.051328468359,-0.00337691898615709,-0.0585247654321143,0.024458776948113,-0.00057139949520696,0.0493025203467916,0.0083379733409808,-0.00457940805489928,0.826030593725694
0.497709432864516,0.0481759859586419,0.0994597016049759,0.0193546735929684,-0.0477429645469553,0.0358404055744874,0.0657381909810773,0.00454737284118486,0.0741239915881901,0.0330724174549255,-0.0222109795906985,-0.0383280421379278,-0.0213581872347352,0.10705333805461,-0.20879488234987,0.17252466976777,-0.152031840708711,-0.0302152798436859,0.00828407454160912,0.0237413038458867,0.0352786639340995,0.0240158328951092,0.0541749790375566,-0.0167817473714467,0.0205991481619142,-0.0367274183085562,-0.0190928494341101,0.0197223952932569,-0.00204697481104591,0.442312678247342
-0.381131852055436,0.205910398306904,0.587830019892908,0.25998580118324,0.114625368883314,-0.353687911494532,0.498158359972169,-0.234848993280372,0.324323053836443,0.344153424785945,0.057454129470568,-0.0781319682346187,0.128614371487154,0.24015939066475,0.0427129271826387,0.0176491602963642,-0.111158626700522,0.00530040511829327,-0.0258714790763417,0.0237828149198761,0.0403211824357864,0.00537429623841374,-0.0491209931139125,0.0185710019941426,-0.0259014974322839,-0.0251222562031109,0.0103553500134154,-0.0118731202990941,-0.0159939940244594,0.554316826549131
0.0417268877023213,0.521741663350782,-0.315286416701371,0.670175835563634,0.104317196453321,-0.0403408140776658,-0.272970195190833,-0.100892841257542,-0.297839948801241,0.247534528205416,-0.226130541746647,0.0178445930336729,-0.00170620213941692,-0.0482998463841381,-0.0599899846278288,0.0653837821964626,-0.0545169996619551,-0.099775974320677,-0.0393887906594965,0.00318398918973741,0.0549490394829609,0.00332114303653132,-0.0466379773690641,-0.0127067782077482,-0.00241192837703459,0.00411944196752848,0.00417843613329028,0.000936792692062226,-0.00125277972040832,0.818252527871403
-1.76601545048816,0.777038003951597,-0.232875399250923,0.445284760552026,0.326800313799387,0.117317112555144,-0.723836056421794,-0.303251704223411,0.308345391782085,0.114461312268807,0.227639971598355,-0.0630943374499592,0.000888101704923708,0.218661768879414,-0.0388649460866494,0.152652250060496,-0.0828429268220703,0.156262692293797,0.119576729634028,0.0252667335383979,0.0401265881734394,-0.0300085261301535,0.0455468152161477,8.02616063057718e-05,-0.0326507543780906,-0.00119678059681208,0.0172868054290567,0.0390593614192492,-0.0278579453769839,0.475499092558984
-0.0929684474616377,0.0633561486705287,-0.277779427729778,-0.0603233423080953,0.226391123150365,-0.221569152944725,0.15798071190713,0.148252641972789,0.124765695760483,-0.304410238219207,0.0596950473808115,-0.163230079648027,-0.0908516640090583,-0.00851436193564949,-0.0734951735500425,0.037314783653329,0.0821570929692675,0.0215885555313464,0.0800739083767899,0.0612531733561192,0.0413010002329075,0.0295198150565044,0.0357269104422954,-0.0164071790282927,-0.0198170257528201,0.0298397026066303,-0.0149946180642594,0.0155458713235682,0.00153687103869345,0.336012444905367
-0.181971990252481,0.154311504048088,-0.622725132953762,0.709716148722752,-0.173225829686181,-0.339391384352095,-0.249687653740574,0.097746602846458,-0.0534373881553728,-0.110638300193087,0.0650681263216585,-0.21225396750057,-0.0222181418450532,-0.128042717834094,-0.00878200279704403,-0.0271742342896986,-0.00186384168065545,-0.0303289169112431,0.0771423994482941,0.0476976239184484,0.0167249532312945,0.00984038067754523,0.0349437969476852,-0.00898748685499129,0.0214475335441625,0.0270175094498353,-0.00526762781389553,0.00192674594590878,-0.0159697129729202,0.446460980036298
0.204616011512385,0.823638220055341,0.225323435544043,0.115900551635756,0.0242660849801575,0.196872680964738,0.544787478579139,0.155677365963508,0.0514797065291392,0.0128063209922234,0.249035925082232,0.0478702436023664,0.0178003606557921,-0.0462489498956644,0.0773265911349251,0.0468977781212253,0.0707973931779314,-0.00998109434547873,-0.034479665370377,0.0415348983100675,-0.03045780410374,-0.00688522417204937,0.00135298022672871,-0.0572607480190132,-0.0202735996775344,-0.00195412744009033,0.00185609001676448,-0.00899431141815372,0.00335152171543637,0.303863106040964
