data_pca1,data_pca2,data_pca3,data_pca4,data_pca5,data_pca6,data_pca7,data_pca8,data_pca9,data_pca10,data_pca11,data_pca12,data_pca13,data_pca14,data_pca15,data_pca16,data_pca17,data_pca18,data_pca19,data_pca20,data_pca21,data_pca22,data_pca23,data_pca24,data_pca25,data_pca26,data_pca27,data_pca28,data_pca29,data_pca30,data_pca31,data_pca32
0.414439852142145,-0.297732718392266,0.29353400165816,-0.260874662796779,0.522733168170589,0.256031726346217,-0.110698725250415,-0.0190204455709238,0.0858060084833271,0.112191425005084,0.0640626578910054,-0.0338954507086455,0.00797509598711549,-0.15765861233106,0.027951589192608,0.06811601567712,-0.0125053844896288,-0.058896409791722,0.0118634781322437,-0.0659968965934205,0.0285458280385552,-0.0397816675116133,0.0223833121378698,-0.0336910025046684,0.03609327142039,0.00149399701495074,-0.0250577525930572,-0.0043343761578478,-0.0220540589088025,-0.00920650199069106,-0.00150109652621609,2
0.819608179859296,-0.103146863937538,0.362951509181851,-0.157052793100186,0.272855773532463,0.0797886457211295,-0.215241296548079,-0.0344471015411414,-0.0885829817586625,-0.0539224357243686,0.232160884398911,-0.0213779182870371,0.0334193346141567,-0.0607398546719188,-0.0498469610550802,-0.155203076517487,0.090715946372713,0.0721536884220768,-0.064478081559778,-0.0920358873412714,0.0415880911861959,-0.0917858007186015,0.00135380839375269,-0.0351707807798353,0.018406245923911,0.0132955355971402,-0.0131230270979423,0.00360448245724551,0.00501955187579677,0.000660283749388681,0.00266208109720479,2
-0.675428841732403,0.0782171186027111,0.152818389551225,0.288257476252892,0.0970043567658244,-0.43432441710687,-0.203784359272901,-0.0956690870261454,0.27451162488442,-0.115854056036698,-0.0802938991820254,-0.147729368494269,-0.01938672769844,0.119735280442493,-0.208931986108704,-0.0720735075379555,0.0470769132222603,0.0246234243707888,0.0153579150539412,-0.034903973481936,-0.0597551990253944,0.0122350132682198,0.0365067022959597,-0.00774720682135926,-0.022729262957411,-0.00735662050284823,0.0113030993611328,-0.015627442107218,-0.00558398160088818,-0.0169286464250035,0.00600904932760382,2
-0.264906078353188,0.550215748315097,-0.233541478361196,-0.188671955644406,0.18776898949478,-0.26297007125655,-0.112216460833755,-0.10248051017155,0.0805893331645407,-0.0644541627739591,-0.319765319375876,0.0500658388895182,-0.0103309785608131,-0.0080865238709157,-0.070589817776283,-0.012643376311426,-0.0431039649088897,0.0891712510488393,-0.0602473219130355,-0.016112074717347,-0.0151050956688752,-0.0030771541492963,-0.0176582971288957,-0.0163619135078895,-0.0169359724730536,-0.0133588195202933,-0.0172389509636501,0.00195486628924476,0.00415056942484703,-0.00218509053895331,-0.00278300098890906,2
-0.19046454281041,0.364695407620895,-0.261089640463997,0.00767301589827725,0.250773097607374,-0.29991963414146,-0.0982724873519897,-0.223049164550411,0.0813756931156379,-0.0442183707241174,0.00303720431249061,0.0278193624235596,-0.132764488323337,0.0297800126345019,0.0948151722012143,0.10350265076955,0.0732046367464446,-0.0749417696138473,-0.0215747176893628,-0.00743914254962242,-0.00580077415098116,-0.00544661645914099,0.0177171751701658,0.0702866684867147,0.0260013552082763,0.0322593556659903,-0.0217452553842423,0.00172138654569169,0.0221866382528881,0.00433042282855456,0.00130094733569161,2
-0.186430342615251,-1.23309412034815,-0.205291781069679,0.0430725743164466,-0.152082122579501,0.0281210594940323,0.334932846815567,-0.492097902329364,0.00876830362840466,0.283816453327915,0.13020650352003,0.0275429546696991,0.0648599104516208,0.0768555174986771,-0.154996189602628,0.166789451803023,-0.0707702549955546,0.0323876410064781,-0.00190195835945915,-0.0198095534776676,-0.0393739360041725,0.0249875844218346,-0.0584089111651629,-0.0414276514926485,0.0446227057595469,0.0316735451167724,0.00205033667426664,0.00208503909824006,-0.0119616752016929,0.00489773560647123,-0.00572223324946633,2
1.01989804417756,0.131333606100226,0.368325632835151,0.958603036555546,-0.07464098991017,0.65143270970352,-0.277665805563433,-0.119488677267777,-0.185957838364473,0.178468643202224,0.493385993234261,0.130206889967387,-0.0239398475889516,0.213177130660774,-0.0533089959484749,-0.0957132061053004,0.0621482011382663,0.0618114847846209,-0.148972286832972,0.0597984572310273,-0.091640819914383,0.00474155698189224,0.0452387351620121,0.0262726120745899,-0.0390668059612196,-0.00160918118507806,-0.0296643849199929,-0.00379917718358141,-0.0169220967997826,0.00413598295674016,-0.00166759724048964,2
-0.870498417538421,0.238058335678593,-0.454173679818229,-0.0690060621831376,0.690165873201036,0.0859707708849126,0.050765623045249,-0.0471898989825954,0.348210569235903,-0.0281952890737387,0.0435682181797312,-0.126186086146904,1.12228556933538,0.437390263905514,0.469746054148241,-0.0433597496512047,0.0576842909934003,0.00846733167412304,0.00885163924866309,-0.00729717424788868,-0.00366154545664258,0.000638873433471914,0.000629830387358979,-0.00216588227136077,-0.00335408187760905,0.00232794269358373,0.000266815630397162,0.00017289722194674,-0.000177771032708161,3.98050863912964e-05,-1.61780135311171e-05,2
-0.306768135254599,0.492105562112449,0.316717483113804,0.246920891253116,-0.264682905660426,-0.0474656835515218,0.416047978697125,0.24799920195505,0.0562197299401788,-0.158539824584836,0.115655842513926,-0.0317227669975152,0.0288228333581711,-0.0809603489935279,0.0358686034551265,0.132011327555756,-0.0332914680601913,0.0759538510415141,-0.0139975914576218,-0.0745792842011276,-0.00864809916059752,-0.0209486424599942,-0.073100292712526,-0.0124559177875962,-0.0155532490503323,0.00396422984862547,-0.00883006098193899,0.00375721822004635,0.00934073312509681,0.00296677945643773,0.00320658103242957,2
0.793761032413206,-0.41236986721997,-0.0689766283274964,-0.592516645552703,-0.0160197936166524,0.212222676063192,-0.0906979050477029,0.0601300781108296,-0.0898193005873573,-0.113989131362284,0.0509837091548593,0.148136455601268,-0.182285790414785,0.0774396589830699,0.352307968131606,0.0367592023177796,-0.233805395841323,-0.0684189379768601,-0.198257981719229,-0.0871762285435207,0.0215236334471822,0.128930990344172,0.0274833072119355,-0.0244490796530627,-0.034260302969528,0.00531418742648807,-0.0413528126803454,-0.0132448248861391,0.0135643829591378,0.00463181152089321,0.0145071513721104,2
0.830891344787602,0.123558828878736,0.397661204835931,-0.361332578168411,0.211752374430026,0.0813665243415925,-0.270687816982197,-0.0296289787043224,-0.147667926459331,0.0654927979837539,-0.088632764503445,0.186905928193923,0.174820581709188,-0.0752940381624306,-0.207192816700844,-0.0619044936688188,0.10973695969064,-0.04782228849712,-0.0624734067422096,-0.0609145957885145,0.0515918343550777,-0.00136532267338922,0.0138627967683336,-0.0629504029385298,0.0604525763216642,0.00263502416767379,-0.0111737300241343,-0.0289359845638072,-0.0169943709020725,-0.0113522210168402,0.00710388451895946,2
-0.364749727736204,-0.880437788218571,-0.560080453611801,0.548300575342565,0.443916300852534,-0.661601536470899,0.0442497491432289,0.33954548211115,0.065132823285584,0.43179712042593,0.0833091511615299,0.0590219931659888,-0.115783274678934,0.149159097492885,-0.0229064886753233,-0.121805832886616,-0.17271880472677,0.045092748313522,0.0448362892958567,-0.0932686795476344,-0.0352354945307968,-0.0410113712848481,-0.000451734361468604,-0.0125321066177608,0.0122908282211531,0.0215751906287937,-0.0158701297213505,0.0133255771769411,0.0377782473539111,-0.00388481100149929,-0.0065952976905329,2
-0.167917228559733,0.0711096023899179,-0.232511107672712,0.0581025287298834,0.170792732153092,0.0749359508553315,0.313145412146821,0.0784385835351418,-0.013497814933392,-0.189626303955721,0.0276121876058433,0.0661274632729139,0.0532053105945849,-0.281416586571587,0.0557191605276702,-0.020691632712728,-0.0117550849526171,-0.00685504916901608,0.0169638653129929,-0.0689612869486133,-0.031200596505934,-0.0163536727086989,0.00585714427992311,0.0590885666235401,0.0337027497327566,0.0107747920652944,0.0445898732681119,0.0214831511712172,0.00745582129458084,-0.000432995017817978,0.0050665848655429,2
0.600636703606332,-0.219909110650224,0.568755910003772,0.357368022297961,0.380931557567043,-0.0297808648613876,-0.0675338426476,0.161979442709308,-0.163380636369341,-0.447008755511392,-0.063269612416032,-0.0283733490275669,-0.0239132889979553,0.140858829331759,-0.0311080766507776,0.0845363792932111,-0.0421465740368027,-0.00460924343735866,-0.0365751403678089,0.00616649979742012,-0.0291705953596349,-0.0654906006902974,-0.0216105380970974,-0.00828114444974089,0.0223142111946406,-0.00504888034904499,-0.0373555999171393,0.0116848148253728,0.00956061111828628,0.00180451348717224,0.00388674532161827,2
-0.117337333846325,0.627919643774283,-0.00627283581278232,-0.259069231956206,0.0374297514064258,-0.108079981460035,-0.0259951655553347,-0.256493580290919,-0.0087341752749318,0.35124066972526,0.0251409401120972,0.135335658868087,0.0191439416194095,-0.143067049842338,0.068882337587407,0.0281880533051946,-0.0696840392059492,0.036269190417622,0.0258409952504744,0.0169202453492114,-0.0554756606117634,0.00606093232749696,0.0268323736520659,0.0668362416434057,0.0269920746912241,-0.011112199336202,0.0171928783496864,0.000835851085343216,-0.0145567253645146,-0.00259436540809648,0.00532751741237267,2
0.986108248084583,0.585701033133467,-0.327983988674962,0.387358006490057,0.102515596045195,0.291381317869471,-0.349361138286839,0.0969121639023026,0.384449671903666,-0.0661648255667103,-0.464269585475436,0.229023193489318,0.0190807373327564,0.0047252402380349,-0.109934027026987,0.034200557271911,0.0232922845184534,-0.0171153434442252,0.0602273224601293,-0.0163579462379792,0.00836833053706728,0.0249298937992239,0.00882503002883108,-0.0340201123220025,0.000805791105303258,-0.0105161006922871,-0.0365717860595452,-0.0528326175285983,-0.0157379273243915,0.00686274591162577,-0.00347102764652935,2
-0.0858584037534821,-0.325093456525285,0.0369600018825891,0.00157905527990977,0.714526831353817,0.286752975024861,0.191303530770303,0.194037600532089,0.37766762936374,-0.0906539496695256,0.133195250743728,0.0156886688530943,-0.0365775880612326,-0.10826636919761,-0.0814579895785622,0.0364799800057017,0.0206634687050997,-0.00431117043307863,0.043139324524621,-0.0402778863065927,0.0503675896159731,-0.0247420377121003,0.00474525522055651,0.000650428755948407,-0.0529827068417393,-0.0368558033368046,-0.0145769184035815,0.00165646717479474,-0.00691384932246852,0.00442532861133744,0.00112261131919554,2
1.05982401591082,-0.502118394662413,-0.424531800659071,-0.546678888575225,-0.333261647702003,-0.0859333713000582,0.250356461119253,-0.0658028793046271,0.10016715930367,-0.175217783585966,0.0227881330444401,-0.181762723411251,-0.0193892777137831,0.0407535147476555,-0.0165552052004468,-0.0606721164488954,0.0496526800141841,0.00650276210382199,-0.0119550317974665,0.0558934235505416,-0.00694547201226066,-0.00206938306197687,0.00425611425603817,0.00277456429787082,0.0619816568919067,-0.000180721079346786,-0.026121439922214,0.0253207449672903,0.000860328868562121,0.00179203241756055,0.00517368848081771,2
-0.0535682336404975,-0.39460920363914,0.0636996187899675,0.0597500796842159,0.475659122629488,0.24763109697986,0.116951500610123,0.14726904162277,0.191008766192296,-0.13406451953989,0.234987648518486,0.0845579470801126,-0.00124482296117289,-0.0587122880461337,-0.0910192897241005,0.0143120750687119,0.00378687352161096,0.0402447928509791,0.0208409920447614,-0.0950478600160228,0.0620649124662381,-0.0568467602849112,-0.0118992051083372,0.035785947461004,-0.0279959146379941,-0.0175420703921842,-0.0176652785565722,-0.00769550643650911,0.00723855047226836,0.0139908662595844,0.00133219490808869,2
-0.819428564348536,0.109231767594472,-0.21818782403418,-0.162762988746294,-0.047703173990473,0.0582447581900185,-0.125772356389554,0.0539320475942586,-0.153381212139029,-0.1386156228633,-0.0811770205763411,-0.0445843438057013,0.0906080703855045,-0.117404948672883,-0.0917197114184474,0.0948460450076878,-0.0257215474837154,0.0156157666133581,0.0291828048188671,0.046106065379568,-0.0399439507833745,-0.0190244487986399,0.0132711899584532,-0.0515567754350905,-0.00875935132130018,-0.0506373103904193,-0.00122624360907407,0.00309277394357047,0.0106811320996107,0.00350106069936663,0.00360570663379657,2
-0.155685148203492,-0.146775554945182,0.0409632120041875,0.151814651106085,-0.489021094809456,-0.239614303100009,0.160163128224675,-0.0934447693143509,-0.0942879590002512,-0.117450834386977,0.0938718138120836,-0.0303060334604091,0.135385494509622,-0.0984430320893167,-0.046206684279724,0.0657118963678172,-0.099545415728161,0.0128924726965866,-0.0616673549815221,-0.104494218855215,0.0156419939456187,0.0364111700342495,0.0267263946086219,0.0555884051298192,0.0744795984562588,-0.0127311401154321,0.0169918233545639,0.00108769797277023,-0.0103956691453235,-0.00905962618747318,-0.00399195893487134,2
1.94470038148646,0.81207226993183,0.552498087912294,0.31203429135734,0.222922133990949,-0.843843860063055,0.275386159296162,-0.431838922439823,0.166840302017944,-0.0117956995690328,-0.324476789636684,-0.13582810384165,0.0127199128926209,-0.0698448903731407,0.0281920828902276,-0.110959560774901,0.037917993605016,0.00201951384303427,-0.0989935342342651,-0.0578908447011295,0.0060567146924057,0.0520233151933949,-0.050708371938369,-0.0187669211987171,-0.0167976888675154,-0.03952375356337,-0.00639429132006731,0.00309300974873752,0.00100339581979373,0.0506994405178884,-0.00721272544711212,2
1.21418437505406,0.348088321908355,0.515068321688701,0.309692551841114,0.240038804942888,-0.42062622503507,0.242377471811634,-0.143159565019806,0.0989789575121104,-0.148077217685451,-0.0917489568668713,-0.180144253887239,-0.0400217863331988,-0.0124225328496506,0.0597591499110043,-0.0522450451462538,-0.00552340044973759,-0.0994470190963306,0.096833546774649,-0.0167112950262391,0.0161137056662898,0.0564145114666521,0.0200505025563942,-0.0219236420696346,0.0611657419338906,-0.0321539951295661,0.000224064672537306,-0.014541768106203,0.0414168337274362,0.00912209102195915,0.00406812971556182,2
-0.469375267669627,0.437179529069024,-0.199063057201651,-0.275476528615703,0.0168719171028313,0.167761552441568,0.0444439242762417,-0.0299950195298689,-0.215592797198268,0.0775030677139246,-0.0242801152526891,0.134892492332659,0.0592407089493938,-0.121590718169599,-0.0424564501075394,0.0221619121116842,0.0911777344317046,0.0314453371943636,0.0445977577217095,0.0194483272367513,0.0150103639661736,-0.0444806156071043,-0.0169497986676607,0.00846170998616334,-0.021850873540493,0.00666266826628976,-0.0056609887049757,-0.000467916943276782,0.0109386501165549,0.0079701347214232,0.00208897383803464,2
0.28915966593097,0.264864295067193,-0.24882593130971,-0.169078853937968,-0.158022653668056,-0.184876486605691,-0.175186507360339,-0.275398822061979,-0.272184673096213,-0.0582957149049876,0.348960500185392,-0.0208342961738787,-0.0375659152530594,0.0817754107415643,0.00920772322627616,-0.101027267468633,-0.0263387798607114,0.0911778410855181,0.0712967662723872,0.00180455655745005,-0.0319937145544104,-0.0114652590366638,-0.0467114170556736,0.0112289904840295,0.0292656373558963,-0.0168180275388666,-0.0255948603183858,-0.0112215207440336,-0.0246396983004024,-0.004221598687877,-0.00403248304413825,2
0.224727600330579,0.765769604752067,0.0495032985976779,0.292636760659838,0.00768452906103072,-0.0976889658816502,0.563550619126574,-0.0681453443586188,-0.212464378219373,-0.091635019223439,0.134788160501514,-0.0787620009814753,0.0373756062678771,-0.00372028450239877,-0.0393293127059897,0.276095567711715,-0.0674005995565253,-0.0929977246055431,0.0894402288099717,0.0212962615593379,0.00204211144916103,0.05203127847289,0.023870751526189,0.0249237933720465,-0.0370320938567395,0.0352431926014531,-0.0120437022970572,0.000705286542891784,-0.0343051650972477,0.000603072752882301,0.000466778344408662,2
0.0881701187806968,0.440570840179842,0.0725798486778361,0.123212213078239,0.24199129927698,-0.116730854989111,0.0295864167344948,0.0316687854367996,0.157199292095126,-0.0218696322187823,0.320349112252752,0.312660561524827,0.0414882433064685,-0.0170530072133621,-0.118671635576225,0.00979076435418097,-0.0679170537258572,-0.0845330069565997,0.0777338039205702,-0.0345365504076623,-0.0820421361374594,0.0520259085786317,0.0463822631522857,0.00260836315012925,-0.0119629935600674,-0.00467352880106474,0.00188283504002931,0.0211939066578791,-0.00527814334175043,-0.000427968115353303,-0.00313742167007422,2
-0.143455118106275,0.525717838429016,-0.00666779175818008,0.510012626561873,0.419513651345351,-0.192782980634933,0.48513170409743,-0.0949431026728805,0.190083018389011,-0.0422957502520271,0.229470837193408,0.0659517146174109,-0.0831956815925047,-0.160274450443892,0.102600942328496,-0.103566737153747,0.0294105542640013,0.0250150924214541,-0.0656335172467071,0.056634402578122,-0.0760036515824523,0.0204773879584349,0.0178343828115321,-0.0070198285045411,-0.0265584633022681,0.023099871695193,-0.00542293240431388,0.0191533947635446,0.0108115109136535,-0.00453913915946212,0.00249712201945972,2
-0.514517350385264,0.0967904419379745,-0.193176994390625,-0.00650833989512513,-0.0959047089261433,-0.0234909781805105,0.0988514740992362,-0.102575422654902,-0.17236857206519,-0.115218911959986,0.00650952934661588,-0.0510661956391301,-0.0989012539263086,0.11167961441578,0.0374665079463653,-0.11127850592774,0.0277009862370204,0.0448125894372389,-0.0674541895243418,-0.114586219605587,0.066243503657903,-0.00876634608841546,-0.0679108315143402,0.0163109499443511,0.0430213477704791,0.027042693745529,0.00102054757002193,-0.0206484787613985,0.0121013045883449,-0.0054012888422918,-0.00302582058481344,2
-0.362708684677407,0.557327956962805,-0.366525643537668,0.667802442343585,-0.0374684496062081,0.608205394099749,-0.130305212119749,-0.026591334836981,0.165883430821382,0.228513430707391,0.0233438492874076,0.0315778335782471,-0.00306179949320639,-0.0950190219394127,9.06128628503653e-05,0.0263992481693752,-0.102251960832045,-0.010027316942788,-0.0221677146893503,-0.00993425555618905,-0.107954306737565,-0.0497624833394737,-0.0355819981760232,0.0344881566340963,0.00965742516369694,-0.00847021237787266,-0.0187421568511296,-0.00813855770462099,0.0148253935240932,0.000688890294780377,-0.000357374063182075,2
0.0458888770062106,-1.092523126857,0.048188663395754,0.38068950030342,0.216088357031105,-0.387966637073582,-0.140893849422517,-0.139415569721964,0.333191732250908,-0.299892324773812,-0.0272581253116262,0.025551280937579,-0.0714940073503206,0.133295347032331,-0.036804415181295,-0.045369918123982,-0.231292933327823,0.0740154351626443,0.0983834283888962,-0.0120974102436381,-0.0722504770886922,-0.0299274250567926,0.0772640028271885,0.0440948540941251,0.00896187607027528,-0.0182014039695852,-0.0265288747703918,0.0136458887052387,-0.0169198934995338,0.00661896222605099,-0.00591330302013129,2
0.638247745991894,-0.249375555833532,0.415213418054778,0.0464335265012363,0.589023144523908,-0.103965651093219,-0.148272507933163,-0.23412668743285,0.078407489079842,0.0347385776051011,-0.0926868785677688,-0.173379714484268,-0.0916998471658502,0.0805179823439868,-0.0241712909886689,0.0313819619859391,0.0973074467564872,0.00208765743449626,-0.0738473921121418,-0.0220317173817507,-0.0650345537706893,0.0471846287487648,-0.0250135574428835,0.0122494706548597,-0.0818821570169048,-0.00622320212819751,0.0188499033675522,-0.00325185845288257,0.014267932224084,-0.00535252340936288,-0.000661582901503883,2
1.35860563962683,0.480355022735907,0.508555073937536,-0.134506245543032,-0.298997921389536,-0.312353321735354,-0.193563500285513,-0.0537000455375626,-0.089791317067394,0.00070249817431378,0.299718947896814,0.29289397843957,0.0902004142257695,0.0633410652327862,-0.0450269539537755,0.00390148842282681,0.0942056424424262,0.0373634400479747,-0.00439456693733325,0.097470069497053,0.0386725883426521,-0.00437585042477145,0.0556510749201297,-0.0634538953897112,0.068998248175224,-0.0222583977235449,0.0325335588746228,0.0291647662502829,0.0289660638861137,-1.42173128143551e-05,-0.00399181040308218,2
0.641402341250867,-0.375846058619248,-0.57439807555795,-0.49564822875188,-0.440775613480628,-0.0889516158268764,0.445731981532692,-0.112057546683385,0.0951086555253017,-0.0633400260126922,-0.0856609020620741,-0.0456243877119637,0.0256395485215026,-0.0535330867042654,-0.00864070429327881,0.0885632423833516,0.150182838387097,-0.061511466104395,-0.110353783634398,0.00550547255333742,0.010827571289753,0.00635993173964397,0.0348493867111754,0.0294766814012103,0.0212410872758841,0.0231126492189976,-0.00069609492472788,0.0416476811081588,-0.0249419088006476,-0.00317041987199687,-0.00064971380814704,2
1.35607524653259,-0.256811713280913,-0.761715920008861,0.0794995628052812,0.272999408926176,-0.896571154888576,-0.294629118236559,0.388203580107286,0.00331169193417483,0.226509222693813,0.540231007911838,0.171337888606092,-0.105466249247052,-0.0787473943172288,0.221974943948141,0.101134804242054,0.0235127851269377,0.135675527050706,0.0269255533753535,0.00895840035262596,0.0184864195195325,0.0294593605218588,-0.0357064916898813,-0.0784220982825011,-0.0246301482888004,-0.0293998755421972,0.0368798340899926,0.00349857967311185,-0.0260610337528082,-0.0158264523800138,0.00774297582571292,2
1.36356381809144,-0.307604373150044,-0.895684457939653,0.211148754443031,-0.447875709502721,0.449697612735172,-0.453234140099711,-0.0224466119969862,-0.0154605857398065,-0.303959854602119,0.235862461637601,0.143712647956847,0.0893549840201151,0.236587086009832,-0.316395996576532,0.0665906032805942,0.115507730422063,0.00334116661145628,0.0471630454235484,0.0605780140015508,0.0476749989986666,0.0121214263449566,-0.000163528610732491,-0.0017497941575049,-0.0154741501373678,-0.0104341100935294,-0.0193755348139588,0.00720761424941413,0.00421075122219062,0.00230407355617898,0.000368061853269498,2
1.68540846068971,-0.190668567323291,-0.848587493897192,0.567228228412716,-0.564518940408316,0.0215517115362913,0.650408499169609,0.911924253626916,0.360282651640291,0.341562859467618,-0.232848626097642,-0.0430225771158205,-0.0838096613549211,0.147225900154515,0.0242284138923483,-0.04665843650285,0.160589501862668,0.0960467277878775,-0.0662441847151227,-0.0338865039392435,-0.00312296154447491,0.00671854055860298,0.0318973982378342,0.0203080630790531,-0.00667278541404426,-0.0313183151577888,-0.00198932208518674,-0.0104628797395917,-0.00384521304219439,-0.0115854714263397,0.00231565335629107,2
0.106440355863179,-0.194418187958066,0.290291431832422,-0.0739868399813508,0.644711929314105,0.393664017628118,0.0632051857171161,0.0409022194245967,-0.0639785906487977,0.0722586222202526,0.0217062143711539,0.03884441167657,0.0346963788514143,-0.159456195065426,-0.0107094339372066,0.0384586851634882,-0.0352909139579786,-0.056053667884525,-0.0142900221338432,0.0562799485637084,-0.0377686968882078,0.0592426524048211,0.0647376817133194,-0.00387391282413405,0.013615136373501,-0.000796451425646589,0.00363443165805015,-0.0203804516412856,0.011553216193067,-0.0121872136640658,-0.00834528727926079,2
-0.771310003042503,0.210135872060593,-0.264728257846638,0.0747451174430495,0.467638795022757,0.0298208504855786,0.203001995692436,-0.0218653218136259,0.234075195815082,-0.0287360865875411,0.00880082517756552,-0.0499542807527064,-0.121865117753743,-0.0245938503235753,-0.0115182911776754,-0.164433977021858,-0.0503030808086052,-0.00583979200649328,0.0215985483301286,-0.0250092905590084,0.0498865489502746,0.00674508667416434,0.050067027084193,-0.0326982002037446,-0.0245667791808497,0.022888160906958,0.0301171524783056,-0.01243217299965,-0.0144793873921694,-0.0081626782301095,-0.000655114868136224,2
-0.0887820507462451,0.638237356392648,-0.151742586357946,-0.443755322733421,-0.164260679503234,-0.0643722685536946,-0.00912781321317732,-0.10955512461597,-0.0418652883659494,0.205916338573865,-0.068567443563692,0.229183932861535,-0.0377526978534048,0.0025417409292301,0.0962108998166877,0.0794085145946529,-0.0406734903521844,-0.0333972938752343,-0.0427386737963526,-0.020218413683203,-0.0137138774522146,0.00619046865784273,-0.0293313356836047,0.0151256683701973,-0.00264948822634679,-0.0053228328454041,-0.0252163207489494,-0.00288886060322314,-0.021772640185888,-0.0147075008902145,-0.0102452755141818,2
0.388542969278816,-0.498086192330466,0.400483840581148,-0.0547653209062837,0.112768826835741,0.169323195139155,-0.140659154936944,0.016600683187952,-0.231811587106932,-0.157971637657772,0.0660481479926975,-0.212735477009254,0.108647579003507,-0.139229759077525,-0.0878539781698144,-0.119521273303178,0.0993848823012144,-0.0172819043869452,-0.00298772580163841,-0.0378552958606687,-0.0171126385114514,0.0261763768186239,-0.0523051473987655,-0.0206912987803048,-0.0546847606633764,-0.0111163774833891,0.00301717688920703,0.0116850280482271,-0.0196804504808244,-0.00525128662810554,0.00199343941282494,2
0.673459511304402,-0.214367892891359,0.117560716815925,-0.0321173320849356,0.463244827847905,-0.382065459949703,-0.340830043831913,0.355872046489696,-0.514879808764651,0.634033474069717,-0.216842283165688,-0.232340903674421,0.0588584074228099,0.0486658706979911,-0.0896188038031689,0.0182052175678362,0.0215501433548753,-0.0178356167498896,-0.086027801648792,0.0271150873598161,-0.0302569576183364,0.0105062547606311,0.0402879619359946,0.0583902198356377,-0.0152364611073984,0.0229921551589789,-0.00330776320413083,-0.0187141199632298,-0.00556449397647222,0.00656465037864142,-0.00252769748485852,2
1.42719194121503,-0.128105940498316,-0.353804280661977,-0.411910989502305,-0.37055767358745,-0.219332196552043,0.195650073055135,-0.094255579019294,-0.0166679534549717,-0.1996368999932,0.17660264711709,0.196215470881901,0.0474674540512153,0.221309467162537,-0.168786358671793,-0.0696197442963398,-0.0952603960150696,-0.133601828501495,0.0135704559887377,0.0532979616334305,0.0145853540867717,0.108876660662997,-0.0107699394677279,-0.0203820116473567,-0.0293282999480724,0.0173125565028376,-0.00400546432016239,-0.0294273817358312,0.0174022782011432,-0.00745957264896841,-0.00252187361018191,2
1.05339776852715,0.0340436746101255,0.495738683887644,-0.431597114391542,0.0357976637641888,-0.126173300203391,-0.217211831671064,-0.237369354659359,0.0125800654231667,0.238299470053295,-0.111811802121458,-0.171953430938274,-0.0185465703243484,-0.0528027172898931,0.118362050880736,0.000506191534594168,-0.063954790063899,0.0850567319814687,0.138208245780081,-0.0135249292157342,0.0438624846029951,0.0988869636896431,-0.0296380484974833,0.099809805319819,0.0117366687706525,-0.0646234964870994,0.00721135457104808,-0.0216300044158102,-0.00321569100312288,-0.00295761442648944,-0.00127601679757586,2
-0.675827946516801,0.0809310515310022,-0.390356762601382,-0.0898793504577667,0.26499799051626,-0.0949981728274289,-0.0500246001479365,-0.0531258104847246,0.151646414925593,-0.111514016241096,-0.101418603896371,0.0394953643210718,-0.0797641666167883,-0.0690561251117304,0.0267030697797274,-0.0204698666433027,0.0425945147272481,-0.0208559879022797,-0.0192177567861036,0.00735413537922635,0.0217231729689891,0.0240919527992996,-0.0241571600042461,-0.0209805522123463,0.0136251698288235,0.070066916697008,-0.0166504098883747,-0.0051784848710149,0.0169163683606582,0.0005824835471842,0.00470833063983514,2
1.1396040275703,-0.0903645232242104,-0.280296727880555,0.584103946341342,0.0538298849042606,0.340994089046666,-0.580004212269905,-0.109152509769495,0.138901798325535,-0.147694639836726,0.0500948481110248,-0.0174058869028212,-0.135107738685067,0.0198210314443476,0.150955381027605,0.0917981782793279,0.188489459096336,-0.0265228531511506,0.072256013695328,-0.189402578427069,0.0410191938689246,-0.0479583510555627,0.0438711656034565,0.00176817086916657,0.0379701072996562,0.0021975615845049,0.0365618317235602,-0.00586976157562482,-0.00262503588228638,0.00771901433925138,-0.00197276220933095,2
-0.669809978459501,-0.168071407546567,-0.274257848159305,-0.161192920479644,0.0439911496749559,0.0276643304308317,0.0326854419511389,-0.121399879640029,0.0480196171023618,0.0261320955811862,-0.0127564828511982,-0.0727620499285251,-0.0989593380212033,0.0565357489600759,0.0421844745257033,0.0424397102595841,-0.0817082761174761,-0.13833743473034,0.0739126408701719,-0.0693604861673659,0.0541527780764689,-0.0207006186597,0.00240610193762519,-0.0223229818978805,0.00135914760123635,-0.00543918876432962,-0.014268903082756,-0.00668833932780367,0.00614413980304972,-0.0023836427225316,-0.00221919662114434,2
-0.345955489721241,0.102374963023296,-0.210687505007148,0.116883462546297,-0.211991042396354,-0.12878719601753,0.0896710905285208,-0.213277434231309,-0.288602887058537,-0.129043713270846,0.208890592790776,-0.18283670689038,-0.0188108256890802,0.0880983823044607,-0.0756292306315892,-0.090054838752641,0.0668424929856257,-0.0834602846963366,0.0829487731939026,-0.0966429574712719,-0.0453858709781526,0.00797788704889737,0.00175874742449793,-0.0250943054694959,0.00334712454000698,-0.0146538529763155,0.0537862173569639,0.0024091982210668,-0.00610873818827136,0.00706024540191958,0.00606529837573754,2
1.69084144498642,-0.120605021880978,-0.603887092194454,0.500138803555684,-0.0218341598154043,0.0633691375455781,-0.743595077446348,-0.334628319073527,0.105575922066774,-0.190311859461174,0.225668367272306,-0.0873071083833131,0.094074645716826,-0.275209218489091,0.0821730281528692,0.0291483070401754,-0.20843885243237,-0.0337766055360756,-0.0442391179460179,0.0357076419818377,0.131955658852485,-0.0270084408603534,0.000741390452247065,0.118653375192701,-0.0524155566956381,0.0126813553491944,0.0489779541752843,0.0150781927389359,0.0265376093331666,-0.0221611272781174,0.0037410571186805,2
-0.157969276609655,0.467295846335256,-0.310583219591563,-0.0979316990176253,0.191948010618506,-0.255416649467853,-0.0177663033439097,-0.233899111117312,0.113878911160368,0.0546744119471949,0.053953289079188,0.0246718965901171,-0.0452130983274569,-0.0155349439008696,-0.0600309621848302,-0.0663375520197677,0.0682373525565362,-0.0711185204772044,0.0141762790040955,0.00213295954727823,-0.0231336785281482,0.0644286239780751,0.0461963282178743,-0.0127652770496956,-0.01227590661094,0.0306232671149435,0.000623254909226647,0.0219834829175064,0.00294452322323106,0.00390914142870952,-0.00183366045514432,2
-0.987620605358701,0.0768310682417098,0.0219015476180562,-0.195607352917416,-0.183724344131896,0.0367959979141011,-0.232509798984149,0.178037880001953,0.0373839503392349,-0.102799702495938,-0.0420961543289518,-0.0134954313218615,-0.0362580351128521,0.0571226662446844,-0.0214883123645866,0.00814960857734351,0.0306707952799097,0.0212231878335092,-0.0176582000770589,-0.0252233167157308,0.0064765858186959,-0.00843187432248638,0.00413801829723801,-0.00919797937655289,0.0070441228173291,-0.038703650784501,0.00416836864938478,0.0025517622436359,0.0194986129170738,-0.00629156240778868,0.00161716957649135,1
0.468949568148835,-0.200807998020652,0.0979880759912459,-0.23353636111861,0.411023775177059,0.202100119428874,0.00459684069628094,0.28972490902823,0.0196410797241755,-0.322137366731298,-0.295792108187254,0.0153211820134828,0.071660304949312,-0.048933934169524,-0.163169374324871,-0.000906314007745186,0.072938429740672,-0.0420205755274789,0.0341449732645414,0.0383087841456714,-0.0254620846127184,-0.0531623575299885,0.0742417895047857,0.0931627553068225,-0.0172319657681004,0.0141394579366029,-0.0127173771940486,-0.00718291791122371,0.00147632685909077,0.00506556824885953,0.00110459430347906,1
0.078707958771485,0.764693832749959,0.46176126054137,0.33255046316941,-0.245423806695253,-0.263188725942868,0.304475593140135,-0.108687503137112,-0.187033818884784,0.044132146572598,0.0195711425864546,0.0319545975241238,-0.0531442607495505,0.0705565257378607,0.0980733568217377,-0.00513783227470211,0.130554435195053,0.070390025697009,-0.0314694615405746,0.0409061426395376,-0.014829702409104,-0.0526908956523478,-0.0068714420975186,0.0417813685333565,-0.0741066828739771,-0.022044461918085,-0.00803470434688026,-0.000572845295049694,-0.00125548610159277,-0.0017014927479233,0.0056107604950983,1
0.519140202122466,-0.138753243890751,0.44051152044099,-0.0562158444294449,0.616409285196881,0.305599155093433,0.0471433432026151,0.048792873308755,-0.0252234622877,0.0332140833302892,0.0229805420930159,-0.0125102258076923,0.127129308440077,-0.293934275384898,-0.0775706142613756,-0.0700639588862155,0.097322795297317,0.0163123353461504,-0.0229741311756572,0.00726731786257184,0.0455026359429152,0.0145040749757869,0.0177934242342183,-0.0140733224129122,0.0538772334786227,-0.0025538246429087,-0.0277441206153512,0.00700965835526709,-0.00444547774304261,-0.015500263877907,-0.000529739898493898,1
-0.379116202079843,-1.28276029086483,0.191105947049647,0.320924372755519,-0.114256911290655,-0.425269104364155,0.00857114355847825,-0.364905692211616,0.396848752399553,0.1229296355109,-0.281902463281083,0.112420108958812,0.0526541624848279,0.047043644915153,-0.141827475900564,0.125623797381246,0.0301587218520995,0.121353064632138,0.0316060714820665,-0.00945855799708156,-0.0105486194408871,0.0353501236393366,0.00578628280508761,-0.00192318426895509,0.0116635289036194,0.00746153144307121,0.0261773162780365,-0.00353989557236411,-0.0105561414616149,-0.0147546329173597,-0.000414742515230522,1
1.21732866866235,0.431448383179776,0.565094751921805,0.133674689288353,-0.0365932493041575,-0.0660858089906832,0.274535535535133,-0.0111052885843823,-0.281234238067682,-0.0784518642432726,0.0967486262126651,0.1833075565233,-0.0390506648199183,0.14336249342444,0.123075910875072,0.0939531121282117,-0.0688480965483073,-0.0830606467568076,0.0259387829289265,0.0523641216832598,0.0167801887478931,-0.108541083870637,0.00715534024646661,-0.0920794101614005,-0.00580825816755514,-0.0037392234897215,0.0232454515414007,-0.0345198370464925,0.0242970722352447,-0.00722044787676774,0.00137534105853644,1
0.112135603609551,0.574413552939004,-0.350586918255823,0.793410612721599,-0.430459112222254,0.370945904829245,0.196129626559637,-0.0399648358896184,0.103187757878624,0.0442280593043983,-0.171316108365166,-0.136399509681274,-0.0616964824731877,-0.197734504964048,0.260544880581609,0.0620820624381217,-0.000734978583921104,-0.0367316156975149,0.0978122410371247,0.0839440924608504,0.000678047992425632,0.00963903199480826,-0.0703454761650262,-0.0384162722724638,-0.013698305176206,-0.026525307039063,-0.041073916045126,-0.0011364127789375,-0.0191197890820882,-0.0160581464743942,0.00470373261626436,1
0.634824592480176,-0.163967772539585,-0.0480546540609822,-0.203428879235866,0.402252857252901,-0.0289448304485942,-0.255855057426436,-0.112726975616367,0.0163405663880529,-0.0895688449509862,0.214275413918748,0.028526706852334,-0.0478775951573079,-0.0220036805333962,0.0369041997599634,0.0636741940749328,-0.0392673221172947,0.0412471518659099,0.0651428337464043,0.102470354230636,-0.0927469008435792,-0.00812476776147026,-0.000549601469154847,-0.0327073796217991,0.0418432427402534,-0.0132289612213232,0.00228976861945385,0.00198328791316458,0.00493125689181458,0.00430823791576613,0.000722805299340056,1
0.715221553276593,-0.16997361861538,-0.297862179456345,0.189127210601932,-0.561273944063644,0.508146803449672,-0.16039927359273,-0.210416097396872,0.225302827053189,0.342608931718306,-0.0154123707182944,-0.330051257327875,0.0414126704811691,0.0382277371264633,-0.133929594565926,-0.0281262288501494,0.0796717066717145,-0.214582754163282,0.00271717369864858,-0.0519238828389566,-0.0625882056048351,0.0523871821180761,-0.0152722718852621,-0.0254334707611082,-0.00433697827595751,-0.0202484524900688,0.00891971864180348,0.0190190904181418,0.0283023679413916,0.000875654919718301,0.00162094074010179,1
0.761723595228785,-0.628041318202117,-0.182546689103619,-0.466368068386092,-0.399250239523381,-0.0777075760851584,0.267449614975104,-0.316755851752255,0.0960991928417558,0.178613375098827,0.152356324487457,-0.421606814227812,0.0440226751358881,-0.206988390253491,0.0883634623785255,-0.0875580029699609,-0.139945034344175,0.0118445222205928,-0.0564224983270938,0.0504337755872546,0.0824677948512911,-0.107878450668944,0.0769019866855782,-0.0931340906085255,-0.078395799457627,-0.000294785452243669,0.00872073924854769,-0.0168935736735261,-0.00639934483509546,-0.00371896941017929,-0.00800430300331534,1
-0.0893184500454724,0.314767230735976,-0.261599004647056,0.0804794839009454,-0.132845933951622,-0.3573490214644,-0.0125230699123267,-0.247973460575828,-0.248093134264914,-0.179680893654428,-0.13182005370808,0.0139968049784071,-0.0760234947905205,0.0169213333164871,0.143857940764663,0.227481360613129,0.139024527407673,-0.0400128675626591,0.05191265260369,0.0462806555115609,-0.00573649260372345,-0.0334007525635876,0.00754542034496079,0.00497437458421114,-0.0239440091650289,-0.00321914570561174,0.00963426785811836,-0.0111513638292644,-0.0121313053404001,0.0067240924596798,-0.00364652162699852,1
-0.178108385059153,-0.0176385915056401,-0.303371753200238,-0.301479053592712,-0.0734970596078858,0.0949804228234498,0.00917875351365894,-0.112455380680449,-0.197247126767773,-0.0130958345986782,0.0928694261971771,-0.0122898775502488,-0.0722121504545395,-0.00683386949730938,0.120211244264963,-0.065638571441423,-0.0628943397463535,0.0512197074093506,-0.073857461450318,0.0162394421795153,-0.0557575555148329,0.0227482442490699,0.0581980742775358,0.0371064480319495,0.0559787807027876,0.0306420358996285,-0.0320646100308666,-0.000988117394774393,-0.0281893938327405,0.013329637473508,0.0118166280634881,1
0.864461980001315,-0.20143898195123,-0.0618877616214503,-0.715056233886597,-0.21534518008068,0.203709530079694,0.222613634024767,0.0627579901158265,0.126511342771427,0.115139730390661,0.0423510003619398,-0.097422088363117,0.0818854710659914,-0.067646934320063,-0.106869934978683,-0.135387515239223,-0.0903464453585995,0.156441853854424,0.0689467520079406,0.0620054222699096,-0.0584284278622594,0.0237237973442954,-0.0262652410871779,0.0303917442080091,-0.0075049390534999,0.00742374781208162,0.018403666049782,-0.0195795480145896,0.00771988355442999,0.00681968752364345,0.00228198803050947,1
-0.428880134576927,0.270320373626673,-0.0251581101905874,-0.189195656798372,-0.133986840564903,-0.121992850118275,-0.204000740246426,-0.0768461595185651,-0.041233391208328,0.0327130797552223,-0.00335821762392067,0.0942117925231791,-0.0617267643972697,0.15540211075004,-0.0313977251554756,0.0685209292585125,0.0907193236386249,0.0248582071271626,-0.0327750890188437,0.0207241912450654,0.00154011476422536,-0.00306286095892493,0.0125876117531101,-0.00563180233662098,-0.0283842391555484,-0.0101950431064012,-5.57681970365149e-05,0.00467485901424539,0.000963186574859828,0.00165014717508881,-6.15992392117096e-05,1
0.792493196857128,-0.407368187373297,-0.268420472704335,-0.597129554650867,-0.25296970269667,0.130206896723406,0.260677859436071,0.143021562322903,0.08406843578104,-0.165964234379722,-0.045899185419707,-0.163180237314038,0.0265219756579917,-0.0441043806447832,-0.0413371629103758,0.00243470691472217,0.110537616645019,-0.136206828117389,-0.0581636966529861,-0.0119139019497011,-0.115507367238348,-0.0713699608319199,-0.0122903456283016,0.0335194800737306,-0.0113161906129751,0.000141646123360247,0.0142773580197272,-0.00844392582977172,0.00392853176294547,-0.00463015435573871,0.000989619941898132,1
0.0551373877453613,0.211146101354058,-0.451550920787007,0.548206607225112,-0.40293302340646,0.625561441484663,-0.210180308064116,-0.00543527644756317,-0.1187206924171,0.00292076696167165,0.00981711715948447,0.151969355734017,-0.00756812533759808,0.00400402458318855,0.0720721906357064,0.0370716854175362,-0.0487820524411644,0.0239402950788055,-0.0220875066339934,-0.0785348548175769,0.056329951134269,0.0618686024066273,-0.039343857633749,-0.00882585180099748,0.0192234709982995,-0.00703890649393169,-0.0283481523279987,-0.00937558654979645,-0.00261964682508735,-0.00621773636226766,-0.00940720733030093,1
1.1564085437653,-0.34824985425322,-0.349355316572517,-0.794769536056027,-0.368700063022232,0.0931921560638912,0.307299723605312,0.209744662644075,0.210556423938612,-0.187088954451373,-0.036679809023148,-0.126499984920526,-0.096982920949202,0.0179185052992472,0.12637226602998,-0.0591044129109068,0.106274893845943,0.00889618063351369,-0.019900957504374,0.0521565835174425,-0.0919542583808272,-0.0633810142955471,0.0208782054269748,0.0496322647912908,0.0391883901261927,-0.0188926424766186,0.00611042877827832,-0.0274611578332992,0.0110888998618633,-0.00730852818148697,-0.00542585548375676,1
-0.384122731484169,-1.26142155074412,0.206997754647534,0.663426265885733,0.00555285915172333,-0.121177340702693,0.539980506719489,-0.28789469402032,0.0993258376159921,0.0214278865222607,-0.174837354642654,0.156750261924487,0.0422420678639468,-0.027149992461152,-0.024342727412825,0.207467667129823,0.08901522588486,0.0780021874881333,-0.0238695720322122,0.0355402789248548,0.0435695786417295,0.0129104160689588,0.00398549805780534,0.00484939206546749,-0.0017884221408286,0.0164510031005799,0.00144266030781523,0.00308662052961581,0.011805444451717,-0.00337923847992799,0.00153943174409127,1
0.0272373933303388,-0.0931961225491959,-0.395955172972979,0.0495462214048476,0.321003523095331,-0.194313337867189,0.0954925422851305,0.722479635603172,-0.412674030733158,0.288066941387436,-0.0534904518537872,-0.257681425415935,0.0098056600745043,-0.114756974121485,0.0199303213612061,0.149209053226306,0.170142437578706,-0.0824889397165662,0.109302428447351,-0.0108306029885399,0.0769420538007546,0.0584510663458135,0.0194054813880467,-0.0130435478061226,-0.0230144666116148,0.0344025863596005,-0.020906156442925,0.0134266698778216,-0.00391025076006447,0.00807919899158867,-0.00149109881716203,1
0.294517035828283,0.839021415643635,-0.184430825366913,-0.0608324699197005,-0.186659860102035,-0.263759932870222,0.0697801693560441,-0.206868359031464,-0.245760843471824,0.00289063955833973,0.114949475194731,0.268788861328699,0.132967647274966,-0.0654743308842068,-0.145052680853813,-0.118232473521719,0.0975085187467084,0.0309032320195918,0.0197833779388778,-0.0123437098254113,0.106680884652035,-0.0393018670564982,-0.0320828680175918,0.0911367388633497,-0.00332077275444515,0.035456181897305,-0.0228680811166566,-0.0076787488553045,0.0044572435786459,-0.00429281545750048,0.0018569364675572,1
1.26455723553918,0.263232459319743,0.18483954232409,-0.367722019636997,0.22987122597856,-0.131253101192549,0.138518542780363,0.160311811848666,0.338372158025282,-0.0803724785793677,-0.287299343639691,0.336071026333451,0.0200766191601767,-0.0332755101254689,-0.0238693601091242,-0.0203029173207531,-0.0628006019491014,0.0401382047572021,-0.077128192934897,-0.0960259482644421,-0.0538090610399905,-0.0138207006882548,-0.0713095069452741,-0.0406816775601901,-0.000504631369424386,0.004757830445627,0.0283651695569317,0.0266629049395997,-0.0231422686353565,-0.00669290446610836,-0.00639972325678761,1
0.447818200319306,-0.220881204678488,0.716252991236817,0.185434544292523,0.183670524499915,0.126196674560339,0.224849096726658,-0.106436635715619,-0.171042549688912,0.0517349469507907,-0.000581817541425171,-0.315870205627248,-0.0460542222043332,0.233405045871727,-0.103730037369455,-0.134569505888259,-0.0678999841254552,-0.109354989170776,0.0610849467658725,0.0179043103150529,0.0311887627689092,-0.00851969486002622,-0.09129731428603,-0.0237364912022389,0.02176532714036,0.0271069828853153,-0.0275226626830901,0.0147899618816903,-0.0266803968196315,-0.0181247501675787,0.00819886990654162,1
0.038139699574163,-0.621519040064532,-0.854738291398322,0.667038688184831,-0.116636924084501,-1.12664740143762,-0.310016124941562,0.280218886410803,-0.680430672559325,-0.182107062744583,-0.299852890273498,0.0350649516127638,0.23804316715976,-0.134515102870531,-0.116873132176529,-0.10034366382728,-0.172327713428828,-0.19133534329318,-0.0618912206785173,0.103874127522756,0.00617058990860592,-0.063484632874339,-0.0609173177781027,0.00254281665378931,0.0218480701420033,-0.0330870275821174,0.00184514041481724,-0.00329224928983832,-0.0158139150226573,0.00942149954008286,0.000392498626012147,1
0.894018184946317,0.408012556264772,0.225697852946867,0.745517019443807,0.0366426324943689,0.558451226263642,-0.137589046314446,-0.00207395687518561,-0.139024294964867,0.0357992850608564,-0.451839357335558,0.0278738878843728,0.0343743041026878,-0.0174353692267336,0.046821602466967,-0.0313407853172044,-0.140689129820878,0.042523259002588,-0.100259358459796,0.0681534450840444,-0.016708581272691,-0.022663206380407,0.0165702116543422,-0.0330848181050905,0.0464068071132282,0.0280535668359123,0.0437085745313445,0.0231153427656883,-0.0166276076986337,0.00524487827208646,0.00214201726971697,1
-0.442244028150871,-0.264615733027979,-0.145818009205574,0.0132900568784266,0.0974493245422076,-0.118178045562517,0.0702441744210943,-0.305964194894341,0.139179052569406,0.193988038456686,0.0802868698707955,-0.0483469457524716,0.019457367459774,-0.175763126180136,-0.0122734639126183,0.0452971996174991,0.0980164267796874,0.0185471108067459,0.0738728671240788,0.0631091974736572,-0.0239088328779051,0.0116047972225213,-0.0352775779011507,-0.040290421579445,0.00479749355826237,0.0339045638496664,-0.0261413315824216,-0.0108393782636327,0.00945059076245348,0.00170330612013368,0.00703696819233371,1
0.0468845502907242,0.162128926136257,0.144509627062548,-0.187520629374826,0.0836993013360699,-0.130226245661075,0.0047327215879962,-0.145131262430618,0.167056184112978,0.172311313728932,-0.10259962242367,-0.0721234359436328,-0.0282849300155504,0.0508094407424855,-0.0467706569230207,0.0115364735383477,-0.103803619891331,-0.0141768260271719,0.0105023261798285,-0.018487571619127,0.0632149028936751,-0.115106948316033,0.0816313925272227,-0.00719721169229593,-0.0608929066117111,0.00901033577070852,-0.0281150692828347,0.00674202446004308,-0.00912209823322955,0.00246133942414046,-0.00282280124054076,1
-0.987955223641487,0.0761721659717508,-0.0955415490363944,-0.253179767940458,-0.0432258761888551,0.255256744055096,-0.0718646053764862,0.111314362236739,-0.0975782460976972,0.00668620561137167,0.0439518808200946,-0.0160470828515986,-0.0267978141083402,0.0181145437906001,-0.0142158659206144,0.0259603098552994,-0.011796571365897,0.0441446797783823,-0.0592029313777402,0.0109881359943418,-0.0177467411523144,-0.0102126152440167,0.00213185617304709,-0.0325395826214643,0.00938545180192693,-0.0507461991124835,0.010053940479771,0.00496705979908727,0.0162402298162336,0.00594210549023935,-0.00234320983938889,0
-0.903484645154202,0.142390413235505,-0.12958670853613,-0.199358985233568,-0.0578861060919974,0.165207757747573,-0.0404680710628139,0.096961141798601,-0.0925212439602715,-0.0603185706415016,-0.00437287900396616,-0.053633148171133,-0.0720148886356093,0.027442863591293,0.0339227451861777,-0.0539797279616569,0.0233466300082093,0.0562889909746592,0.0505977002407105,0.0476966606125618,0.0387377934631824,0.00832637746729092,0.0136770717743519,-0.00715629664884684,0.0197675883691572,-0.0113313984549246,0.00960079393658796,0.00179388313047629,0.000707651934416597,0.0115476470762652,0.00278945794511427,0
-0.638250713434112,0.116000451437372,-0.270884244117065,-0.136224154489555,-0.150270951118024,-0.140572839193548,-0.159969825259024,0.0199862736935462,-0.108871051710984,-0.239752811568287,-0.175610184310088,-0.0132621590299181,-0.00531499706196535,-0.119701628913247,0.0960967429213198,0.0453539609499941,-0.0288277481437489,0.0448455902645295,-0.0420021999192169,-0.0138421934213236,-0.0228132228346967,0.0059869209261615,-0.00828159051132991,-0.0428683226041395,0.0143373272669822,0.000813779028523373,0.00735133198899961,-0.00588990408848022,0.00547016743241224,-0.00199492434700833,-0.00336492175378257,0
-1.09268960822684,-0.0182848703503931,0.448837162448815,0.123734585341796,-0.544368499767533,-0.255976450974039,-0.366493388112596,0.413559936392335,0.195731847784775,-0.330546390097351,-0.0853444639432906,0.0395096313775975,0.0411986425901515,-0.00698704444895566,-0.0100619474763129,-0.0591089167318647,-0.0516324008305162,-0.0169250582477657,0.0275987307720702,-0.0359313879916022,-0.0160489114666114,0.00749415604992503,0.00415878635075473,0.00895222494049424,-0.00479155562957768,0.0145483764158854,0.00956581823326404,-0.0105398283298411,-0.0104965179719924,-0.0099173409229188,0.00321254885498251,0
-0.71901484913189,0.17012784064358,-0.280669357288368,-0.175761933032565,0.0787800573078695,-0.0373753843251556,-0.108467485863492,-0.0544443216024627,-0.114048353821029,-0.1400998524533,-0.269155817306925,-0.0730241047882799,-0.0795252528885161,0.075567416693321,-0.0165376116186848,-0.007440448956225,0.0341436141648706,0.0643841200807517,-0.00575113384100034,-0.0535221462701693,-0.00259904543139019,-0.0265136591798244,-0.0387646530807971,-0.0326329431464056,-0.00745646986833682,0.0108671928230192,0.0232270946342083,-0.0181046702028343,0.000891490221290889,-0.00763434856999608,0.00510191344963019,0
-0.769207267253679,0.165814304454425,-0.182446930218724,-0.0940206426097583,0.0737506533117747,-0.00928835864888841,-0.0570255800404386,-0.0326027774092732,-0.131131176989689,-0.124348804615205,-0.231925007227847,-0.110675653222204,-0.00096042498434038,0.0108738302683728,-0.0712404909469694,-0.0679647850021298,-0.104776586815204,0.106816940239931,0.0290615841618491,0.0489633837764629,0.0226875732796826,0.0391187656563048,0.0423188150366776,-0.0249534862455095,0.0199978367412661,-0.0166389290685802,-0.00158286863494284,0.00532590300371796,-0.003035317347018,-0.00458968461772141,0.000358640589776704,0
-0.729013912158831,-0.386288849911356,0.637057440767886,0.50409694898924,-0.550881275670185,-0.088073571811377,0.217280749497071,0.105715584945806,-0.0805217731587239,-0.0882275508360828,0.0818023955111606,0.0022131529351775,0.0766330662000359,-0.141175308156032,0.116121430639897,0.0528496591582176,0.0274248644622392,0.0449461444770568,-0.00949446676083591,-0.0160154048462183,-0.000708826999319058,0.00855492012923944,-0.00520829484317011,-0.000660723928997081,-0.00123070304228205,0.000865808874290731,-0.0155063762992607,-0.00835817106882653,0.014518373177248,0.00692070052915981,-0.00085547860813121,0
-0.405926544994404,0.543235710949373,0.0738736693642247,-0.0861283291322333,-0.19344494401129,0.12251955989648,0.184216740040511,-0.00170744547518749,-0.17445193482466,0.0884112162878483,0.292974605550505,-0.15778428285742,0.0498133805990321,0.0739969361100597,-0.14853222144579,0.280217759760341,-0.0183942943794801,0.108467952993585,-0.0245930266635344,-0.122876964330081,-0.0644936853472776,-0.0407072004656041,-0.0200532346498303,0.016819073610313,0.013303815291021,0.0406034556213272,0.0462835117225715,-0.0207391553711085,-0.00830116372677613,0.0179594618101861,-0.00178128067505466,0
-0.743836307980831,0.162509745605067,-0.334782669865279,0.143781742521959,0.352896744392183,0.0237155524314737,0.0983869845619864,0.00116632945391637,-0.021137150185369,-0.200470943573166,0.0433250281018465,0.0225963518933118,-0.0256241271454151,-0.00464039906228361,-0.101272601378355,-0.0138449070666965,-0.00558696186777061,0.00573164727543663,0.00475151432664733,0.0704759208224203,-0.00442022850271622,0.0253957430759078,0.0494238544006075,-0.0270587767001802,-0.00320262637738382,0.00353846559568942,-0.0232872807720244,-0.0025399016692392,0.00179986451439299,-0.00258172923325181,-0.00459831048529142,0
-0.971024007740018,-0.133393506830666,0.482791147126267,0.129056356263968,-0.318554662167436,-0.145560203711511,-0.162302066659278,0.160702341478731,0.313335137471227,0.032056783014543,0.137703059643291,-0.0673722223183207,-0.0115092851333457,0.0207882084120016,-0.0314973001311126,-0.0469159701443156,0.085172849064842,-0.0644090470054831,-0.0556354235458377,0.0726717533688806,0.0455501393946262,0.0083467967198271,-0.0250098994604493,0.0207594785403567,-0.000311559626709723,0.0164172563846846,0.0243639701696835,-0.0102001003243068,-0.0132316901869797,0.00220260144800418,0.00145453252442999,0
-0.498151905447394,0.295289900161552,0.177806667315166,-0.193905149156179,-0.310077187873879,-0.145782161649169,-0.0992451443235881,-0.00273010540898982,0.117893453409204,0.113495753160997,-0.0231104460567518,0.0296065339158066,-0.088161431340815,0.0896566295397486,0.0850878552398443,-0.0179174853592143,0.0122715964039813,0.00738597535150883,-0.0436827351570979,-0.0114232687576525,0.097906774845767,-0.0171114296232721,0.0452349934445743,-0.000798391331883916,-0.0356102242750165,-0.00539120453796098,-0.0233527094487572,0.0118272150733004,0.0153623875883545,0.00379491210485479,0.000406544569327246,0
-0.531417224390214,-1.39360224074836,-0.118891264517498,-0.0864084438749724,-0.13969227551944,0.128447246985617,0.0760707057499172,-0.417936650850589,-0.0997710026617061,0.282094083296191,-0.165750107506701,0.196803591588688,0.0677876886531615,0.0210696984795929,-0.0537585134510282,0.18116616053224,-0.0600121271151917,0.0572130485978622,-0.0252732240832132,-0.0325637320101731,0.0261837553748577,-0.0310971403924591,0.0537352764644307,-0.0269300049552417,-0.00325253211774812,-0.013805570213067,-0.0154510458488961,-0.0116085177384999,0.00300620737754883,0.0195474076797825,0.0218281100682896,0
0.191085544182326,-0.00172570189710544,0.335184326590215,-0.312481639907422,-0.148741341738353,-0.0281489882692454,-0.138554195264618,0.19748808656849,0.154822636785357,-0.0757814943557463,-0.178701222854756,0.117755058270444,-0.0531996477452069,0.0992767975377444,0.0272124274699491,-0.0110843551016548,0.0619929304651837,0.189231064958818,0.0665120451250926,0.0457226202588019,0.0795254797468631,0.000455709440660837,-0.0159068746286404,-0.0244469437188998,0.0148831422525459,-0.0128882009446616,-0.02283630453846,0.0400662087100548,-0.00300553647249818,0.00414631284996677,0.000420852491431293,0
-0.478749043528763,0.39832961668057,0.00122281152878117,-0.275820646306809,-0.0849469673069029,-0.025963859922234,-0.0775152912933307,-0.103604278836461,-0.0199104092890859,0.172327109509868,-0.0422419368491715,-0.0244583710527978,-0.0528430732655319,0.0405533496621747,0.0288110322840475,-0.0564641253880115,-0.0650352961188947,0.098794622670817,0.0716709377275082,0.045295728631742,0.043852453409712,-0.0140156859347041,-0.00989139144793554,0.0718641947499665,0.0496005942347087,0.00385542235064623,-0.0152052246293761,0.0108755185256004,0.00954841604901778,0.00222235231857415,-0.00026805031640237,0
-0.675237812189579,0.0825486168875326,-0.254333644997546,0.0257419574319236,0.0719295442681156,0.0473925326605322,0.0442338906836433,-0.060132107060976,-0.24664422315233,-0.181872563426469,-0.0759780689848526,0.0226505924843931,-0.0815313025432719,0.0968451069306169,0.0199286462835493,-0.0734269883682479,-0.0119877997763115,0.0704300481110858,-0.0938831773652721,0.0102244302051032,0.0698401071548009,0.00727210895111836,-0.00772417907414035,0.00547271842400839,0.0245508038180808,0.0568725754188977,-0.00754274527263396,-0.00467700912647626,0.015298358690034,-0.000327669761206284,-0.00891871466067316,0
0.857857336955194,0.186079582799329,0.11489852077978,-0.476028434650266,0.162304571558047,-0.0631421455306775,-0.140989997161533,0.0935430848260592,0.151974299025635,-0.0330539064441353,-0.229498807833066,0.278087596675416,-0.0356034269617053,-0.00779505118458866,0.072112889560949,0.127748742467688,0.0650330268625867,-0.0985588477882911,0.00389600601869395,0.0137808640267423,-0.0318205337814431,-0.0274758819774979,-0.0278725463927132,-0.00549651022825529,-0.0112331934333998,0.0524301492139803,0.0121896452094888,0.0197340695806602,-0.000102712744812514,0.00319941173563446,-0.00197408857138987,0
-0.668027970487468,0.187486587700437,0.0366055070294053,-0.258882823060503,-0.112283830564898,0.175762982351606,-0.0100101986257526,0.035355671527311,-0.0624080093636946,0.141281453545372,0.0409024013024525,0.0718870170666681,0.0117324290415358,0.0690791781246542,-0.0707372324857875,0.102095895763159,-0.0528647253850598,-0.0929883015956959,0.0501217701301956,-0.023027550316202,-0.00716077658559715,-0.0123402072796633,-0.032819289360469,0.0117131779931361,-0.00212260553726652,-0.0272978129809037,0.00234885969658154,0.0173264348673056,0.0114952601844604,0.00592127609789149,0.000768630543815658,0
-0.23526284682015,0.323927990662811,-0.0421464151354395,-0.137031373688174,-0.0536553609457154,-0.179718931359547,-0.10245022843544,-0.254203500543582,-0.105670384592737,0.0986737720310583,-0.0161203346685045,-0.109016686599029,-0.0738190454921538,0.158002918235512,-0.0423067205175608,0.012485835785265,0.0690491981835008,-0.0792198958647489,-0.00260906032162893,-0.000978434139440281,-0.00340145940128752,0.0253363297725472,0.0240124898249759,0.00638065735758311,-0.0141465340813959,-0.000851148399225144,-0.00918879282860773,0.0145852108800903,0.00371543839438588,-0.00249426797822425,-0.00133967802180423,0
0.418146919036552,-0.589149405802061,0.109157558034351,-0.10255596394595,0.281963776048296,0.257935805391323,-0.203657006455544,0.101252118944933,-0.3336997436069,-0.396063963990128,0.0601968867599449,-0.0626940156192481,-0.128680593251687,0.113081956442416,0.126416306598657,-0.000660306860726429,0.0465226115104081,0.0698412635268404,-0.00524949975247088,0.0079468991202013,-0.031373830927188,-0.00340112431856894,-0.0623201658197672,-0.0125332318210242,-0.0461453105513249,0.0331255517324628,0.0071096057552361,0.021804797979874,-0.016240711370036,0.0093308327518007,-0.00497600737370495,0
-0.42896662210701,0.379388168124284,-0.0869790315266864,-0.274930683214498,0.0124794853368663,0.0782038198689353,-0.0607899011542825,-0.0621192411058411,-0.163155356664777,0.0814056429634744,-0.0625028028336791,0.0378399373120882,-0.0422035879905587,-0.0327557091192182,0.0745744838994178,0.053838059086445,0.0455685663383599,0.0167205148602638,-0.0176009372985874,-0.012608228364296,-0.0316767699105642,-0.0204809806684247,0.00844358062768319,0.0157200585471741,-0.00610340738520168,-0.0295278249329607,-0.00245235453139118,-0.00914516986588147,-0.00648593964662185,-0.00647684860386742,-0.0017681717799456,0
-0.573323208902112,0.346279551460376,0.0457741738338129,-0.216504785777465,-0.0612218028440196,-0.0421668463561939,-0.137304023312374,-0.0577007611283429,-0.0352099841067601,0.115048638557939,-0.11295303212088,0.0192054138848307,0.0316997033669482,0.0383815390821259,-0.0931267558068971,0.0999068489184733,-0.0335396567503198,0.0320831164845635,-0.023976074060086,0.000901981090739626,-0.0403672022037774,-0.0465125999641902,-0.0196366554659156,0.00943698602884612,-0.012093438549691,-0.0497902738495148,-0.0129834055575296,-0.00853938201695006,0.000223408683992543,-0.0125677434950478,0.00229275288693053,0
-1.01601579378568,0.120581986839993,-0.288439768443589,-0.0423212646357208,0.702590659691451,0.121811853558721,0.106200999421795,0.12968518615641,0.696685558166559,0.102755954315005,0.302284360466287,0.056288092487878,-0.140377226013893,0.0311366284999983,-0.105154196259661,0.0123900740374345,0.000171815302127461,-0.125964227174279,-0.137679374339189,0.156575440409449,0.117187851584815,-0.00122156672713624,-0.0986284963077165,0.0444550971241831,0.0586196779760735,-0.038551013216481,0.0390104038252023,-0.0234810095756432,-0.0283546538532381,0.028253543099818,0.00257362048258265,0
-0.842404094577971,0.157239690894189,-0.158326293681954,0.00104869600357943,0.19326901173729,0.0912384131039797,0.067006557123541,-0.0700840782745499,-0.221706178907421,-0.104397027099752,-0.232226866359461,-0.151272113607288,-0.138319359527483,0.135779141427521,0.036170245806038,-0.0174454397355651,0.0247765113582259,0.00212558379659635,-0.0055300218626157,0.012461621094166,0.0209248469888518,0.00718657222474352,0.0327119722507499,-0.000367693505233142,-0.00110394041617953,0.00952381674462596,0.0370645577703936,-0.00168628664244655,-0.00380623358424234,-0.0141108157374602,0.000775768234105768,0
-0.427388725613088,0.472803539804904,-0.0456648767954551,-0.146480321103618,-0.00284365757758773,0.19466861046163,0.257992768901548,-0.0790968885782207,-0.231718769917063,0.159467758231907,0.00201838460156537,0.0428058391422796,0.0740865406663765,-0.100151316694579,-0.0812297202869956,-0.131147184969229,-0.00545124417758033,0.0347995250951232,0.00631196018476933,-0.0185837337111802,0.0285936541765942,0.0249987806520974,0.00732511094395699,-0.0048325565385611,-0.00786850944928617,-0.0141374509348147,0.00558735528029508,0.00989654268314154,-0.00154247154685921,-0.00441894975640286,-0.00552973452558307,0
0.166950631914813,-0.591549545014042,0.384342946392024,-0.271770374077137,-0.135681411855207,0.0340199269373829,-0.346585075500607,0.0681780652014466,0.0169541032473149,-0.075796901633246,-0.0134409742487576,-0.118464496039639,0.06094260302739,-0.1782128538733,0.0598310427838248,0.0451714201637168,0.104982799625984,0.083390999339886,0.00852966407624501,-0.008595680217649,-0.00484022458572955,0.0395660653586935,-0.0311774887188265,-0.0202363937441713,-0.0204812223558122,-0.0195491531206232,-0.00174226457049057,0.0214557778085962,0.00177207571224761,0.00253502790313471,-0.00103478275195286,0
0.222894692621432,-0.413387130447234,0.363426943483831,-0.195664730036353,0.334606649027675,0.492804085987029,0.0584991333219709,0.0756802954253151,-0.298753904460399,-0.00422453306701897,-0.0598727253406137,-0.00524757749301986,0.0178005768800652,-0.030206577826438,0.0392357776895032,0.10010792010318,-0.0891575925287433,-0.0945376296150756,0.0138788255088054,-0.0329112231039991,0.00479254096566509,0.0314937401340294,-0.0316337396555224,-0.0414737618802985,0.0345608528371183,-0.00663133744665361,0.0155023532538347,0.00202462456730104,0.00954340561955827,-0.0089099674319668,-0.00566880651671467,0
-0.525238224830385,0.202348107060067,-0.553686614795169,-0.0946639927617322,0.115258035916347,-0.134831807454344,-0.0666881280439436,-0.0109924087393833,0.0674538501580921,-0.237975867130656,0.136308983420659,0.0324832647126564,-0.106108584783033,-0.087944999312233,0.105979783497442,0.0217728688972365,0.0715024669418446,0.0156498306640426,0.0817986688584036,0.0589629773265136,-0.0539532929233041,-0.00166619106663555,0.00166542895860609,-0.0482148357257643,0.00816597733216414,0.0237023481267868,-0.0286548113942036,-0.0093028392644835,-0.000745081869842211,0.00649952897527704,-0.00216870202081707,0
-0.904401937766005,-0.176718698302764,0.00480424945172033,-0.053056755670089,0.114498500433902,0.287301685399333,0.155188490942839,-0.0671989244235044,-0.146111926379753,0.110335064521764,-0.0360092552297667,-0.0826793707985474,-0.0855047849566472,0.177285028436826,-0.0287777017483191,0.128917339944288,-0.0233444834429109,0.018696106574182,-0.10054669802616,0.085103183733743,0.0508999843131444,-0.0101108716020784,-0.0247626227652182,-0.0176557165878033,0.00731755014222949,-0.0450837887518545,0.0152756626284041,0.00448972559226037,0.00603309050986301,-0.00801016882451304,-0.0061007043161086,0
-0.960299095670399,-0.14351326373092,0.314270901576858,0.0937344001303422,-0.329803870352274,-0.0563234400969929,-0.0795811912746345,0.213980702928948,0.22702349520176,-0.0599688999587442,0.18327194668621,-0.0459709548512357,-0.0372238165547881,-0.0231781071103242,0.0851182253903189,0.0156744772682205,-0.0805983382347085,-0.0822900564578427,-0.00638736364023303,0.00734311586184888,0.0520822320202929,-0.0266918194313342,0.0293828797010699,0.00640764280475119,-0.00532697212069473,0.00413901555236744,0.0181152282443367,-0.0054259548110241,-0.00439051922778143,0.0231539296324159,-0.00395092475935336,0
-1.00525527778709,0.0331447253607826,0.226782910865265,-0.185083008166991,-0.520859260118915,0.0367481988044348,-0.213325781724095,0.297108127538238,0.111970897266162,-0.0581196022041695,0.197432519569157,-0.00567348213073671,0.0189588097209029,-0.0784930359419412,0.043704486652545,-0.11265522946915,-0.00207971565004688,-0.0688266788570936,-0.00565559097040593,-0.0404785754887405,-0.0381986320851145,0.0404650252392475,0.00954475551884116,-0.0286104028166548,0.0140358198289549,-0.0180797354872614,-0.0128002790000961,-0.00437514075211479,-0.00692011078377195,0.0188626485783645,0.00192865771655927,0
1.27306862604222,0.354895181581101,-0.121981442321486,0.188545435351554,-0.433697780394702,0.416956761645441,-0.146182473826646,-0.0539996694329173,0.252695789236601,0.16979056667863,-0.113598621229969,-0.388684887431911,-0.100779363344865,0.0863394521010154,0.0836401351960677,-0.0613357785913157,-0.0852832674654194,0.0644632499832762,0.134751148316126,0.053585199404272,0.0267934218138924,-0.0545304219000971,0.00515816737354836,-0.030035767977155,0.0430077540432942,0.0515062227796474,0.00583243102624143,0.000659442825066521,-0.0084056389950792,0.0158635582737558,-0.00434863118484111,0
-0.460312210757767,0.253847023834796,0.107306952184228,-0.0723261555758335,0.291032754080355,0.198907693216492,0.0604300046074462,-0.00530504661935243,-0.077198499472909,0.100060479807804,0.00291890523435687,-0.00620689216228911,0.0542575449687056,-0.0522793927146324,-0.120512927719012,0.0519064334499135,-0.0376815066726554,-0.0307252146339871,0.0207489144871482,0.0396858969773283,-0.0258796431634871,-0.0557719486056786,-0.0580362509886779,0.0175825404914107,-0.0282678714527078,-0.0250349280173495,-0.0122495855242823,0.0123474739549125,0.018926614914728,-0.00669945003143283,0.00173766543627706,0
-0.697165545483746,0.266936124215061,-0.160442636691444,0.138020095431346,0.245205733453754,0.0230029561760736,0.12012719117239,-0.0478256640690958,0.00636398926649924,-0.0414534558659127,0.181086432211495,-0.0467480175961125,-0.00383911772659548,-0.0735213408303264,-0.101210846686306,-0.156048963686748,0.0532473099711149,0.0495741681129537,-0.0265841912411156,0.0192728520646544,-0.0594370269336128,-0.0276723363553591,-0.00760358480479262,-0.0272843584000755,-0.0126292644965299,0.00710043304720366,-0.00102581635973353,-0.011284520790058,0.00886771098115515,-0.00349040162825112,0.000155547114331096,0
-0.915120007493672,0.1437140254835,-0.253728283371864,0.0362411843971621,0.420440045916892,0.284301139129513,0.264123175820756,0.044208181053889,-0.0180992729615852,-0.0286529592545229,0.0452890553979915,0.00972200994090869,-0.0863955064633056,-0.0289186901300332,-0.00169200445090111,-0.0384562202657522,0.0249820843163938,0.0123109609534639,-0.010286459618536,0.0539060248913217,0.0196942949598445,0.0516943736495583,0.0545782572233487,-0.0272312472956323,0.00368115118880156,-0.0181011916344311,0.0233224238392219,-0.000726015169789905,-0.00949544685463117,0.000540330792192812,-0.00489526864041268,0
-0.804259210424138,-0.387375502842803,0.498820145697088,0.160871250567669,-0.537390236689958,-0.11174150515092,-0.111513302419749,0.052182889220483,0.0493824100028516,0.0505815500381562,0.11206304804934,0.015813565390974,0.0919221787231886,-0.132180241492029,0.0327631769685471,0.0163990989319753,0.0559185526178083,-0.00152767453340326,-0.0214057299065064,0.00334929532114935,-0.0117545600740614,0.0200719140982866,0.000204834988806121,-0.00672686366487142,0.00129907599825839,0.0175472859721454,-0.0134293552532417,-0.00859848722275732,0.00982667527209227,0.00465850410991811,-0.00768814997359555,0
0.0277739036532739,-0.110564158088171,0.00945904506829256,-0.0775906278741076,0.327156606391518,-0.118922500988534,-0.202344640323043,0.648891789985985,-0.337657768391617,0.652878118920669,0.146261741633953,-0.0230450178579624,-0.0132305266494601,0.0575916784242064,-0.00794962482565272,-0.0148315740063409,-0.0251343963617768,0.0308953126077949,0.03032990090234,-0.0226054336010714,-0.0134143826647434,0.0072025970671023,-0.00331117555726849,0.0158588874095501,0.0353861633506509,0.014548861559237,0.00166113366176214,0.00230667272078377,0.0180654212784685,0.00717957909604464,0.000153735008596364,0
-0.193075060845094,0.157604533774982,0.0630960148429154,-0.0360612991911252,0.0925361829350222,0.0136404569320109,-0.11392066255876,-0.0979549157924669,-0.260169271274755,-0.0646112252719368,-0.062936130659664,0.0414192597087093,-0.0111219385684431,0.046084887166399,-0.0391386353493659,0.0269069179680015,0.126896059397095,0.0434445272013375,0.0734111907533397,-0.0850308703864936,0.0407412501053836,0.0290103420517934,0.038816320593473,0.0353324643918303,-0.019587146833768,-0.0123981567652129,0.028966450252472,-0.0113470376046369,-0.00907638613413988,0.0021474177002326,-0.000460308238340048,0
-1.12842479767454,-0.0350905398066741,0.34079420446771,-0.0756616193536453,-0.578789920342538,-0.207301509090618,-0.505673155663185,0.4031932399313,0.216054488621166,-0.25052284636664,0.00937600238587153,0.0750737469535811,0.0661199848001749,-0.0764972877588814,-0.00809580224555445,-0.0622501101048976,-0.0345070708878539,-0.0541280938741784,0.0300082964266194,-0.0124846766804347,-0.054529814260447,0.0104190385928939,0.011198899563952,-0.0101282468768781,-0.00743406407815382,0.030223952495914,-0.00445877441136591,-0.00524857938046698,-0.00477328104101692,-0.000810302643910283,0.00166414246206952,0
-0.902084985692524,-0.236442193766869,0.484216226340743,0.146678705287496,-0.271727948114276,-0.155495746669264,-0.130061056719495,0.0786809171604207,0.307017728695744,0.0784189827410177,0.0848370928823812,-0.0695559418977967,0.00764751755995819,0.0496791129396943,-0.0842902740059023,0.00357875524846367,0.0707439385803227,-0.0238855195349084,-0.0644063868353544,0.0543701754875687,0.0525117472054567,0.0216239727232934,-0.0221286860236967,0.00994627438414637,-0.00148555709218967,0.0172407119625224,0.0169608120456442,-0.00909610822228282,-0.00711620734719761,-0.00955558494365765,-0.000570692088366002,0
-0.725352857901232,0.263742050664219,-0.025400983068739,0.302387875818301,0.0505406025382836,0.195555433550881,0.423331467649159,0.0433054797820449,-0.366090532431817,-0.213228594239743,0.0155719516923856,-0.120144906099129,-0.0711223830072969,0.117078832591061,-0.023952577179603,-0.179528605270183,-0.0109312340561993,0.0462067224008368,0.00843541251833685,-0.0150633494381973,0.0331490500209335,0.0394525861771613,0.0483357320343509,-0.0263869006569885,-0.0100934910827482,-0.0183696531021187,0.0322298797213337,0.00991648483405006,-0.00716120996252325,0.00357762385392054,0.00513213368207061,0
0.788735240399487,0.0505511082968912,0.0977380452738934,-0.116899877898069,-0.293374124243065,0.336907492867643,0.93367979374575,0.371835235589711,-0.0699186835256387,-0.177625750116784,-0.0888441554393195,0.315170944272338,0.155537873458982,0.00695007777466952,-0.151567604971481,-0.00481549083378465,-0.168695906702997,0.0586110025076574,0.0880221827825272,0.0248200683194389,0.0584352969173613,0.0472315810846484,-0.0178405286831729,0.0135826719105798,-0.0496354124040782,0.0178414103622747,0.0270176278240521,-0.00212185468537753,0.0203386212339915,0.00587256980221635,0.000906459959293146,0
0.508136050303148,0.308964379691779,1.33395544142593,0.182346723376363,-0.191253410279781,-0.0338833580014615,0.0489959686705234,0.207801806500457,0.0357112556865521,0.177774279624222,-0.0502773840214321,0.137314305267094,-0.02985507891897,0.103350367361552,0.145027590365502,0.0170607415775194,-0.0360456953457871,-0.0508380692600252,0.0577494207252055,0.0924582266878656,-0.0245941718076097,-0.03057418122234,0.0412540125558404,0.0138526610385522,0.0438915087064532,0.0359323393594233,0.0294839587058597,-0.0164898132846772,-0.00480785849107017,-0.0114475433942144,0.00667929740334386,0
-0.218232387712097,0.500192967538332,0.326176077545601,-0.377685010647704,-0.327195212487155,-0.134378862392617,-0.184678439875936,0.0412582546396095,0.187014609146371,0.244566484108069,-0.0293633821678368,0.154210683975292,0.00251737577738982,0.0957408268422372,-0.0474898964647203,-0.0875690414784125,-0.118644296323728,-0.0637758927721158,0.0267296535083582,-0.0579559938313005,0.0378475742345626,0.00800382294638113,0.0298027507567734,-0.0165542750092228,-0.0580804693468068,0.00372022701675802,-0.000297958729159899,0.0161448494342006,-0.0221778000077033,-0.00264394022499326,0.00211419739302753,0
-0.328219742894827,0.570156666762714,-0.441748323325095,0.236391969659969,-0.233413798068318,0.549788807334494,-0.458794276622291,-0.0636197158530699,0.0796758471071396,0.264334770698487,-0.353325468229447,0.0200517927350718,0.0854247280727365,-0.140918430590293,-0.0869275195340523,-0.0858673786330255,-0.0626601373425141,0.0404216338775156,-0.0196417951421767,0.0190096419277582,-0.0311779537366549,0.0359093438022231,0.00498000561339376,-0.033875496402981,-0.0258359296626552,0.0210864347071826,0.030032939021846,0.0261746103541816,0.0118591612719723,0.0122810147786756,0.00632797828204257,0
-0.847296864429091,0.0347394528135169,-0.0890868542508479,0.0644239311891086,0.175144512026032,-0.0666749721006101,-0.00949218229927876,0.0387217610027715,0.189727502017887,-0.0939506393012882,-0.0168210673144624,-0.0530472801151571,-0.130859302743963,0.0285168761268392,0.0788004685099155,0.0531581216042421,-0.0190946541575731,-0.0442567128911031,-0.0396179207153554,0.00165676942378544,-0.0360871304848149,0.0112291840336836,0.000299464864149899,-0.00196227361798618,0.018196518568845,0.0013675155170704,0.0202667505519734,0.000836228547979659,0.00689213056460867,-0.0133442345184171,-0.00294320004974509,0
-0.584435388685089,0.251753668021113,0.142267604834287,-0.177890775557901,-0.183854930746052,-0.154101944498574,-0.218823897716277,-0.0544354086706894,0.0408338590120464,0.0992091155379364,-0.0852863394340522,-0.0153701943583177,-0.0653647615011664,0.0904034083568402,0.0480108325759561,0.132132573361128,0.0268588319056536,-0.0501214522976721,-0.0388446719128609,0.0406887671154431,-0.0172036391363476,0.0110660835249931,0.0391844342069556,0.0194344109799621,-0.00759225355358548,-0.0187026137909197,0.000103048204682853,0.0187589839197111,0.010005203840541,-0.00698324886029677,-0.0022732698797859,0
-0.126589304860412,0.199461852229688,0.0789260307566371,-0.320590928420918,-0.349132667324308,0.0933291008891882,0.184340658007103,0.0373992821143885,0.0152368183076207,0.177085291488815,0.113343461763386,0.0632178203724978,0.0663132144546724,-0.0391713592308734,-0.0252631645220987,-0.0158452045349489,-0.191149079067454,-0.080774546945618,0.00822749274399744,-0.0673587114895151,-0.0294633902743219,-0.0630139135934539,-0.0119930113754633,-0.0119362322874991,-0.0230705328595211,0.000197143109877806,-0.00545828227959704,0.0136463765260714,-0.0146362429499592,0.00667137443555048,-0.00396734370784443,0
-0.574959028745552,-0.267329747835108,0.538546915704952,0.246297817285134,-0.56467981328377,-0.262160453838431,-0.0593614448405866,-0.0905121546915357,0.0282580781274368,0.100828226790898,0.0977654474423018,-0.086222522787352,0.166838808199502,-0.2540301509147,-0.0115640743606765,-0.0639749945579901,0.11353926584829,0.0441782250363778,-0.0456015962025483,0.0222098518905614,0.00326929917448448,0.0269212917847598,0.00890043042320262,-0.013527233740972,-0.00293901170517914,0.0203491195653979,-0.0312176320610273,-0.0148604916105598,0.0112009437078088,-0.00625215125713518,-0.00664553978811579,0
0.320430288300011,-0.669364163446347,0.146326275394112,-0.291963706156219,0.204749073564052,0.194984495493059,-0.313758643372992,0.0303797022253092,-0.170204028843053,-0.192987494441854,-0.0448922348518293,-0.0863781680210614,-0.0373040087762707,0.000670156260609839,0.0719551112352904,-0.0211766800316955,-0.112969352206343,0.113420135701001,0.0185689396781698,0.0557570366938929,-0.0478501657092503,0.0632957676322178,-0.0609512688588832,0.0493343666299161,-0.0728345567270612,0.0326957710041782,0.0169735979993354,-0.0287188361802629,0.00294595455643647,0.00804351796997496,-0.00211495136327384,0
-0.0343761246303877,0.0688644898393216,0.0774511705851724,0.354305292349879,0.0099315264757672,0.00689121759874767,0.498969317469492,0.035097685332618,-0.161018833194295,-0.257925052191177,0.0716103319642714,-0.150584437064638,-0.019021220598889,-0.000382193243895753,0.0301972975127052,-0.0301728908259907,-0.0705757916402923,-0.0148603669125965,-0.0427567925024198,-0.0712279583353297,-0.00165534699540422,0.014830132834376,0.0417302712085219,0.0660063264258771,0.0415115137585013,-0.0546011751623464,-0.0312876874834568,0.00925288233069172,-0.00933172450616846,-0.0104543161636189,0.000376196546507727,0
-0.294448093626906,0.442353975433263,0.024080796964888,-0.123974168629639,0.127026929373763,-0.20711158952974,0.0586192833381226,-0.107447475001758,0.343119189420785,0.159558067221632,-0.0133785637836171,-0.0857078944115026,-0.136058739806939,0.115311236829848,-0.0165972259598073,-0.0984587965619906,-0.00880721093598526,-0.0239208762206837,0.0309245177861938,-0.0302541562784627,-0.00476430523105865,-0.0226986857813722,-0.104650689967747,0.0199511026581609,0.00295944061131942,0.0172856917241706,-0.0162248674158461,0.0133215586879111,0.0138433030854181,-0.0170863403491403,0.00629618050995783,0
-0.302994573895118,-0.750875718328336,0.695340314415266,-0.048278400740772,-0.00805995908403672,0.282572435547708,-0.220539315673522,0.283136663996194,0.0218408056170234,-0.117255258070801,0.00628954960691811,-0.114313278899321,-0.0556626400992313,0.0957824623101646,0.0649226598363012,0.0834298583754758,-0.0127958903967662,-0.0478096856560278,0.0234706154552763,0.0558371468668687,0.0410298973086667,0.0203367925962197,-0.026542121297971,0.0587563483684164,-0.00793798030039916,-0.0076746843325327,-0.0141444809097667,0.0301689463935665,-0.00220207604345008,0.00113651633357134,-0.0040846179042252,0
-0.803512343951265,-1.65196925087058,-0.0023325831723463,0.14697642099258,-0.115370256348434,0.349783395800092,0.223173757876074,-0.359245020509734,-0.320449415871533,0.284069657165744,-0.203676088009348,0.627252888686689,-0.129188086160559,-0.00264452531946936,0.309352432197161,-0.39146021713954,0.190527121057659,-0.152713925535249,0.108022450043139,0.00657161495766889,-0.0226327280693136,-0.0392090058446064,-0.0259366613685013,0.0356286437337616,-0.0243946468113634,-0.0248039079256691,0.0209190859954416,-0.000845833318133346,-0.00760224838287727,0.00657106568796045,-0.00366178833221762,0
