0.3033707865168539,0.0,0.0,0.43478260869565216,0.0,0.0,0.18518518518518517,0.4,0.0,0.4000000000000001,0.2857142857142857,0.0,0.0,0.42857142857142855,0.0,0.0,0.375,0.0,0.0,0.3333333333333333,0.0,0.0,0.18181818181818182,0.5,0.0,0.0,0.16666666666666666,0.0,0.0,0.0,0.15850858562206405,0.27763668093489824,0.3146428104565069,0.3178736267921834,0.3467656591116991,0.030769288236234104,0.6928053129069377,0.5368073148527412,0.7965631617092721,0.329249797329501,0.012063344777861184,0.7923079520073255,0.5840334391338561,0.8975873179520101,0.4667303934314797,2
0.4269662921348314,0.0,0.0,0.5652173913043479,0.0,0.0,0.2222222222222222,0.6000000000000001,0.0,0.2,0.42857142857142855,0.0,0.0,0.5714285714285714,0.0,0.0,0.5,0.0,0.0,0.41666666666666663,0.0,0.0,0.2727272727272727,0.5,0.0,0.4,0.3333333333333333,0.0,0.0,0.0,0.27034978219125794,0.3547793707789989,0.2333734283581652,0.36011643299021695,0.4678218866421715,0.08074367187052231,0.6856536743562582,0.5806439521531606,0.6221712765632882,0.534205379502344,0.008796799789397841,0.8826611448753541,0.6407119803942138,0.9919958475251031,0.5120250565261149,2
0.2808988764044944,0.0,0.0,0.3260869565217391,0.0,0.0,0.14814814814814814,0.4,0.0,0.4000000000000001,0.2857142857142857,0.0,0.0,0.2857142857142857,0.0,0.0,0.25,0.0,0.0,0.08333333333333333,0.0,0.0,0.09090909090909091,0.25,0.0,0.2,0.0,0.0,0.0,0.0,0.36395382742999605,0.47193219242736795,0.6351513095375219,0.7697796005694464,0.34726392201647516,0.4785909866578948,0.6915608420067179,0.7532543795969917,0.4382362154600753,0.2310036068415938,0.8330654110483896,0.7572303225474002,0.8330654110483896,0.0,0.22191477462283812,2
0.4044943820224719,0.0,0.0,0.47826086956521735,0.0,0.0,0.2962962962962963,0.4,0.0,0.2,0.2857142857142857,0.0,0.0,0.2857142857142857,0.0,0.0,0.25,0.0,0.0,0.41666666666666663,0.0,0.0,0.18181818181818182,0.5,0.0,0.0,0.3333333333333333,0.0,0.0,0.0,0.11338146037657282,0.5302018443118469,0.4476570231853283,0.7017526906119802,0.4778341587688255,0.08362970069649199,0.6906700442680773,0.5405285263047022,0.7438521266120562,0.3315321956547073,0.9454839510533026,0.9180378845268818,0.9777307384294388,0.07156529476886053,0.5209024251465096,2
0.38202247191011235,0.0,0.0,0.5434782608695653,0.0,0.0,0.2962962962962963,0.4,0.0,0.4000000000000001,0.2857142857142857,0.0,0.0,0.2857142857142857,0.0,0.0,0.25,0.0,0.0,0.41666666666666663,0.0,0.0,0.36363636363636365,0.5,0.0,0.2,0.0,0.0,0.0,0.0,0.20296231050732416,0.42280583037561825,0.4372866483509945,0.5235645434574294,0.4508806174377106,0.06288073629454392,0.6877510179428794,0.4745252859618697,0.6948507284606613,0.3880656364839307,0.847976964113618,0.8445325914610853,0.8885438950535268,0.09003018926254483,0.4733866407084537,2
0.2247191011235955,0.0,0.0,0.2608695652173913,0.0,0.0,0.3333333333333333,0.0,0.0,0.2,0.2857142857142857,0.0,0.0,0.2857142857142857,0.0,0.0,0.375,0.0,0.0,0.25,0.0,0.0,0.18181818181818182,0.0,0.0,0.2,0.0,0.0,0.0,0.0,0.23929198090854076,0.176901069830776,0.2154962784621013,0.1804262960632766,0.251080668720285,0.0476832101269215,0.6278708081892775,0.5438404050805967,0.63646044954191,0.27796960876843424,0.0,0.0,0.0,0.0,0.0,2
0.38202247191011235,0.0,0.0,0.47826086956521735,0.0,0.0,0.18518518518518517,0.8,0.0,0.2,0.5714285714285714,0.0,0.0,0.5714285714285714,0.0,0.0,0.5,0.0,0.0,0.3333333333333333,0.0,0.0,0.18181818181818182,0.75,0.0,1.0,0.16666666666666666,0.0,1.0,0.0,0.9109474529142929,0.22502234121091833,0.14023405640041675,0.16161865864083053,0.39437286140124905,0.1275948316224433,0.6805485453898329,0.5895356020921154,0.6736834048002182,0.542385895655879,0.04428765144342426,0.7845909090639865,0.5141475347131492,0.8370428738013332,0.6848017741198053,2
0.2247191011235955,0.0,0.0,0.34782608695652173,0.0,0.0,0.2222222222222222,0.2,0.0,0.6000000000000001,0.14285714285714285,0.0,1.0,0.14285714285714285,0.0,1.0,0.125,0.0,0.0,0.08333333333333333,0.0,0.0,0.0,0.25,0.0,0.0,0.16666666666666666,0.0,0.0,0.0,0.11458316378184907,0.27231657830366385,0.5910723575575183,0.3956436234185963,0.2893625949672491,0.003646873992110689,0.6801162158302696,0.49689732057133656,1.0,0.10159035813223775,0.9749942820801368,0.8862392135238083,0.9749942820801368,0.0,0.25972226609922416,2
0.2808988764044944,0.0,0.0,0.3695652173913043,0.0,0.0,0.18518518518518517,0.4,0.0,0.2,0.42857142857142855,0.0,0.0,0.42857142857142855,0.0,0.0,0.375,0.0,0.0,0.3333333333333333,0.0,0.0,0.18181818181818182,0.5,0.0,0.0,0.3333333333333333,0.0,0.0,0.0,0.9185557608517225,0.22701205089951096,0.2559127679418536,0.24408562611168044,0.30327692961167363,0.4072580753418813,0.845275007542916,0.9052177251009684,0.6155574227659674,0.37014243817985965,0.8955428896118918,0.8881298268536985,0.9363085630655608,0.09047125852052935,0.4988340675161177,2
0.3258426966292135,0.0,0.0,0.43478260869565216,0.0,0.0,0.37037037037037035,0.0,0.0,0.0,0.2857142857142857,0.0,0.0,0.42857142857142855,0.0,0.0,0.375,0.0,0.0,1.0,0.0,0.0,0.36363636363636365,0.5,0.0,0.2,0.3333333333333333,0.0,0.0,0.0,0.044589986145997074,0.2469710958549037,0.07726033216221273,0.18510075961616573,0.41925036765804824,0.07744768780928299,0.6668109368794833,0.3709785378328866,0.6084483741267452,0.5309243715006986,0.029908467669154268,0.8528822080373574,0.42283753483695613,0.8724749528455541,0.5631844450685586,2
0.4606741573033708,0.0,0.0,0.5652173913043479,0.0,0.0,0.25925925925925924,0.6000000000000001,0.0,0.0,0.5714285714285714,0.0,0.0,0.5714285714285714,0.0,0.0,0.375,0.0,0.0,0.3333333333333333,0.0,0.0,0.2727272727272727,0.75,0.0,0.2,0.5,0.0,0.0,0.0,0.08770760658723287,0.4349288929820754,0.2590977864168438,0.4664949769855154,0.5201928555608013,0.11235621654741343,0.6780201551206798,0.5616817164517534,0.6903686054583006,0.4593419555175216,0.005020040413149745,0.874114293261847,0.6942932879114377,0.8883043630119222,0.7397927532010635,2
0.3033707865168539,0.0,0.0,0.3695652173913043,0.0,0.0,0.37037037037037035,0.0,0.0,0.8,0.0,0.0,0.0,0.14285714285714285,0.0,0.0,0.25,0.0,0.0,0.25,0.0,0.0,0.09090909090909091,0.0,0.0,0.4,0.0,0.0,0.0,1.0,0.3829280917238238,0.37534427879825605,0.47675985845018953,0.53452253227168,0.35448325781736617,0.09539653655529504,0.4795047164573158,0.44654726525889693,0.4218500532092779,0.22824079906720857,0.3941670049633498,0.3582854411519947,0.3941670049633498,0.0,0.10499953654313945,2
0.4044943820224719,0.0,0.0,0.45652173913043476,0.0,0.0,0.3333333333333333,0.2,0.0,0.4000000000000001,0.2857142857142857,0.0,0.0,0.2857142857142857,0.0,0.0,0.25,0.0,0.0,0.25,0.0,0.0,0.18181818181818182,0.25,0.0,0.0,0.3333333333333333,0.0,0.0,0.0,0.531594242798965,0.25616411823638185,0.15186794537026982,0.20594300691189654,0.41939720826336524,0.035560348223821085,0.6784683602835062,0.45791487835840744,0.7237152783619017,0.3276714744921078,0.7000995015798399,0.8333908848982523,0.8084764007926243,0.2405208508937476,0.4307293422349452,2
0.4269662921348314,0.0,0.0,0.47826086956521735,0.0,0.0,0.3333333333333333,0.4,0.0,0.2,0.2857142857142857,0.0,0.0,0.2857142857142857,0.0,0.0,0.25,0.0,0.0,0.3333333333333333,0.0,0.0,0.2727272727272727,0.5,0.0,0.4,0.16666666666666666,0.0,0.0,0.0,0.9123974959551777,0.47964809788088236,0.37711188432779474,0.596856239475821,0.4791215417730542,0.2599944973548432,0.6909022450107509,0.6962742983397864,0.5740051646184555,0.3558821531039856,0.0071703692505580155,0.8883543075717525,0.6308413194157101,0.9807269280645462,0.5041369166128281,2
0.3707865168539326,0.0,0.0,0.47826086956521735,0.0,0.0,0.14814814814814814,0.6000000000000001,0.0,0.2,0.42857142857142855,0.0,0.0,0.42857142857142855,0.0,0.0,0.5,0.0,0.0,0.41666666666666663,0.0,0.0,0.09090909090909091,0.75,0.0,0.0,0.16666666666666666,0.0,0.0,0.0,0.05589502023223858,0.33556870417611573,0.24708141263981664,0.3618651811700481,0.42213386535109854,0.05989992282989578,0.6821128535699302,0.5669130939425329,0.783357094490132,0.40566764300599617,0.8496561754511944,0.8193830511727193,0.8790114221558153,0.04816155882718039,0.7024620841950102,2
0.5955056179775281,0.0,0.0,0.6304347826086957,0.0,0.0,0.5185185185185186,0.4,0.0,0.4000000000000001,0.42857142857142855,0.0,0.0,0.42857142857142855,0.0,0.0,0.375,0.0,0.0,0.5,0.0,0.0,0.5454545454545454,0.75,0.0,0.2,0.6666666666666666,0.0,1.0,0.0,0.3720960190784366,0.6190009753397026,0.3440039364091043,0.6793124776186157,0.6587004691194879,0.027679682550836672,0.683973345984639,0.48920850040779573,0.7176273061932574,0.5000919173866624,0.37188568851900333,1.0,0.8388812360350804,0.6177376887418136,0.8938560548121923,2
0.1910112359550562,0.0,0.0,0.3043478260869565,0.0,0.0,0.2222222222222222,0.2,0.0,0.8,0.14285714285714285,0.0,0.0,0.2857142857142857,0.0,0.0,0.25,0.0,0.0,0.16666666666666666,0.0,0.0,0.18181818181818182,0.25,0.0,0.0,0.3333333333333333,0.0,0.0,0.0,0.41843507895014653,0.20533938463999182,0.5218790601232643,0.2912839048906321,0.23049390612764825,0.04120423649981334,0.6848768923137786,0.5165351043430625,0.8751107729979039,0.2112105824106612,0.3192853870819972,0.8303109383708623,0.6163751450657445,0.6593312957014321,0.32838418108908546,2
0.5056179775280899,0.0,0.0,0.49999999999999994,0.0,0.0,0.7037037037037037,0.0,0.0,0.0,0.5714285714285714,0.0,0.0,0.5714285714285714,0.0,0.0,0.75,0.0,0.0,0.8333333333333333,0.0,0.0,0.7272727272727273,0.0,0.0,0.2,0.5,0.0,0.0,0.0,0.08650729834844828,0.3471124571430525,0.1042681482462946,0.28242662003684454,0.5498699235613596,0.009985071419408109,0.6934044966603904,0.4678768828476262,0.6506422164747769,0.7174286032922199,0.014869198103279494,0.6441115864626874,0.3866360320829061,0.6320493454715501,0.514967052903861,2
0.2247191011235955,0.0,0.0,0.3695652173913043,0.0,0.0,0.18518518518518517,0.2,0.0,0.6000000000000001,0.14285714285714285,0.0,0.0,0.2857142857142857,0.0,0.0,0.25,0.0,0.0,0.16666666666666666,0.0,0.0,0.18181818181818182,0.25,0.0,0.2,0.3333333333333333,0.0,0.0,0.0,0.4434225108253278,0.1903109867059394,0.40458027371388194,0.21560635944991396,0.2578120268500145,0.0995801344004153,0.6768140903515859,0.5760551882391407,0.7461659440536124,0.23554827307122228,0.2974165428055534,0.7664938540259343,0.5703366046568302,0.605691489415671,0.3038563776697806,2
0.2696629213483146,0.0,0.0,0.2391304347826087,0.0,0.0,0.25925925925925924,0.2,0.0,0.0,0.14285714285714285,0.0,0.0,0.14285714285714285,0.0,0.0,0.125,0.0,0.0,0.08333333333333333,0.0,0.0,0.09090909090909091,0.25,0.0,0.0,0.16666666666666666,0.0,0.0,0.0,0.12019219813596393,0.2688132121147875,0.23946016229528144,0.33733712364224416,0.3013686303218125,0.2784177362136502,0.6898727361930961,0.6413847708867348,0.7358676250377906,0.13113073038918152,0.9452252599780144,0.8591801063884605,0.9452252599780144,0.0,0.2517922935629487,2
0.449438202247191,0.0,0.0,0.49999999999999994,0.0,0.0,0.2962962962962963,0.2,0.0,0.0,0.42857142857142855,0.0,0.0,0.42857142857142855,0.0,0.0,0.375,0.0,0.0,0.3333333333333333,0.0,0.0,0.18181818181818182,0.25,0.0,0.2,0.16666666666666666,0.0,0.0,0.0,0.5258982430668357,0.29751402992657616,0.1241714826426823,0.2506727459018638,0.4613384455448547,0.4667190939335613,0.7301655785330413,0.7453465703427503,0.4635974238382567,0.38096414429590625,0.5974812481551156,0.5625445333614478,0.6081817405804194,0.023747602688494025,0.32401900763297825,2
0.8876404494382022,0.0,0.0,1.0,0.0,0.0,0.5925925925925926,1.0,0.0,0.4000000000000001,1.0,0.0,0.0,1.0,0.0,0.0,0.875,0.0,0.0,0.9166666666666666,0.0,0.0,0.5454545454545454,1.0,0.0,0.2,0.3333333333333333,0.0,0.0,0.0,0.950413922645458,1.0,0.38682560740293814,1.0,0.992343197631359,0.004916661306821021,0.6950170730887918,0.5754336275339844,0.6195988273147428,1.0,0.074977405256837,0.8743488430358559,0.6077575393461304,0.8373409220430732,0.9713790219636893,2
0.6292134831460674,0.0,0.0,0.717391304347826,0.0,0.0,0.4444444444444444,0.6000000000000001,0.0,0.4000000000000001,0.7142857142857142,0.0,0.0,0.7142857142857142,0.0,0.0,0.75,0.0,0.0,0.5833333333333333,0.0,0.0,0.4545454545454546,0.75,0.0,0.2,0.16666666666666666,0.0,0.0,0.0,0.9402543202493074,0.6601975005668169,0.3567098677847893,0.7152501385255106,0.6985449772346417,0.1504416648991821,0.6872120492300853,0.587728756947323,0.6158963873082567,0.7209647437934404,0.07628258969966417,0.9246390391514511,0.6785838325245707,0.7944003688461821,0.7230538023077028,2
0.2696629213483146,0.0,0.0,0.34782608695652173,0.0,0.0,0.18518518518518517,0.4,0.0,0.0,0.2857142857142857,0.0,0.0,0.2857142857142857,0.0,0.0,0.25,0.0,0.0,0.16666666666666666,0.0,0.0,0.18181818181818182,0.5,0.0,0.0,0.3333333333333333,0.0,0.0,0.0,0.13577574279826798,0.2241692597572645,0.2086163512559569,0.23959464298464644,0.2977911287413735,0.008590383164567169,0.6844058359038313,0.5087628048268726,0.8231479915554525,0.2600406231175461,0.9381832588429014,0.8890798718979165,0.9581513427500359,0.04431516833335593,0.5104711741983324,2
0.4943820224719101,0.0,0.0,0.5217391304347826,0.0,0.0,0.3333333333333333,0.4,0.0,0.0,0.42857142857142855,0.0,0.0,0.42857142857142855,0.0,0.0,0.625,0.0,0.0,0.5,0.0,0.0,0.36363636363636365,0.5,0.0,0.6000000000000001,0.16666666666666666,0.0,0.0,0.0,0.10336276979613412,0.3580871979015,0.10371036328567307,0.3203287891074998,0.5153075090069574,0.01936898410828138,0.6820751690571343,0.5567405062088542,0.6390171662242072,0.512213676385933,0.6704080216388242,0.841284432469507,0.7979726960366832,0.28310428009124694,0.42513331761861634,2
0.4719101123595506,0.0,0.0,0.5217391304347826,0.0,0.0,0.4074074074074074,0.4,0.0,0.2,0.5714285714285714,0.0,0.0,0.5714285714285714,0.0,0.0,0.5,0.0,0.0,0.3333333333333333,0.0,0.0,0.36363636363636365,0.75,0.0,0.2,0.16666666666666666,0.0,0.0,0.0,0.9716474265456476,0.357877928891977,0.18984267948936617,0.3415944348113809,0.49599167905308605,0.036341037464562256,0.909141036053094,0.6522928752618312,0.9926993559039099,0.46676310017262523,0.8431387242294491,0.8933870586569894,0.8917661302356433,0.14305780473969087,0.7126550106976953,2
0.3595505617977528,0.0,0.0,0.45652173913043476,0.0,0.0,0.2962962962962963,0.4,0.0,0.6000000000000001,0.42857142857142855,0.0,0.0,0.42857142857142855,0.0,0.0,0.375,0.0,0.0,0.25,0.0,0.0,0.18181818181818182,0.75,0.0,0.4,0.3333333333333333,0.0,0.0,0.0,0.4072616555696671,0.3180084827874984,0.3132973752096473,0.35740265644163133,0.39547886165744145,0.20300838505535737,0.6899213251606583,0.6423425198558448,0.6943937184444055,0.3939796247684793,0.6687633458856064,0.8822571980423387,0.8566412688938425,0.29705983927258417,0.6845849735135271,2
0.348314606741573,0.0,0.0,0.47826086956521735,0.0,0.0,0.3333333333333333,0.6000000000000001,0.0,0.8,0.42857142857142855,0.0,0.0,0.42857142857142855,0.0,0.0,0.375,0.0,0.0,0.3333333333333333,0.0,0.0,0.09090909090909091,0.5,0.0,0.2,0.16666666666666666,0.0,0.0,0.0,0.9113129865352487,0.3226864047250011,0.3967170270793381,0.3746987242167887,0.39469286057754904,0.02234582875800951,0.6799555354820935,0.43858500801434724,0.7660125187690355,0.40350798416400535,0.8748032937824871,0.8626397155550922,0.9119173179013573,0.0823671532033339,0.4858392231699269,2
0.2696629213483146,0.0,0.0,0.3913043478260869,0.0,0.0,0.1111111111111111,0.2,0.0,0.0,0.2857142857142857,0.0,0.0,0.2857142857142857,0.0,0.0,0.25,0.0,0.0,0.3333333333333333,0.0,0.0,0.18181818181818182,0.25,0.0,0.2,0.16666666666666666,0.0,0.0,0.0,0.38679921368416537,0.2691166405027162,0.3482991513972653,0.34496337351830103,0.30164872613110094,0.07818705468291552,0.6816529421541927,0.5044522905062017,0.587747876789348,0.3094049015653449,0.8595652817028518,0.7813178735812255,0.8595652817028518,0.0,0.22897389956768324,2
0.2808988764044944,0.0,0.0,0.3913043478260869,0.0,0.0,0.18518518518518517,0.4,0.0,0.4000000000000001,0.2857142857142857,0.0,0.0,0.2857142857142857,0.0,0.0,0.25,0.0,0.0,0.16666666666666666,0.0,0.0,0.0,0.5,0.0,0.2,0.16666666666666666,0.0,1.0,0.0,0.5087860609845878,0.21360275045405866,0.25603192486132853,0.21554847706013341,0.3032907503443709,0.011425050856277591,0.6875132046131937,0.6247875662631588,0.8297171478072852,0.2554748837858995,0.9600586192673374,0.8745579240212731,0.9611008771386811,0.0023130828791670293,0.5120425880403134,2
0.38202247191011235,0.0,0.0,0.3913043478260869,0.0,0.0,0.4074074074074074,0.0,0.0,0.6000000000000001,0.0,0.0,0.0,0.14285714285714285,0.0,0.0,0.375,0.0,0.0,0.3333333333333333,0.0,0.0,0.18181818181818182,0.0,0.0,0.4,0.0,0.0,0.0,0.0,0.4591488275253326,0.4847140649840832,0.44788475766240365,0.656798047236786,0.43978846183987585,0.41276468931358057,0.5157912941879977,0.5981922456593713,0.2618958057262605,0.24460008920389664,0.013212141668876505,0.3904874666906744,0.22140307001796503,0.46203812434758434,0.11795619343266006,2
0.3932584269662921,0.0,0.0,0.45652173913043476,0.0,0.0,0.2222222222222222,0.6000000000000001,0.0,0.4000000000000001,0.42857142857142855,0.0,0.0,0.42857142857142855,0.0,0.0,0.375,0.0,0.0,0.41666666666666663,0.0,0.0,0.2727272727272727,0.5,0.0,0.2,0.0,0.0,0.0,0.0,0.3952994980656035,0.5205971072963176,0.49151915119580947,0.7097155601222034,0.4590770706451486,0.03207759640163885,0.690624742672908,0.5210987064892887,0.7123281109599082,0.47942242612881364,0.008126288161005963,0.7900015458962377,0.40969938402853023,0.8904765662956143,0.4365484163140981,2
0.6179775280898876,0.0,0.0,0.6521739130434783,0.0,0.0,0.4444444444444444,0.8,0.0,0.0,0.7142857142857142,0.0,0.0,0.7142857142857142,0.0,0.0,0.75,0.0,0.0,0.6666666666666666,0.0,0.0,0.5454545454545454,1.0,0.0,0.6000000000000001,0.5,0.0,0.0,0.0,0.3674473243264469,0.4365338843160228,0.13788002632437601,0.3767002652662111,0.6377158218227871,0.39801727344983046,0.7012883372767102,0.7340373919032503,0.5062272384041931,0.8254042664607119,0.06275962777156185,0.867818171802971,0.7260309034834677,0.7536052159254218,0.9670128070314911,2
0.4719101123595506,0.0,0.0,0.47826086956521735,0.0,0.0,0.6666666666666667,0.0,0.0,0.0,0.5714285714285714,0.0,0.0,0.5714285714285714,0.0,0.0,0.5,0.0,0.0,0.75,0.0,0.0,0.7272727272727273,0.0,0.0,0.0,0.5,0.0,0.0,0.0,0.12058423992027123,0.27983626867254285,0.0870983369965721,0.19490818662664805,0.5007871458464122,0.013115532552511721,0.7184839408250518,0.4227399476435492,0.7071655816893063,0.6482169590167782,0.29412849452871614,0.5030506278056387,0.40837885405718166,0.25982620061805217,0.5439266842490975,2
0.8202247191011236,0.0,0.0,0.6956521739130435,0.0,0.0,0.8148148148148149,0.4,0.0,0.8,0.2857142857142857,0.0,0.0,0.42857142857142855,0.0,0.0,0.625,0.0,0.0,0.9166666666666666,0.0,0.0,0.8181818181818182,0.5,0.0,0.8,0.3333333333333333,0.0,0.0,1.0,0.023542504444767687,0.47178021520854263,0.04990187909884014,0.3199808227594358,0.8441364167334077,0.06434289440302543,0.6698078979843355,0.4254623614259413,0.524645840840123,0.7828697135540164,0.15388274452334025,0.7292827692983822,0.48323916413460016,0.6786034282242159,0.5149075151873251,2
0.6629213483146067,0.0,0.0,0.5869565217391305,0.0,0.0,0.8148148148148149,0.0,0.0,0.0,0.42857142857142855,0.0,0.0,0.42857142857142855,0.0,0.0,0.5,0.0,0.0,0.5,0.0,0.0,0.9090909090909092,0.25,0.0,1.0,0.6666666666666666,0.0,1.0,0.0,0.05589222989925613,0.34096217144272034,0.0,0.2045782200460759,0.6627833613331087,0.008877071677614553,0.7139092013312736,0.47490989414386847,0.7162967826083421,0.6796652942262064,0.04384976629835213,0.7307078368647092,0.4195797214868024,0.7207399059421291,0.5588453085147267,2
0.5955056179775281,0.0,0.0,0.49999999999999994,0.0,0.0,0.8148148148148149,0.0,0.0,0.4000000000000001,0.7142857142857142,0.0,0.0,0.7142857142857142,0.0,0.0,0.75,0.0,0.0,1.0,0.0,0.0,1.0,0.0,0.0,0.2,1.0,0.0,1.0,1.0,0.9485574210998493,0.3473772140926197,0.10113804465045906,0.2514949988193412,0.6066296724755115,0.02780458349096718,0.7108788052437919,0.4746254142337085,0.6384741873782005,0.8733319225730797,0.04068552483336565,0.6391534648509988,0.36213674918499267,0.4995879862331793,0.9646720895169529,2
0.24719101123595505,0.0,0.0,0.3260869565217391,0.0,0.0,0.18518518518518517,0.4,0.0,0.4000000000000001,0.2857142857142857,0.0,0.0,0.2857142857142857,0.0,0.0,0.25,0.0,0.0,0.16666666666666666,0.0,0.0,0.0,0.5,0.0,0.0,0.16666666666666666,0.0,0.0,0.0,0.39993238093067873,0.2325576881712688,0.3183449862119798,0.2919169525743794,0.27380249068812673,0.007619891186767782,0.680955457948213,0.40797785494658495,0.9220463295623579,0.2085270672540056,0.1594253800054603,0.8757312651887268,0.6181168028215788,0.7498645368693558,0.4939681176395847,2
0.1910112359550562,0.0,0.0,0.2826086956521739,0.0,0.0,0.14814814814814814,0.2,0.0,0.6000000000000001,0.14285714285714285,0.0,0.0,0.2857142857142857,0.0,0.0,0.25,0.0,0.0,0.16666666666666666,0.0,0.0,0.0,0.25,0.0,0.0,0.16666666666666666,0.0,0.0,0.0,0.3705464541611052,0.2647197978299559,0.5756632111904962,0.43855834263768473,0.2352198894788281,0.006200689663303251,0.6749231296073825,0.37831016965633213,0.788067221402376,0.19336321624890335,0.9654051186948936,0.8775229648512948,0.9654051186948936,0.0,0.2571678724066811,2
0.33707865168539325,0.0,0.0,0.43478260869565216,0.0,0.0,0.2222222222222222,0.4,0.0,0.0,0.42857142857142855,0.0,0.0,0.42857142857142855,0.0,0.0,0.375,0.0,0.0,0.5833333333333333,0.0,0.0,0.2727272727272727,0.75,0.0,0.0,0.3333333333333333,0.0,0.0,0.0,0.0,0.30224187986858075,0.24667120005318388,0.3370536019335361,0.3741251293121994,0.06460483618774775,0.6863306325297365,0.5826524800765908,0.7269839284914021,0.4169303210841493,0.9011800092398977,0.8550648239899405,0.9233876932119331,0.036619756406275135,0.7379253865698879,2
0.38202247191011235,0.0,0.0,0.3695652173913043,0.0,0.0,0.25925925925925924,0.4,0.0,0.0,0.42857142857142855,0.0,0.0,0.42857142857142855,0.0,0.0,0.375,0.0,0.0,0.16666666666666666,0.0,0.0,0.18181818181818182,0.25,0.0,0.2,0.16666666666666666,0.0,0.0,0.0,0.3983883966793176,0.3130431985558959,0.17108785780939284,0.33055045413694867,0.3989275200158886,0.21522229624191747,0.6729699493271591,0.5952727834586953,0.5405849068728745,0.3651094869363115,0.05912883011033771,0.8090202157028705,0.4745853937936297,0.9220227459202905,0.25284331651812325,2
0.4831460674157303,0.0,0.0,0.49999999999999994,0.0,0.0,0.2962962962962963,0.6000000000000001,0.0,0.0,0.42857142857142855,0.0,0.0,0.42857142857142855,0.0,0.0,0.375,0.0,0.0,0.3333333333333333,0.0,0.0,0.18181818181818182,0.5,0.0,0.2,0.0,0.0,0.0,1.0,0.15850021462311226,0.5420177608823961,0.3260620050964418,0.6423204066052137,0.5444621626069348,0.03126935891615859,0.690140296233946,0.4939364825023705,0.7540362208038308,0.403940066284094,0.05731017320572972,0.7936957048368785,0.491293448860293,0.8077757493756227,0.6543620316698993,2
0.6179775280898876,0.0,0.0,0.5869565217391305,0.0,0.0,0.8148148148148149,0.0,0.0,0.0,0.7142857142857142,0.0,0.0,0.7142857142857142,0.0,0.0,0.75,0.0,0.0,0.8333333333333333,0.0,0.0,0.7272727272727273,0.5,0.0,0.6000000000000001,0.6666666666666666,0.0,0.0,0.0,0.17798510985308535,0.41452313994957257,0.1031134184810516,0.3314107126254116,0.6529816390965473,0.01223468909996491,0.6866106204418276,0.4880718143052198,0.6147605215621471,0.7982879095022197,0.021355371814662485,0.743737787567796,0.368339682233527,0.6018213183568948,0.7849565374669288,2
0.5280898876404494,0.0,0.0,0.5869565217391305,0.0,0.0,0.18518518518518517,0.6000000000000001,0.0,0.0,0.5714285714285714,0.0,0.0,0.5714285714285714,0.0,0.0,0.875,0.0,0.0,0.6666666666666666,0.0,0.0,0.36363636363636365,0.75,0.0,0.0,0.16666666666666666,0.0,0.0,0.0,0.09895078829232062,0.5056543298698456,0.24162271731399265,0.5419003554217854,0.5769050869316356,0.16343182959216104,0.694033507304822,0.6196544703038676,0.6319632329220582,0.6334399175671799,0.009616531206809994,0.8502233849678472,0.4267159244013885,0.9087685155871561,0.6820201650600741,2
0.24719101123595505,0.0,0.0,0.3695652173913043,0.0,0.0,0.2962962962962963,0.2,0.0,0.4000000000000001,0.14285714285714285,0.0,0.0,0.14285714285714285,0.0,0.0,0.125,0.0,0.0,0.25,0.0,0.0,0.18181818181818182,0.25,0.0,0.0,0.16666666666666666,0.0,0.0,0.0,0.11017722799950214,0.31466636908996404,0.4650823813125404,0.4454365190362421,0.31478367303155397,0.08665440458496171,0.681677637537046,0.41152774977882606,0.6454349751349178,0.21034150190885792,0.9080024161876755,0.8253457091902644,0.9080024161876755,0.0,0.2418767468591685,2
0.6292134831460674,0.0,0.0,0.6739130434782609,0.0,0.0,0.3333333333333333,0.4,0.0,0.4000000000000001,0.2857142857142857,0.0,0.0,0.42857142857142855,0.0,0.0,0.375,0.0,0.0,0.5,0.0,0.0,0.7272727272727273,0.5,0.0,0.6000000000000001,0.16666666666666666,0.0,1.0,0.0,0.3881199712967742,0.4642371408824296,0.11521123641223197,0.41472562495776605,0.64422088118229,0.04824281303064653,0.6840483141111582,0.44903772330232816,0.5401138166916802,0.6426384459248332,0.045616294019023014,0.8328714400704597,0.6205264743490747,0.9023215990044515,0.4958938069318566,2
0.1910112359550562,0.0,0.0,0.2826086956521739,0.0,0.0,0.18518518518518517,0.0,0.0,0.2,0.14285714285714285,0.0,0.0,0.2857142857142857,0.0,0.0,0.25,0.0,0.0,0.25,0.0,0.0,0.18181818181818182,0.25,0.0,0.0,0.0,0.0,0.0,0.0,0.12058703025325546,0.2253248492676562,0.3969742870558459,0.32939115037418826,0.23203355992654068,0.10454839030119684,0.6325066447016736,0.530393388934874,0.6634588538504795,0.21687721829898446,0.7606104066793122,0.6913709967358489,0.7606104066793122,0.0,0.2026139661249486,2
0.3707865168539326,0.0,0.0,0.34782608695652173,0.0,0.0,0.2222222222222222,0.2,0.0,0.0,0.42857142857142855,0.0,0.0,0.42857142857142855,0.0,0.0,0.375,0.0,0.0,0.16666666666666666,0.0,0.0,0.2727272727272727,0.25,0.0,0.4,0.0,0.0,0.0,0.0,0.4215146764539144,0.3113914682026647,0.17829266959569567,0.3369344965706956,0.3882447498456507,0.11149451679036333,0.6838250133278896,0.5671500388635362,0.6082415539207091,0.405837194368723,0.8360283035404187,0.759923498866639,0.8360283035404187,0.0,0.22270403992047288,2
1.0,0.0,0.0,1.0,0.0,0.0,0.8518518518518519,0.4,0.0,0.4000000000000001,0.2857142857142857,0.0,0.0,0.5714285714285714,0.0,0.0,0.625,0.0,0.0,0.6666666666666666,0.0,0.0,0.5454545454545454,0.5,0.0,0.8,0.16666666666666666,0.0,1.0,0.0,0.11195792549904038,0.5279517466477018,0.010526789164237993,0.3255916498238231,1.0,0.02558228059544829,0.6865892926111815,0.43422625054342606,0.5972860505251094,0.7989956602535784,0.007476628206189091,0.8601319283249059,0.3796662298675461,0.9999999999999999,0.5056838557666705,2
0.3707865168539326,0.0,0.0,0.47826086956521735,0.0,0.0,0.3333333333333333,0.4,0.0,0.4000000000000001,0.42857142857142855,0.0,0.0,0.42857142857142855,0.0,0.0,0.375,0.0,0.0,0.3333333333333333,0.0,0.0,0.2727272727272727,0.5,0.0,0.2,0.16666666666666666,0.0,0.0,0.0,0.10456633342339927,0.4118516652671441,0.3982520318765639,0.5160514158805003,0.4324616459615981,0.03405219855420741,0.6929464293803856,0.4260930203837167,0.7466143624752339,0.43557230786288986,0.8953109147433712,0.851027132552014,0.9157833485050978,0.04543447195853594,0.48789891571924165,2
0.12359550561797752,0.0,0.0,0.17391304347826086,0.0,0.0,0.037037037037037035,0.2,0.0,0.0,0.14285714285714285,0.0,0.0,0.14285714285714285,0.0,0.0,0.125,0.0,0.0,0.16666666666666666,0.0,0.0,0.09090909090909091,0.25,0.0,0.0,0.16666666666666666,0.0,0.0,0.0,0.09814810250381267,0.19306497950278198,0.4246431539246207,0.3515662077723812,0.15888875905740846,0.4853260655771958,0.6777460203350442,0.7360115908072441,0.5082317248136199,0.15047712677060296,0.965454641419634,0.8775679794543875,0.965454641419634,0.0,0.2571810644371672,1
0.38202247191011235,0.0,0.0,0.41304347826086957,0.0,0.0,0.4074074074074074,0.2,0.0,0.2,0.2857142857142857,0.0,0.0,0.2857142857142857,0.0,0.0,0.25,0.0,0.0,0.25,0.0,0.0,0.36363636363636365,0.25,0.0,0.0,0.5,0.0,0.0,0.0,0.3693847455286079,0.40932122107866054,0.3554637126761597,0.5127943750490385,0.4261452059201005,0.08659603965966704,0.685815557401651,0.4926642292695665,0.7536766483539127,0.30217471548985403,0.14547104908027825,0.9765645684136085,0.6397995567716136,0.8971637572792625,0.6817278574371981,1
0.38202247191011235,0.0,0.0,0.45652173913043476,0.0,0.0,0.14814814814814814,0.8,0.0,0.0,0.5714285714285714,0.0,0.0,0.5714285714285714,0.0,0.0,0.5,0.0,0.0,0.41666666666666663,0.0,0.0,0.2727272727272727,0.75,0.0,0.2,0.16666666666666666,0.0,0.0,0.0,0.9424158982012116,0.38035422231753346,0.3008166868507516,0.45633763312614867,0.4180781757463823,0.2636175584574337,0.6933560680524571,0.7115365428717141,0.5761009005119969,0.5091562628268786,0.8512076702881245,0.8595378540235653,0.887202220181944,0.0924932380562604,0.7090077614269888,1
0.3595505617977528,0.0,0.0,0.49999999999999994,0.0,0.0,0.2222222222222222,0.6000000000000001,0.0,0.4000000000000001,0.42857142857142855,0.0,0.0,0.42857142857142855,0.0,0.0,0.375,0.0,0.0,0.16666666666666666,0.0,0.0,0.09090909090909091,0.5,0.0,0.0,0.3333333333333333,0.0,0.0,0.0,0.4564617368613666,0.29904750204251485,0.2989483149215677,0.3189715025903223,0.3934615113806502,0.032629962054627384,0.6832734563842254,0.44749126956602825,0.8505543725118915,0.32021262258763994,0.010731444128266375,0.8746319611974123,0.6334306194228561,0.9777017776544868,0.5062061560263105,1
0.2808988764044944,0.0,0.0,0.2826086956521739,0.0,0.0,0.25925925925925924,0.2,0.0,0.4000000000000001,0.14285714285714285,0.0,0.0,0.14285714285714285,0.0,0.0,0.25,0.0,0.0,0.16666666666666666,0.0,0.0,0.18181818181818182,0.0,0.0,0.0,0.0,0.0,0.0,0.0,0.33716105011391484,0.40412643905199386,0.5060023943672749,0.6260583592423998,0.33228424108325716,0.5363930406129999,0.5410927562588964,0.6508891098714661,0.21049683808256675,0.19961083016160874,0.0,0.0,0.0,0.0,0.0,1
0.5393258426966292,0.0,0.0,0.5434782608695653,0.0,0.0,0.4074074074074074,0.6000000000000001,0.0,0.0,0.5714285714285714,0.0,0.0,0.7142857142857142,0.0,0.0,0.625,0.0,0.0,0.6666666666666666,0.0,0.0,0.4545454545454546,1.0,0.0,0.4,0.3333333333333333,0.0,0.0,0.0,0.9445877073740601,0.4098565798613343,0.14928308388764666,0.3839381245569064,0.5587301030765134,0.06626310044521924,0.6871014010861317,0.6737611606869272,0.6662839174679651,0.6887503189902037,0.04202785131974782,0.9051779231802107,0.7120847829047554,0.7559878217854813,0.948437733789685,1
0.4719101123595506,0.0,0.0,0.45652173913043476,0.0,0.0,0.4444444444444444,0.4,0.0,0.2,0.42857142857142855,0.0,0.0,0.42857142857142855,0.0,0.0,0.5,0.0,0.0,0.41666666666666663,0.0,0.0,0.36363636363636365,0.5,0.0,0.0,0.16666666666666666,0.0,1.0,0.0,0.9228984490864214,0.29219972155110363,0.09900885688883587,0.22850920274018532,0.4800286444112447,0.09649262985232857,0.6775030754972331,0.5384518633527685,0.6627056242035567,0.4403446375768921,0.9008496405366959,0.8351867306426841,0.9098393183066616,0.019950791748041208,0.4847321340851865,1
0.4606741573033708,0.0,0.0,0.45652173913043476,0.0,0.0,0.4444444444444444,0.4,0.0,0.4000000000000001,0.2857142857142857,0.0,0.0,0.2857142857142857,0.0,0.0,0.5,0.0,0.0,0.5,0.0,0.0,0.36363636363636365,0.5,0.0,0.4,0.16666666666666666,0.0,0.0,0.0,0.07845811779948786,0.3912792234655189,0.22752813109932557,0.40135439079972585,0.5026144782739097,0.01519355735270231,0.6771743382579508,0.507940476751428,0.7502589833178386,0.4673165614511105,0.1336833373624847,0.8561789354164828,0.6190950938401333,0.7754604955246474,0.4947499190252339,1
0.38202247191011235,0.0,0.0,0.41304347826086957,0.0,0.0,0.4074074074074074,0.2,0.0,0.0,0.7142857142857142,0.0,0.0,0.7142857142857142,0.0,0.0,0.625,0.0,0.0,0.41666666666666663,0.0,0.0,0.4545454545454546,0.25,0.0,0.2,0.16666666666666666,0.0,1.0,0.0,0.15372362960933916,0.2735822314283285,0.14853385936488106,0.24652935196162779,0.4072398374756593,0.08865492076436102,0.6954988735938765,0.6440736663410294,0.6730061189040907,0.6584023672324767,0.20119388863512103,0.6353710535964002,0.44880767524039683,0.4341974583006482,0.4782196105087715,1
0.4831460674157303,0.0,0.0,0.45652173913043476,0.0,0.0,0.5925925925925926,0.2,0.0,0.0,0.42857142857142855,0.0,0.0,0.8571428571428571,0.0,0.0,0.875,0.0,0.0,0.75,0.0,0.0,0.36363636363636365,0.0,0.0,0.0,0.16666666666666666,0.0,0.0,0.0,0.06234906042512556,0.2592556478596991,0.05447709847007731,0.15989045593806855,0.4948250129802635,0.07464477063693285,0.700056695146804,0.5494353835491921,0.6536715863540468,0.6739904009275792,0.021430959131371167,0.5139974685208734,0.2691493299119212,0.48526553844210124,0.2867876260142675,1
0.5168539325842696,0.0,0.0,0.47826086956521735,0.0,0.0,0.4074074074074074,0.4,0.0,0.0,0.2857142857142857,0.0,0.0,0.2857142857142857,0.0,0.0,0.25,0.0,0.0,0.41666666666666663,0.0,0.0,0.5454545454545454,0.5,0.0,0.2,0.0,0.0,0.0,0.0,0.40546375101672716,0.4665634751022836,0.19603523105290366,0.495567824461223,0.5443147928389742,0.1308989867732238,0.6843992611590457,0.505688187254291,0.6201134880403554,0.41355058213907353,0.8379499155833028,0.763166327181535,0.8387729050747109,0.0018264605666693484,0.44687031227271956,1
0.2808988764044944,0.0,0.0,0.3695652173913043,0.0,0.0,0.25925925925925924,0.2,0.0,0.0,0.2857142857142857,0.0,0.0,0.2857142857142857,0.0,0.0,0.375,0.0,0.0,0.5,0.0,0.0,0.18181818181818182,0.25,0.0,0.2,0.16666666666666666,0.0,0.0,0.0,0.09734541671530472,0.23725948351550744,0.14145285284751807,0.22052686886699696,0.34808531895749,0.04096190532998999,0.6885884159250902,0.40078056083790553,0.7053092843234913,0.32775737781115,0.6753980877712101,0.7797553930159844,0.7666222048168669,0.20245368167226505,0.4084308183884407,1
0.38202247191011235,0.0,0.0,0.3695652173913043,0.0,0.0,0.4444444444444444,0.2,0.0,0.0,0.5714285714285714,0.0,0.0,0.5714285714285714,0.0,0.0,0.875,0.0,0.0,0.6666666666666666,0.0,0.0,0.36363636363636365,0.25,0.0,0.0,0.6666666666666666,0.0,0.0,0.0,0.000813382064947632,0.2632091676096012,0.10310685212864268,0.2212691755967871,0.4118562945540336,0.005370506965912156,0.7603486282476533,0.6022090890764323,0.7628508528940277,0.6156064291051089,0.09237095909227426,0.8114018435849157,0.4263252813292592,0.6872988380019874,0.6813958001435155,1
0.24719101123595505,0.0,0.0,0.3043478260869565,0.0,0.0,0.14814814814814814,0.4,0.0,0.0,0.2857142857142857,0.0,0.0,0.2857142857142857,0.0,0.0,0.25,0.0,0.0,0.3333333333333333,0.0,0.0,0.2727272727272727,0.5,0.0,0.2,0.16666666666666666,0.0,0.0,0.0,0.08529582877772768,0.30666774432760147,0.3982262962533576,0.4426046171897455,0.2947448091357766,0.2935319172679518,0.6906115130035221,0.6412647025624187,0.6022739089455256,0.3277654562313461,0.8421437084310482,0.8001866921433527,0.8612337413962411,0.04236650989029408,0.458836698979041,1
0.4157303370786517,0.0,0.0,0.3695652173913043,0.0,0.0,0.5925925925925926,0.0,0.0,0.0,0.5714285714285714,0.0,0.0,0.5714285714285714,0.0,0.0,0.5,0.0,0.0,0.6666666666666666,0.0,0.0,0.6363636363636364,0.0,0.0,0.0,0.5,0.0,0.0,0.0,0.1141827509985891,0.26569913943090284,0.0948025743941523,0.21105380558042003,0.43347783646645777,0.003903446203705938,0.7065745924439986,0.5917494407764683,0.6702867519748029,0.6049140851062642,0.09951787021006098,0.7908799229539529,0.46737019344488545,0.6857457869742042,0.6224982442448899,1
0.3932584269662921,0.0,0.0,0.45652173913043476,0.0,0.0,0.25925925925925924,0.2,0.0,0.0,0.2857142857142857,0.0,0.0,0.2857142857142857,0.0,0.0,0.25,0.0,0.0,0.3333333333333333,0.0,0.0,0.2727272727272727,0.5,0.0,0.4,0.3333333333333333,0.0,1.0,0.0,0.4950697141443374,0.20314636339943923,0.047016207014296096,0.11424189928774747,0.3918969223680621,0.11187855799880203,0.6817513227865339,0.4859770512782394,0.656615985240304,0.3477520047667691,0.702017855548728,0.7821885507726223,0.7812705055032129,0.17588540492574298,0.41623494589705284,1
0.449438202247191,0.0,0.0,0.3913043478260869,0.0,0.0,0.6296296296296295,0.0,0.0,0.0,0.5714285714285714,0.0,0.0,0.5714285714285714,0.0,0.0,0.75,0.0,0.0,1.0,0.0,0.0,0.8181818181818182,0.0,0.0,0.0,0.6666666666666666,0.0,0.0,0.0,0.05589688045422925,0.2669137995791646,0.0640214302708233,0.19278477325125126,0.46253528183286696,0.00451277602378207,0.6962084649518395,0.5170786360477154,0.6340215253799185,0.7400149115465492,0.013694336620295485,0.8563678782899901,0.47335677408971044,0.7633005590586889,0.7565662463847761,1
0.2359550561797753,0.0,0.0,0.2826086956521739,0.0,0.0,0.2962962962962963,0.2,0.0,0.4000000000000001,0.14285714285714285,0.0,0.0,0.14285714285714285,0.0,0.0,0.125,0.0,0.0,0.08333333333333333,0.0,0.0,0.18181818181818182,0.0,0.0,0.0,0.0,0.0,0.0,0.0,0.9672935769790083,0.2482698493397512,0.3741434405311681,0.3404744808956836,0.2672513443720621,0.33460635017390994,0.5443511035588853,0.4924239797820786,0.4303628895073318,0.15101367945024358,0.0,0.0,0.0,0.0,0.0,1
0.38202247191011235,0.0,0.0,0.3695652173913043,0.0,0.0,0.4074074074074074,0.2,0.0,0.2,0.2857142857142857,0.0,0.0,0.2857142857142857,0.0,0.0,0.25,0.0,0.0,0.16666666666666666,0.0,0.0,0.4545454545454546,0.25,0.0,0.0,0.16666666666666666,0.0,0.0,1.0,0.41073096958025523,0.2979845869987775,0.19801272064682873,0.30212888458176274,0.40290218611440176,0.06185514782726635,0.7868908729473065,0.42455887330880754,0.8399241116028182,0.30380282144254717,0.5813094720682058,0.9102687194115407,0.791369883276241,0.4661870676300671,0.4216155585418918,1
0.5617977528089888,0.0,0.0,0.717391304347826,0.0,0.0,0.37037037037037035,0.6000000000000001,0.0,0.0,0.5714285714285714,0.0,0.0,0.5714285714285714,0.0,0.0,0.5,0.0,0.0,0.3333333333333333,0.0,0.0,0.36363636363636365,0.75,0.0,0.4,0.5,0.0,0.0,0.0,0.3161256598556186,0.4011277174219763,0.19531344867716793,0.3526363222270225,0.5914024940558877,0.011178517411833053,0.6816469286681084,0.522679886244426,0.6801574577755943,0.5343079408340801,0.9136884069256228,0.8901548916954573,0.943487186103576,0.06019268818519655,0.7539878987421399,1
0.550561797752809,0.0,0.0,0.5869565217391305,0.0,0.0,0.48148148148148145,0.4,0.0,0.4000000000000001,0.5714285714285714,0.0,0.0,0.5714285714285714,0.0,0.0,0.5,0.0,0.0,0.8333333333333333,0.0,0.0,0.4545454545454546,0.75,0.0,0.0,0.8333333333333333,0.0,0.0,0.0,0.3332778367106437,0.5479135345494652,0.31625894752658734,0.6019129403098855,0.6038268233546675,0.006630955892575308,0.6869516251927221,0.6055741326396411,0.6360468845138595,0.6809509682374417,0.04686674281871599,0.8752740115888912,0.6256646742458154,0.8836917155778111,1.0,1
0.2584269662921348,0.0,0.0,0.34782608695652173,0.0,0.0,0.14814814814814814,0.4,0.0,0.0,0.5714285714285714,0.0,0.0,0.5714285714285714,0.0,0.0,0.625,0.0,0.0,0.25,0.0,0.0,0.09090909090909091,0.5,0.0,0.2,0.0,0.0,0.0,0.0,0.8443552261309097,0.33725852319423877,0.4908555637869614,0.507569699897104,0.3048375188971379,0.07324564664776964,0.6912074093845822,0.6785856404307378,0.641874360073417,0.4162092773341223,0.029432137250928185,0.7307866124201212,0.531481574396925,0.788816904156235,0.42473356437901816,1
0.898876404494382,0.0,0.0,0.6739130434782609,0.0,0.0,1.0,0.0,0.0,0.0,0.14285714285714285,0.0,0.0,0.14285714285714285,0.0,0.0,0.0,0.0,0.0,0.16666666666666666,0.0,0.0,0.2727272727272727,0.0,0.0,0.6000000000000001,0.0,0.0,0.0,1.0,0.4353584485004518,0.7162665665834183,0.12489625742747856,0.6189106382606289,0.9238076315579802,0.2732699498026623,0.3852130141139725,0.41982196207548317,0.1830574342309101,0.25749704242712307,0.5645890363203573,0.5131937209367065,0.5645890363203573,0.0,0.15039713219143577,1
0.550561797752809,0.0,0.0,0.5434782608695653,0.0,0.0,0.3333333333333333,0.6000000000000001,0.0,0.0,0.42857142857142855,0.0,0.0,0.42857142857142855,0.0,0.0,0.375,0.0,0.0,0.41666666666666663,0.0,0.0,0.09090909090909091,0.75,0.0,0.2,0.3333333333333333,0.0,1.0,0.0,0.9528870877806206,0.5053219092797037,0.21932287891223146,0.5328232536262547,0.5844064256898064,0.02093082950916607,0.6892231193363484,0.47927292244503744,0.7393010908363609,0.4899353027129626,0.17931983144028352,0.8848224381212091,0.7615840820930387,0.747326841455444,0.8114933482657862,1
0.2584269662921348,0.0,0.0,0.34782608695652173,0.0,0.0,0.2962962962962963,0.4,0.0,0.4000000000000001,0.2857142857142857,0.0,0.0,0.2857142857142857,0.0,0.0,0.375,0.0,0.0,0.16666666666666666,0.0,0.0,0.18181818181818182,0.25,0.0,0.0,0.0,0.0,0.0,0.0,0.16128868738550928,0.2622730016841843,0.3234189410933257,0.32184295392760603,0.31110681291730263,0.12413822728679319,0.6524634005205434,0.5184377950711755,0.6357153011972495,0.2649857379488884,0.5876705357381393,0.5341740797623228,0.5876705357381393,0.0,0.15654565987404384,1
0.3033707865168539,0.0,0.0,0.43478260869565216,0.0,0.0,0.2222222222222222,0.4,0.0,0.2,0.2857142857142857,0.0,0.0,0.5714285714285714,0.0,0.0,0.5,0.0,0.0,0.41666666666666663,0.0,0.0,0.18181818181818182,0.5,0.0,0.0,0.16666666666666666,0.0,0.0,0.0,0.208897348765114,0.38803754177199923,0.4625717849840685,0.5437202824854086,0.36548340762941106,0.15840100649146366,0.6901038945981814,0.6604261915792875,0.7013170291049518,0.40507121216897896,0.5249148176553727,0.7382495597749508,0.714966310428856,0.2982708412634493,0.5713654133427668,1
0.0898876404494382,0.0,0.0,0.13043478260869562,0.0,0.0,0.037037037037037035,0.2,0.0,0.0,0.14285714285714285,0.0,0.0,0.14285714285714285,0.0,0.0,0.125,0.0,0.0,0.16666666666666666,0.0,0.0,0.0,0.25,0.0,0.0,0.16666666666666666,0.0,0.0,0.0,0.10336276979613412,0.1214380441874233,0.3436770682576853,0.207717205721001,0.11621428726523977,0.2658480324424939,0.6863766557432358,0.6325550331635342,0.743449911225047,0.12932549582586716,0.9463584181138487,0.8602101115829088,0.9463584181138487,0.0,0.2520941480499922,0
0.1348314606741573,0.0,0.0,0.17391304347826086,0.0,0.0,0.07407407407407407,0.2,0.0,0.0,0.14285714285714285,0.0,0.0,0.14285714285714285,0.0,0.0,0.25,0.0,0.0,0.16666666666666666,0.0,0.0,0.09090909090909091,0.25,0.0,0.0,0.16666666666666666,0.0,0.0,0.0,0.18393968044176567,0.16897345918403464,0.37013959206843294,0.26612418439559676,0.16747804954064488,0.25072241186283445,0.6862600742930125,0.5397903072746004,0.6657448847662558,0.1655397051727449,0.9853979639643984,0.8956958339577137,0.9853979639643984,0.0,0.2624936339773937,0
0.3595505617977528,0.0,0.0,0.34782608695652173,0.0,0.0,0.2962962962962963,0.2,0.0,0.0,0.14285714285714285,0.0,0.0,0.14285714285714285,0.0,0.0,0.125,0.0,0.0,0.3333333333333333,0.0,0.0,0.18181818181818182,0.25,0.0,0.0,0.16666666666666666,0.0,0.0,0.0,0.15850253990059837,0.34940567019217517,0.21683629061760268,0.41112906914326613,0.39379911246943305,0.30333582395924535,0.6894663047136029,0.5657551796828426,0.5327001149761517,0.23133661197071045,0.9417873402973579,0.8560551452579782,0.9417873402973579,0.0,0.2508764889202566,0
0.1685393258426966,0.0,0.0,0.17391304347826086,0.0,0.0,0.07407407407407407,0.2,0.0,0.0,0.14285714285714285,0.0,0.0,0.14285714285714285,0.0,0.0,0.125,0.0,0.0,0.08333333333333333,0.0,0.0,0.0,0.25,0.0,0.0,0.16666666666666666,0.0,0.0,0.0,0.3825458161049644,0.24470598029774296,0.44461833582194066,0.42951559141538614,0.19834019984143653,1.0,0.6868835525302464,1.0,0.0,0.10222469907407462,0.9621718060611906,0.8745839851072741,0.9621718060611906,0.0,0.2563065716794184,0
0.2696629213483146,0.0,0.0,0.2826086956521739,0.0,0.0,0.14814814814814814,0.2,0.0,0.0,0.14285714285714285,0.0,0.0,0.14285714285714285,0.0,0.0,0.125,0.0,0.0,0.25,0.0,0.0,0.18181818181818182,0.25,0.0,0.0,0.16666666666666666,0.0,0.0,0.0,0.14216188488853287,0.37077234936925507,0.4004551878491478,0.5548463837280166,0.3200420671946898,0.07921544466660722,0.6934182074086629,0.5116845704966003,0.6704789511362211,0.20922720495944835,0.9509744573514854,0.8644059464290685,0.9509744573514854,0.0,0.2533237841547744,0
0.2696629213483146,0.0,0.0,0.2826086956521739,0.0,0.0,0.18518518518518517,0.2,0.0,0.0,0.14285714285714285,0.0,0.0,0.14285714285714285,0.0,0.0,0.25,0.0,0.0,0.16666666666666666,0.0,0.0,0.0,0.25,0.0,0.0,0.16666666666666666,0.0,0.0,0.0,0.23692763875977096,0.3594131784651484,0.38956750282325636,0.5303171668071485,0.3187792300460058,0.20355794919193168,0.6887247216096707,0.49180535048390556,0.7343839542166732,0.15082396186871114,0.94587622316243,0.859771811500165,0.94587622316243,0.0,0.2519656993321014,0
0.1797752808988764,0.0,0.0,0.2391304347826087,0.0,0.0,0.07407407407407407,0.4,0.0,0.0,0.2857142857142857,0.0,0.0,0.2857142857142857,0.0,0.0,0.25,0.0,0.0,0.08333333333333333,0.0,0.0,0.0,0.25,0.0,0.0,0.0,0.0,0.0,0.0,0.9525262047146406,0.1424880762782534,0.1934176462563748,0.1548646456864226,0.18983267472884952,0.7741187509112224,0.655867194003961,0.8644817795792566,0.18319908130791737,0.17674277954502005,0.578851581045568,0.5261579266273816,0.578851581045568,0.0,0.15419643697142918,0
0.24719101123595505,0.0,0.0,0.3260869565217391,0.0,0.0,0.037037037037037035,0.4,0.0,0.0,0.42857142857142855,0.0,0.0,0.42857142857142855,0.0,0.0,0.375,0.0,0.0,0.25,0.0,0.0,0.18181818181818182,0.5,0.0,0.2,0.16666666666666666,0.0,0.0,0.0,0.4165097491909213,0.19494063990091662,0.19897594846243605,0.20766016101845114,0.2612158217786443,0.1724391717830333,1.0,0.9091331944792851,0.9398679352435417,0.37174346889558835,0.9294424979262359,0.8553621572893155,0.9352337244542562,0.01285246895192202,0.4982614292454124,0
0.24719101123595505,0.0,0.0,0.3043478260869565,0.0,0.0,0.2962962962962963,0.2,0.0,0.4000000000000001,0.14285714285714285,0.0,0.0,0.14285714285714285,0.0,0.0,0.125,0.0,0.0,0.08333333333333333,0.0,0.0,0.09090909090909091,0.25,0.0,0.2,0.16666666666666666,0.0,0.0,0.0,0.39993238093067873,0.28248636044966136,0.43154945505366626,0.4034968481286297,0.2857391469203211,0.08816769036800128,0.6867497324199141,0.4205448894951578,0.8334169071186368,0.12897022432734742,0.9534720968768755,0.8666762223982005,0.9534720968768755,0.0,0.2539891137975794,0
0.07865168539325842,0.0,0.0,0.15217391304347827,0.0,0.0,0.037037037037037035,0.4,0.0,0.2,0.2857142857142857,0.0,0.0,0.2857142857142857,0.0,0.0,0.25,0.0,0.0,0.08333333333333333,0.0,0.0,0.0,0.25,0.0,0.0,0.0,0.0,0.0,0.0,0.3515424263154445,0.13336955388837665,0.6280735637617982,0.27767955567301467,0.10655286680062989,0.7842461160184989,0.6926683657838414,0.8963339706394076,0.22724329070202906,0.18325494083696778,0.7904836871493091,0.7185248714566549,0.7904836871493091,0.0,0.21057171135698433,0
0.1797752808988764,0.0,0.0,0.3260869565217391,0.0,0.0,0.07407407407407407,0.4,0.0,0.0,0.2857142857142857,0.0,0.0,0.42857142857142855,0.0,0.0,0.375,0.0,0.0,0.41666666666666663,0.0,0.0,0.18181818181818182,0.5,0.0,0.0,0.16666666666666666,0.0,0.0,0.0,0.1847330651203265,0.2499278636394021,0.4501105419561968,0.3858016930507851,0.23688937512601765,0.45941297258517744,0.675055747020498,0.7024711826099604,0.4707092450073743,0.35904952625256265,0.8708792694616162,0.7971801904946928,0.873947723551118,0.006809820117535721,0.4656102858956017,0
0.1348314606741573,0.0,0.0,0.19565217391304346,0.0,0.0,0.18518518518518517,0.0,0.0,0.0,0.0,0.0,0.0,0.14285714285714285,0.0,0.0,0.125,0.0,0.0,0.16666666666666666,0.0,0.0,0.09090909090909091,0.0,0.0,0.0,0.0,0.0,0.0,0.0,0.06275226354136887,0.1800454462577941,0.20372949495855774,0.2272110465868517,0.21437403536189964,0.19010623466972276,0.49167641319127925,0.4529568780087848,0.5328948917572708,0.09260676109596072,0.0,0.0,0.0,0.0,0.0,0
0.2696629213483146,0.0,0.0,0.3260869565217391,0.0,0.0,0.18518518518518517,0.4,0.0,0.0,0.2857142857142857,0.0,0.0,0.2857142857142857,0.0,0.0,0.5,0.0,0.0,0.5,0.0,0.0,0.36363636363636365,0.5,0.0,0.0,0.5,0.0,0.0,0.0,0.24362211264481282,0.3379075850610028,0.39610212563118496,0.48232479985549553,0.31953716567831564,0.4284181622776048,0.6842680869825906,0.6863488953290044,0.4618732140728002,0.4209708557089861,0.3705889750685661,0.8127836734403773,0.7164220178903015,0.5427805645556295,0.5725287421364216,0
0.2359550561797753,0.0,0.0,0.3695652173913043,0.0,0.0,0.07407407407407407,0.4,0.0,0.0,0.2857142857142857,0.0,0.0,0.2857142857142857,0.0,0.0,0.5,0.0,0.0,0.3333333333333333,0.0,0.0,0.09090909090909091,0.5,0.0,0.0,0.16666666666666666,0.0,0.0,0.0,0.09292971476751166,0.2788209186324475,0.4002305152594392,0.39318844835104055,0.2824367735979102,0.18193794664488636,0.6880446364234286,0.6112392869720499,0.6782485228872439,0.3124187608648487,0.908617540558134,0.8482439270265901,0.9209056924417244,0.027271095301867353,0.4906279302363769,0
0.24719101123595505,0.0,0.0,0.34782608695652173,0.0,0.0,0.18518518518518517,0.2,0.0,0.0,0.14285714285714285,0.0,0.0,0.14285714285714285,0.0,0.0,0.125,0.0,0.0,0.25,0.0,0.0,0.09090909090909091,0.25,0.0,0.2,0.16666666666666666,0.0,0.0,0.0,0.38602629144748946,0.27108230566667424,0.37954717261134885,0.3764772415162663,0.28025585306138784,0.07859934451519694,0.6863485126283608,0.39345369659507196,0.6759638850656884,0.20110342867006747,0.8947218549648811,0.8132740956951232,0.8947218549648811,0.0,0.2383390261573663,0
0.449438202247191,0.0,0.0,0.49999999999999994,0.0,0.0,0.4444444444444444,0.4,0.0,0.2,0.42857142857142855,0.0,0.0,0.42857142857142855,0.0,0.0,0.375,0.0,0.0,0.6666666666666666,0.0,0.0,0.5454545454545454,0.75,0.0,0.0,0.5,0.0,0.0,0.0,0.07386150926320756,0.4445997649713255,0.30064970807433955,0.5027089770305819,0.503288375580557,0.07102240991344594,0.687461729172311,0.5616245713533974,0.6054294643598311,0.574119027992072,0.1740534806330306,0.9022922502030101,0.6825304027174943,0.7745045988423525,0.909073756295289,0
0.1348314606741573,0.0,0.0,0.21739130434782605,0.0,0.0,0.07407407407407407,0.2,0.0,0.0,0.2857142857142857,0.0,0.0,0.2857142857142857,0.0,0.0,0.25,0.0,0.0,0.16666666666666666,0.0,0.0,0.09090909090909091,0.5,0.0,0.0,0.16666666666666666,0.0,0.0,0.0,0.13337931182017648,0.15835096815163638,0.3501155886934333,0.23752178270845486,0.1660000712153391,0.22569249692037469,0.6851269731550764,0.7288236389776068,0.7218236147786576,0.2235113315176736,0.8401732252782231,0.7923393437700087,0.8559318775824308,0.034973176836375,0.4560120422408816,0
0.3033707865168539,0.0,0.0,0.3913043478260869,0.0,0.0,0.18518518518518517,0.4,0.0,0.0,0.42857142857142855,0.0,0.0,0.42857142857142855,0.0,0.0,0.375,0.0,0.0,0.3333333333333333,0.0,0.0,0.2727272727272727,0.5,0.0,0.2,0.0,0.0,0.0,0.0,0.15571499724919668,0.3774756512037981,0.40100416469597455,0.5234267315422383,0.35769313370189315,0.14366993280679605,0.6940153064869399,0.5689691068280409,0.6904374332442378,0.4071388700955905,0.8012848540610915,0.797129845214918,0.8391228222218892,0.08397380220536924,0.4470567364930098,0
0.348314606741573,0.0,0.0,0.3043478260869565,0.0,0.0,0.2962962962962963,0.2,0.0,0.0,0.14285714285714285,0.0,0.0,0.14285714285714285,0.0,0.0,0.25,0.0,0.0,0.41666666666666663,0.0,0.0,0.36363636363636365,0.25,0.0,0.4,0.16666666666666666,0.0,0.0,0.0,0.4072616555696671,0.30188296543573456,0.17561988445215526,0.33923460090702834,0.36438567574461184,0.04451586236103162,0.6836345862685491,0.4370416383548141,0.5767994036333237,0.3574115997092914,0.06412280593151903,0.8734521047584582,0.5125246880557052,0.9951382906713129,0.2730561109130377,0
0.2696629213483146,0.0,0.0,0.3260869565217391,0.0,0.0,0.1111111111111111,0.4,0.0,0.0,0.2857142857142857,0.0,0.0,0.2857142857142857,0.0,0.0,0.25,0.0,0.0,0.3333333333333333,0.0,0.0,0.18181818181818182,0.5,0.0,0.0,0.16666666666666666,0.0,0.0,0.0,0.1241870248586121,0.2704004328559825,0.25641943290255176,0.33906763366027687,0.30333569649671704,0.09319781308959513,0.6790738782423013,0.5453795348525569,0.761610991158597,0.27875629415730707,0.8825418711379605,0.8928581370706511,0.9324089742996606,0.11067006134314263,0.49675649629390733,0
0.24719101123595505,0.0,0.0,0.3043478260869565,0.0,0.0,0.1111111111111111,0.4,0.0,0.0,0.2857142857142857,0.0,0.0,0.2857142857142857,0.0,0.0,0.25,0.0,0.0,0.25,0.0,0.0,0.09090909090909091,0.5,0.0,0.0,0.16666666666666666,0.0,0.0,0.0,0.09895078829232062,0.3139709993533608,0.3883637925662584,0.4594689854251594,0.29367020939117494,0.25053237566607506,0.6927600914915827,0.7526367619575237,0.719844557959645,0.23081419950958143,0.8863381789581851,0.8191822623510298,0.8937799457726163,0.016515512986264178,0.4761762344182158,0
0.0449438202247191,0.0,0.0,0.19565217391304346,0.0,0.0,0.18518518518518517,0.2,0.0,1.0000000000000002,0.14285714285714285,0.0,0.0,0.14285714285714285,0.0,0.0,0.125,0.0,0.0,0.16666666666666666,0.0,0.0,0.0,0.25,0.0,0.0,0.16666666666666666,0.0,0.0,0.0,0.09252790681776002,0.09191334872309051,1.0,0.16842684420358683,0.0968925121836603,0.10793892554141346,0.6927569644788187,0.5582448686433155,0.9129357027953017,0.11413282741341849,0.9564480216648887,0.8693812446656214,0.9564480216648887,0.0,0.2547818506821842,0
0.20224719101123595,0.0,0.0,0.21739130434782605,0.0,0.0,0.07407407407407407,0.2,0.0,0.0,0.14285714285714285,0.0,0.0,0.14285714285714285,0.0,0.0,0.125,0.0,0.0,0.16666666666666666,0.0,0.0,0.09090909090909091,0.25,0.0,0.0,0.0,0.0,0.0,0.0,0.40610552760313645,0.2990002418514912,0.4589212508492575,0.5079384126653657,0.23769453488447867,0.05048892881568577,0.6861398847511384,0.4048912025264075,0.7738275840172165,0.16555952534400883,0.9505763207091654,0.8640440527121003,0.9505763207091654,0.0,0.25321772717284025,0
0.2584269662921348,0.0,0.0,0.34782608695652173,0.0,0.0,0.1111111111111111,0.4,0.0,0.0,0.42857142857142855,0.0,0.0,0.42857142857142855,0.0,0.0,0.375,0.0,0.0,0.16666666666666666,0.0,0.0,0.0,0.5,0.0,0.0,0.3333333333333333,0.0,0.0,0.0,0.360468701532497,0.21960525565173403,0.23383702561306485,0.2510914360011017,0.27683326518610163,0.0019440189317140775,0.6791620760382063,0.4777610763301551,0.8587811727074933,0.29303389354293663,0.9137170779767883,0.8548995730127977,0.9271165589004392,0.029737467824793102,0.4939368733568545,0
0.3258426966292135,0.0,0.0,0.3260869565217391,0.0,0.0,0.2222222222222222,0.4,0.0,0.0,0.2857142857142857,0.0,0.0,0.2857142857142857,0.0,0.0,0.375,0.0,0.0,0.3333333333333333,0.0,0.0,0.2727272727272727,0.25,0.0,0.0,0.16666666666666666,0.0,0.0,0.0,0.08851122248673526,0.28580416554177546,0.17743899016571962,0.31748443531058484,0.3528916833110386,0.4980419151212899,0.6860946633357833,0.7060103616419174,0.381902998835895,0.36085848381011804,0.1153944647929266,0.7203769854549527,0.45395787570968993,0.7513737730704866,0.24185366080581783,0
0.24719101123595505,0.0,0.0,0.2826086956521739,0.0,0.0,0.14814814814814814,0.2,0.0,0.0,0.2857142857142857,0.0,0.0,0.2857142857142857,0.0,0.0,0.25,0.0,0.0,0.25,0.0,0.0,0.09090909090909091,0.5,0.0,0.0,0.16666666666666666,0.0,0.0,0.0,0.43651085602300554,0.2033231374958904,0.1992946115322094,0.22821350829704662,0.26124942267405676,0.012882773230436725,0.6784215352718621,0.5092138723155198,0.8162737971869074,0.2602711743089914,0.01114196145177166,0.7991241105914031,0.5409868966780026,0.8420025941909555,0.4323297438281259,0
0.3258426966292135,0.0,0.0,0.34782608695652173,0.0,0.0,0.4074074074074074,0.2,0.0,0.4000000000000001,0.14285714285714285,0.0,0.0,0.14285714285714285,0.0,0.0,0.25,0.0,0.0,0.3333333333333333,0.0,0.0,0.36363636363636365,0.25,0.0,0.2,0.16666666666666666,0.0,0.0,0.0,0.11272015145927483,0.29075331676576965,0.25788362894315675,0.32649374720218344,0.36363599412259123,0.1014984727649998,0.687887002908202,0.44463610188912867,0.654017114263397,0.27271675027851455,1.0,0.9089686265985368,1.0,0.0,0.2663833735979562,0
0.06741573033707865,0.0,0.0,0.10869565217391304,0.0,0.0,0.037037037037037035,0.2,0.0,0.0,0.14285714285714285,0.0,0.0,0.14285714285714285,0.0,0.0,0.125,0.0,0.0,0.16666666666666666,0.0,0.0,0.0,0.25,0.0,0.0,0.0,0.0,0.0,0.0,0.36395847798497005,0.11906594380847188,0.5092039656216771,0.2628847425760524,0.08737643473274215,0.13150341393957524,0.6815815019395096,0.5618922095548285,0.8725563222498253,0.11487852406761845,0.7265074945476132,0.6603725195324879,0.7265074945476132,0.0,0.19352951734179197,0
0.10112359550561797,0.0,0.0,0.17391304347826086,0.0,0.0,0.07407407407407407,0.2,0.0,0.2,0.14285714285714285,0.0,0.0,0.2857142857142857,0.0,0.0,0.25,0.0,0.0,0.16666666666666666,0.0,0.0,0.0,0.25,0.0,0.0,0.0,0.0,0.0,0.0,0.39298259157756554,0.1116209022827637,0.462354381271616,0.17106105674732924,0.12330540158329473,0.7166505443288028,0.6943174240278217,0.8637365762130945,0.29819746318398266,0.17659042316531023,0.8285340817346506,0.7531114863644252,0.8285340817346506,0.0,0.220707703833361,0
0.06741573033707865,0.0,0.0,0.13043478260869562,0.0,0.0,0.037037037037037035,0.2,0.0,0.0,0.2857142857142857,0.0,0.0,0.2857142857142857,0.0,0.0,0.25,0.0,0.0,0.16666666666666666,0.0,0.0,0.0,0.25,0.0,0.0,0.16666666666666666,0.0,0.0,0.0,0.13018345044205848,0.08522846732224823,0.29050497129748276,0.1168035147029392,0.10089643901064238,0.7283828281518314,0.6773226709147001,0.8572318052890062,0.261224248311915,0.17526052666478878,0.9671762077191592,0.8791328292092653,0.9671762077191592,0.0,0.2576396610759073,0
0.5280898876404494,0.0,0.0,0.5434782608695653,0.0,0.0,0.4444444444444444,0.4,0.0,0.0,0.5714285714285714,0.0,0.0,0.7142857142857142,0.0,0.0,1.0,0.0,0.0,0.75,0.0,0.0,0.5454545454545454,0.5,0.0,0.2,0.3333333333333333,0.0,1.0,0.0,0.4261317474320796,0.42481430938486875,0.17949609528819144,0.4162892081340301,0.5529262770662385,0.025236059858600463,0.8295171884274549,0.6485969636153445,0.6968021182958082,0.7956315531112454,0.19133951802659757,0.9129056274769138,0.7087405654322259,0.7224714008861483,0.7551868113022374,0
0.2134831460674157,0.0,0.0,0.3043478260869565,0.0,0.0,0.14814814814814814,0.4,0.0,0.2,0.2857142857142857,0.0,0.0,0.2857142857142857,0.0,0.0,0.25,0.0,0.0,0.08333333333333333,0.0,0.0,0.0,0.5,0.0,0.0,0.16666666666666666,0.0,0.0,0.0,0.3282087317890081,0.23668653547791732,0.40421231721739037,0.3408605297400074,0.24523540826406853,0.04509040668563207,0.6824854491677215,0.6555968247457322,0.8768780011299495,0.20105456437065397,0.7427965612983815,0.87524143523139,0.8528458298933501,0.24423234024003235,0.45436789865187865,0
0.2247191011235955,0.0,0.0,0.3043478260869565,0.0,0.0,0.18518518518518517,0.4,0.0,0.4000000000000001,0.2857142857142857,0.0,0.0,0.2857142857142857,0.0,0.0,0.25,0.0,0.0,0.08333333333333333,0.0,0.0,0.0,0.25,0.0,0.2,0.16666666666666666,0.0,0.0,0.0,0.39800240061647774,0.2409321712140061,0.3931871808719549,0.3366235382685047,0.25669078957205244,0.07045020018585725,0.6790893529464921,0.524778099472276,0.7498576236254246,0.21458113319687286,0.9660567334941085,0.8781152622604084,0.9660567334941085,0.0,0.2573414517551823,0
0.12359550561797752,0.0,0.0,0.17391304347826086,0.0,0.0,0.1111111111111111,0.2,0.0,0.4000000000000001,0.14285714285714285,0.0,0.0,0.14285714285714285,0.0,0.0,0.125,0.0,0.0,0.08333333333333333,0.0,0.0,0.0,0.25,0.0,0.0,0.16666666666666666,0.0,0.0,0.0,0.4242082778948424,0.15093360573272294,0.4497639921442893,0.2532865718264264,0.1479541316814995,0.005770656893732275,0.6802276657723677,0.3370344477960178,0.9365445756850945,0.10335973501063452,0.9550170755658135,0.8680805595552085,0.9550170755658135,0.0,0.2544006704328757,0
0.14606741573033707,0.0,0.0,0.21739130434782605,0.0,0.0,0.07407407407407407,0.4,0.0,0.0,0.2857142857142857,0.0,0.0,0.2857142857142857,0.0,0.0,0.25,0.0,0.0,0.08333333333333333,0.0,0.0,0.0,0.25,0.0,0.0,0.0,0.0,0.0,0.0,0.41227216349863127,0.13809665443158195,0.27083568665537117,0.18433633521998022,0.1601483953715906,0.7877551320570636,0.6547745836723269,0.8705046313151871,0.16776365806053486,0.17797414795756655,0.608743758344742,0.5533289779730517,0.608743758344742,0.0,0.1621592160045714,0
0.2359550561797753,0.0,0.0,0.3043478260869565,0.0,0.0,0.1111111111111111,0.4,0.0,0.2,0.2857142857142857,0.0,0.0,0.2857142857142857,0.0,0.0,0.375,0.0,0.0,0.25,0.0,0.0,0.09090909090909091,0.5,0.0,0.2,0.16666666666666666,0.0,0.0,1.0,0.1457521133284443,0.22827883849642597,0.29952122341583465,0.28199681114404457,0.27181765044468914,0.1321521984491505,0.6898700100794044,0.5955678376110349,0.712995910244428,0.30440871488992693,0.38823665867569707,0.8482220120224527,0.7186892029817024,0.5261976806030222,0.5743405633760766,0
0.348314606741573,0.0,0.0,0.3913043478260869,0.0,0.0,0.07407407407407407,0.4,0.0,0.0,0.2857142857142857,0.0,0.0,0.2857142857142857,0.0,0.0,0.25,0.0,0.0,0.16666666666666666,0.0,0.0,0.2727272727272727,0.5,0.0,0.2,0.16666666666666666,0.0,0.0,0.0,0.3223639142977124,0.36146861892389626,0.26902985760635323,0.45549161637966834,0.3771899720280678,0.14736489949734952,0.690688325265774,0.49486925614719823,0.6762995988904119,0.303527164743951,0.6565983491990676,0.8369357848917961,0.788675781888888,0.2931194445049222,0.4201802309091357,0
0.1348314606741573,0.0,0.0,0.15217391304347827,0.0,0.0,0.1111111111111111,0.2,0.0,0.0,0.14285714285714285,0.0,0.0,0.14285714285714285,0.0,0.0,0.125,0.0,0.0,0.08333333333333333,0.0,0.0,0.0,0.25,0.0,0.0,0.16666666666666666,0.0,0.0,0.0,0.09574237041577405,0.1941247305648546,0.37487039301610237,0.33693931477519884,0.16782723152643708,0.9930530564018794,0.6821118112323421,0.9930530564018794,0.0,0.10151454985527218,0.9806972148028638,0.8914230004483692,0.9806972148028638,0.0,0.26124143255730636,0
0.0898876404494382,0.0,0.0,0.17391304347826086,0.0,0.0,0.037037037037037035,0.4,0.0,0.2,0.2857142857142857,0.0,0.0,0.2857142857142857,0.0,0.0,0.25,0.0,0.0,0.08333333333333333,0.0,0.0,0.0,0.25,0.0,0.0,0.0,0.0,0.0,0.0,0.3565882784622101,0.16135882716083624,0.6337823168505854,0.34220785001240045,0.12020113588038847,0.7448083523476533,0.7067172323339214,0.8868416159193369,0.287953644151177,0.18131423462744056,0.6907853196398656,0.6279021832674798,0.6907853196398656,0.0,0.1840137238776099,0
0.20224719101123595,0.0,0.0,0.21739130434782605,0.0,0.0,0.07407407407407407,0.2,0.0,0.0,0.2857142857142857,0.0,0.0,0.2857142857142857,0.0,0.0,0.25,0.0,0.0,0.08333333333333333,0.0,0.0,0.0,0.25,0.0,0.2,0.16666666666666666,0.0,0.0,0.0,0.8939775778142476,0.22273755940658033,0.3195171521207252,0.3238110312207068,0.22495520007917758,0.07787351830423268,0.6852387438164325,0.4129991762374443,0.785205453347049,0.21109358254356733,0.9785846796238097,0.8895027722480233,0.9785846796238097,0.0,0.26067868830946556,0
0.38202247191011235,0.0,0.0,0.3695652173913043,0.0,0.0,0.5185185185185186,0.0,0.0,0.0,0.5714285714285714,0.0,0.0,0.5714285714285714,0.0,0.0,0.625,0.0,0.0,0.5,0.0,0.0,0.36363636363636365,0.5,0.0,0.0,1.0,0.0,0.0,0.0,1.0,0.1933326975198321,0.06604744559443443,0.10397106396829064,0.3834213847413884,0.038586919789900226,0.7524683155431697,0.580364280401132,0.8155787559740527,0.5339480752561283,0.20857603269542405,0.7692806133358132,0.4850576814074655,0.47389051672686267,0.9044791109404633,0
0.24719101123595505,0.0,0.0,0.3260869565217391,0.0,0.0,0.0,0.8,0.0,0.0,0.5714285714285714,0.0,0.0,0.5714285714285714,0.0,0.0,0.625,0.0,0.0,0.41666666666666663,0.0,0.0,0.09090909090909091,1.0,0.0,0.0,0.16666666666666666,0.0,0.0,0.0,0.9373570245005194,0.3004738268081737,0.41614707017355546,0.4423249588320444,0.28411506815955284,0.6262565822503624,0.6995434641544513,0.9271305736606795,0.30549891107971183,0.4738782194741858,0.08588543699569076,0.8619674579957486,0.7137572174484199,0.7146124006604204,0.9506652775690004,0
0.2134831460674157,0.0,0.0,0.3260869565217391,0.0,0.0,0.07407407407407407,0.4,0.0,0.0,0.42857142857142855,0.0,0.0,0.5714285714285714,0.0,0.0,0.5,0.0,0.0,0.41666666666666663,0.0,0.0,0.09090909090909091,0.75,0.0,0.0,0.3333333333333333,0.0,0.0,0.0,0.019894609123179308,0.29436986414639577,0.4316238531303056,0.44392095218009914,0.2731102396485267,0.4453888148756786,0.6843012814257766,0.8104285047758267,0.4520742667767621,0.41422905010880573,0.7974833333224731,0.8532749012195996,0.8858427345058489,0.1395554017439151,0.7079213282847201,0
0.33707865168539325,0.0,0.0,0.3695652173913043,0.0,0.0,0.2222222222222222,0.4,0.0,0.0,0.2857142857142857,0.0,0.0,0.2857142857142857,0.0,0.0,0.25,0.0,0.0,0.16666666666666666,0.0,0.0,0.0,0.5,0.0,0.0,0.3333333333333333,0.0,1.0,0.0,0.03407275607234528,0.3426308192325338,0.23519691543237498,0.4077684150120566,0.3844986315248735,0.10428294662095677,0.6873231784529258,0.5048148728771071,0.7376893089573763,0.3096272908078771,0.9629674277310317,0.903498760025374,0.9784748825301421,0.034415694216857334,0.5212988803784863,0
0.1797752808988764,0.0,0.0,0.2391304347826087,0.0,0.0,0.14814814814814814,0.2,0.0,0.4000000000000001,0.14285714285714285,0.0,0.0,0.14285714285714285,0.0,0.0,0.125,0.0,0.0,0.25,0.0,0.0,0.09090909090909091,0.25,0.0,0.0,0.0,0.0,0.0,0.0,0.3250919298454482,0.2483316107612031,0.518278415033496,0.4172969948198532,0.2172361958788268,0.28251845586485197,0.6874403211618504,0.5973187464599241,0.6079523877240957,0.18318218732450767,0.8989052219758394,0.8170766450616316,0.8989052219758394,0.0,0.2394534055747438,0
0.2134831460674157,0.0,0.0,0.2826086956521739,0.0,0.0,0.1111111111111111,0.4,0.0,0.0,0.2857142857142857,0.0,0.0,0.2857142857142857,0.0,0.0,0.25,0.0,0.0,0.3333333333333333,0.0,0.0,0.18181818181818182,0.5,0.0,0.0,0.0,0.0,0.0,0.0,0.10857883225494813,0.29385639445426004,0.4368959547383211,0.4595918817363129,0.26099233501831004,0.43876649699204684,0.6957109492031208,0.7238484279232277,0.5602082234221013,0.2959807508787758,0.8584203945006318,0.7949815825120637,0.8665088890032835,0.017950795735606824,0.46164712221062326,0
0.24719101123595505,0.0,0.0,0.3260869565217391,0.0,0.0,0.2222222222222222,0.2,0.0,0.0,0.42857142857142855,0.0,0.0,0.5714285714285714,0.0,0.0,0.5,0.0,0.0,0.41666666666666663,0.0,0.0,0.09090909090909091,0.5,0.0,0.0,0.3333333333333333,0.0,0.0,0.0,0.22035864149848283,0.1790674587069682,0.1844450191743432,0.16141067557437677,0.27145160560063136,0.20876690204462836,0.6987349309054458,0.7845857765377436,0.6295700616562453,0.40102022452185,0.6710381331496647,0.7479472452543652,0.7610726187768885,0.14451770243851386,0.6082112752284564,0
0.2584269662921348,0.0,0.0,0.34782608695652173,0.0,0.0,0.14814814814814814,0.6000000000000001,0.0,0.0,0.42857142857142855,0.0,0.0,0.42857142857142855,0.0,0.0,0.375,0.0,0.0,0.08333333333333333,0.0,0.0,0.0,0.25,0.0,0.0,0.0,0.0,0.0,0.0,0.4782737698003192,0.22189437573112145,0.23030044042368214,0.25577219085357566,0.276447925554113,0.7669375305029691,0.6622817395203178,0.8409731658695769,0.17782448574971402,0.25790468643116804,0.5904516277011876,0.5367020051044191,0.5904516277011876,0.0,0.1572864965334468,0
0.348314606741573,0.0,0.0,0.3043478260869565,0.0,0.0,0.2962962962962963,0.2,0.0,0.0,0.14285714285714285,0.0,0.0,0.14285714285714285,0.0,0.0,0.375,0.0,0.0,0.41666666666666663,0.0,0.0,0.18181818181818182,0.25,0.0,0.2,0.16666666666666666,0.0,0.0,0.0,0.12178640838104382,0.32796911663216466,0.2082625415396251,0.3799456261915259,0.38071189807077566,0.14581005788750012,0.6913448375865651,0.502781497244767,0.5435353307236516,0.3083801235351539,0.049792493267189826,0.8443987322466255,0.35837119758329095,0.8964137166750529,0.2863923858377304,0
0.3707865168539326,0.0,0.0,0.45652173913043476,0.0,0.0,0.25925925925925924,0.2,0.0,0.2,0.42857142857142855,0.0,0.0,0.42857142857142855,0.0,0.0,0.375,0.0,0.0,0.3333333333333333,0.0,0.0,0.18181818181818182,0.25,0.0,0.2,0.16666666666666666,0.0,0.0,0.0,0.9935422393631335,0.297793054977439,0.23666914921803217,0.30841637626251267,0.3966571441128632,0.15528688753744255,0.6936969124437228,0.5594121282392582,0.7412286929950832,0.3431144188058749,0.6244196555694494,0.792707160461068,0.7482574191232002,0.2748331469075041,0.39864667125147585,0
0.2247191011235955,0.0,0.0,0.3913043478260869,0.0,0.0,0.14814814814814814,0.4,0.0,0.4000000000000001,0.42857142857142855,0.0,0.0,0.42857142857142855,0.0,0.0,0.5,0.0,0.0,0.41666666666666663,0.0,0.0,0.18181818181818182,0.5,0.0,0.0,0.16666666666666666,0.0,0.0,0.0,0.22154360290585196,0.34457501189609496,0.6215961421866503,0.5552626589226075,0.29247384016360184,0.09536898831055596,0.688741719730336,0.6875057659682448,0.6303091642399048,0.42168042022677,0.8660820813097978,0.854477857257509,0.9030670856984234,0.08208081971782277,0.4811241137472414,0
0.07865168539325842,0.0,0.0,0.13043478260869562,0.0,0.0,0.037037037037037035,0.2,0.0,0.0,0.14285714285714285,0.0,0.0,0.14285714285714285,0.0,0.0,0.25,0.0,0.0,0.16666666666666666,0.0,0.0,0.09090909090909091,0.25,0.0,0.0,0.0,0.0,0.0,0.0,0.4353584485004518,0.12501515635943086,0.45835540847765843,0.25892558030627716,0.09760504302336326,0.6002680817748633,0.6680542050824861,0.7864276801961622,0.3774139480508262,0.16078466590315055,0.11897313327021336,0.7333915364254023,0.46290617593990535,0.7632905967439959,0.24662101761240218,0
0.0,0.0,0.0,0.0,0.0,0.0,0.0,0.0,0.0,0.0,0.0,0.0,0.0,0.0,0.0,0.0,0.0,0.0,0.0,0.0,0.0,0.0,0.0,0.0,0.0,0.0,0.0,0.0,0.0,0.0,0.3613513768665584,0.0,0.15641275762368068,0.0,0.0,0.0,0.0,0.0,0.0,0.0,0.0,0.0,0.0,0.0,0.0,0
