data_pca1,data_pca2,data_pca3,data_pca4,data_pca5,data_pca6,data_pca7,data_pca8,data_pca9,data_pca10,data_pca11,data_pca12,data_pca13,data_pca14,data_pca15,data_pca16,data_pca17,data_pca18,data_pca19,data_pca20,data_pca21,data_pca22,data_pca23,data_pca24,data_pca25,data_pca26,data_pca27,data_pca28,data_pca29,data_pca30,data_pca31,data_pca32,data_pca33,data_pca34
-0.0615587543009511,0.0763263645555917,0.0420622757949174,-0.351284980293797,-0.153689805017259,-0.0672945330235175,0.178085101349958,-0.1345157124066,-0.123808281776388,0.0530102477989917,0.0763448776726774,0.0147897587036201,0.078606154704046,-0.0789135086054126,0.0403107626862607,0.130515110793219,0.0205750060185206,-0.0519134920981846,0.0825963762585276,-0.128348859169232,-0.0351083048480847,-0.0192491004876536,0.0745034539654562,0.0390696732351223,-0.020948606196469,0.00463057679465538,-0.0300592677792411,-0.0572580200164909,-0.0340432003283514,0.0308121569339187,-0.00415694023076901,0.00539155717765482,-0.0248014793883715,2
0.552439291782448,0.114323752460145,-0.570245257087173,0.0284074065770102,-0.136875780110081,-0.00759936535457945,0.302416646770394,-0.136454227662943,-0.177550352156076,-0.0622201837038045,0.212126950450959,0.10506767722458,0.0838285364996929,0.0374270617095964,-0.024130251362758,-0.162880731733362,-0.0230767624866436,0.0205420307956095,-0.131762302952209,0.0352341583273067,-0.097841114455133,0.668706790851095,0.11250478223595,0.325850281415566,0.169222657381668,-0.0765800854942359,0.433433879537665,-0.0711574587131833,0.0297349883788111,-0.048624969062441,0.00579455122784946,-0.0194277552421579,0.00573208865352714,2
-0.234488879372943,-0.141051642561188,0.25836769362371,-0.143210023346125,-0.305573012528175,0.0448182218285478,-0.135712654314903,0.118572123354053,-0.217201923688077,-0.141326533770154,-0.00427505692833656,0.162232240047214,0.0438080665102239,-0.115974854804945,0.0573905910380056,0.0546699796976667,0.00886864836497285,-0.0645813567846938,0.0323156504067,-0.122639651853262,-0.0104223387331917,0.00529714437909513,0.0189606118528523,0.0152268980969619,0.0226259352265274,-0.00640752453592452,-0.00118380513998215,0.000226360856951195,-0.00740165310452205,0.0572424734985238,0.0289165909462663,-0.0315550651355119,0.0424833392059494,2
0.0724575584339977,0.111947781248336,-0.24564579419513,-0.186526599448936,0.326141257969386,0.309888873734024,0.209900736583517,0.118344518740992,-0.236541058339667,-0.242979042572914,0.0820220097512359,-0.122011906061126,0.0459444217498415,0.188134036817037,-0.269039680989569,-0.107005267361199,0.0356115761383464,-0.234779117891722,0.0733013566518179,0.00815023701488937,0.0849641825735656,-0.295917665570027,0.535826123355852,-0.205748725791766,0.46189939788996,0.102315603893404,0.195526068237316,0.228117220443908,0.0063696581868441,-0.0849063143948439,0.00826317861405787,0.0247209872794,0.00211280077387541,2
0.17611764875549,0.055890354316594,0.162072286516864,-0.0918487021223428,-0.16013786963886,-0.131371397088431,-0.05865979959654,-0.075061041462164,0.0321808728708866,0.113447026001647,-0.0435702412445242,-0.0187689068982162,0.140110163186163,0.188786785749504,0.284023898536165,0.189284652779228,0.0728980961637179,-0.190346266825596,0.211291403379925,-0.0216134683617672,-0.00905746939712821,0.00447375889074202,0.109042001836909,-0.0104953472538462,-0.0373215632746918,-0.0290310037349173,0.0162247196010944,-0.0894589296678709,-0.0488867969183537,0.0127242042396154,0.0565464823825663,-0.073964345834203,-0.0197427693285302,2
-0.529194429673061,-0.157454380167895,-0.138484265630192,0.0493999877607002,-0.336373804586038,0.127282557353729,-0.122534266980198,0.109362238369742,-0.150213751175482,-0.227985909054657,0.0183499976335821,0.163770020810501,0.0336029464289188,-0.0454114872750747,-0.00731023289542708,0.060145568332196,-0.0418728288342258,0.0708306507580106,-0.0689433123709676,0.0185745388218471,-0.00731396854929316,-0.0186456671277891,-0.0448734663131941,-0.0220678849725566,0.00333474452293146,0.0273978730063456,0.01959408920499,0.0153490308012479,0.0682536923186592,-0.0495648113827179,-0.0139977306422741,0.0145554943780452,-0.0217959982708278,2
0.211931876535705,0.321805688365474,1.01202395154294,-0.245778429893598,-0.28984458859836,0.0465031590759385,0.374527790155448,0.426876537521555,0.0226052443818726,0.439815931214225,0.100023247536275,-0.0572126733431628,-0.180362252630132,-0.045683608866326,0.000832157028169288,0.0249006109768688,0.189648914672869,0.0346742959991994,-0.0439490439982086,0.0503136794418123,-0.166636626473537,0.063334434920392,0.0569861331619332,0.0325304542567466,0.0430712639745329,0.0736575164056851,-0.0670306944011449,0.0606139808744479,0.0834223705013964,0.0590135650983254,-0.0464949038451344,0.0534410502706548,0.0101921715424895,2
-0.136944951781522,-0.124327687759146,-0.319542836479826,-0.182217596916346,-0.101745594905985,-0.153221522779173,-0.204174623013553,-0.0844691497032474,0.106713297040089,0.0906737637738119,0.0741064871883942,-0.0132478357102489,0.304554264922692,0.237965590648218,0.096324587397417,-0.130596412745789,0.065609529052067,0.0804374468448601,0.0107603344447827,0.309217003037387,-0.131449737763351,-0.437156508290164,-0.10576164220652,0.678162208250513,0.1415817140284,-0.105399027047303,-0.00755445198442237,0.164877857704846,0.00933876497870917,0.118525681773265,0.0219200470841877,-0.0216780150286229,0.00396682407509196,2
0.21895080241582,-0.0943032650612328,-0.11103869385136,-0.079221242639404,0.165888886093177,0.209591474510813,0.0641987354082665,0.0623894542083626,-0.121384646219012,-0.161748517781799,-0.0471765495916972,-0.0882018511181839,-0.0846768609758008,0.110431177206287,0.00244006289481619,0.0057046235072905,-0.101541270109255,0.0517855505139936,-0.0593352615719231,0.162412189390014,0.0662552146948101,-0.0473510401795619,-0.0420498719691133,-0.0182396233639819,-0.0976881499741784,0.0188968398890757,0.0666424824551522,-0.0380319880633363,-0.0240531866182921,-0.0220969314456132,0.00336051408591733,-0.00276899187301107,-0.00694805398132082,2
-0.648975505055915,0.0123368353504466,0.175677294528911,0.36945551121274,0.844814900627011,-0.584458462276922,-0.412488309034753,-0.422063673342838,-0.0848562274088315,0.0403168041376357,0.651655187509608,-0.248353596268058,0.243466770687129,-0.499708878882343,0.213492427834861,-0.0714549004566493,0.05639159820996,0.0789597810963468,0.0649011015860485,0.114809480443899,-0.108055136569446,0.0175040030628582,0.00542700559123437,-0.0666750285532641,-0.0131367382083758,0.0384976412330006,0.0381424422060228,0.0763724718072644,-0.0310377171972252,-0.12389582511748,0.0551102212365874,-0.0654128120538715,-0.0233720738931488,2
0.703325023281772,0.184854029005074,0.340590156591956,0.311696506988895,-0.200766703335713,-0.100100551513387,-0.272755078714375,0.00759981491874914,0.131266602218681,0.0635910034974218,-0.0956512829749498,-0.0794872125362353,0.0719177566956822,0.297833181069129,0.0393355427596789,-0.00548689783810131,0.122166737893343,-0.0821144399975411,0.0403402834513207,0.052002280051473,0.0353738513694725,-0.00316132968543564,0.0209899443010877,-0.048741784848794,-0.0341247263977561,-0.04090052642342,0.0312835270858006,-0.034604219113169,0.0510482987635473,-0.0275695727991556,0.0483995542226941,-0.0605282098097773,0.00275285071628178,2
-0.385879852251451,-0.971658262330022,0.536224291993867,0.651667590064826,-0.185358101561042,0.124700300504778,0.185908096128932,0.438296590095907,-0.439709703676846,-0.180660706527339,0.125178215964601,-0.0019470203980569,0.188560301327306,-0.0477732569775633,-0.0635874310546678,-0.256076824047998,0.0966588321618052,0.107162860042006,-0.00563484399292545,-0.0697230755925258,-0.133301952908523,0.0098672391452594,0.0620892235837426,0.0210915554889776,0.00799710728024398,-0.0138853934154322,-0.0731033270376898,-0.0564940448456844,-0.0652621138162259,0.0189090327693852,0.000315000802602372,0.0185257815728125,-0.0166272788861537,2
0.0315178838346172,0.117542136500559,-0.357232742313851,-0.105701630144871,-0.0919987393298618,-0.060157187866114,0.102646763615191,0.0481914577874088,-0.013238921650945,0.0754480092129014,-0.0373866788895613,0.0931191855852904,-0.0503135547117645,-0.0404358485188191,0.237517509033092,0.241682544695913,-0.0551510396518705,-0.146677691459865,0.0555475731425248,-0.0183072893488804,-0.0504064780847666,0.0305084003996355,0.0432289654372323,-0.00231338430436174,0.00183867617433937,-0.00162871072863685,-0.0540974136410823,0.0452866803875464,-0.0266324938049677,0.0350417575528207,0.0209307325911007,-0.0112242606249797,0.0015963514454496,2
0.221783535111287,0.1014858667107,-0.349826896916905,-0.0308554043114699,0.0111162349538968,0.0163512931037114,0.217896701895033,-0.010709653510775,-0.117322169422536,-0.0712134500456802,-0.0354353463688743,0.086310810485605,-0.0285036399166143,0.0741333258678854,-0.0409316808572285,-0.0424593519497689,-0.0226016236224441,0.0526079185602237,-0.0971101662529028,0.0250357235385392,0.0506195470227727,0.0213452335538382,-0.0205461506069311,-0.0202597814449719,-0.0227609428084478,0.0115867222681017,-0.0860339801793533,0.0474200833957877,-0.0224287732800496,0.0337313106798978,0.0203482102921007,-0.0012001885570791,-0.00220186955904379,2
0.52305162314412,-0.364758727231872,-0.0249587030813979,0.196594773811838,0.141749224919063,-0.261380391271788,0.183941653551181,-0.138946559002882,0.616946094601676,-0.397716943324657,0.145779416902715,0.263358386458633,-0.115189456010537,0.017397358474499,-0.0211468443706,-0.113234098806951,-0.142057623223398,-0.115018310030979,0.0211135101615464,0.0843781650189033,-0.0291850107684561,-0.085401901794668,-0.0219490188645716,-0.0203090811169066,-0.0686158178512145,0.0460779167610777,0.0647830356031431,-0.0478942457817808,-0.00537961258076846,-0.0509310178429512,-0.0346848760122804,-0.00683270436796976,-0.00218205938979224,2
0.14058684099312,-0.108506621491923,-0.113001073004515,0.28198794937124,0.151002776684723,-0.0538222032517058,0.637030619089037,0.475194338853392,0.0462349873049741,0.528308287642506,0.171638005760172,-0.111876276976132,0.389248823394258,-0.0192214622700922,0.234990953997294,-0.279707095659912,-0.131206164168876,-0.12527733324449,0.14230968254192,-0.285651857907247,0.372699142286306,-0.0999234574333214,-0.2627817544608,-0.0153667125043146,0.00872470656254298,0.0164305904627774,0.152779587921552,0.0207580591725475,0.129124008346656,-0.00651652039733386,0.0106026808214924,-0.0459466429938906,0.00953682529603316,2
0.114135135060483,-0.661379339118188,-0.0600917121593214,-0.0652306506882799,0.421348598433418,-0.341408537080344,0.355080582751357,-0.268950623591973,-0.342452646210863,-0.0598183646938126,-0.209201257787867,-0.0771785660258961,-0.000551498882887072,0.103863235039418,0.0602148626420069,-0.0650092038361605,0.00378265249819499,0.115793325132138,-0.00483416809502436,0.021263053340922,-0.0185779178315244,-0.0191716549524721,-0.0144461458715239,-0.000281241820701306,-0.0545518553832153,0.0732248958151237,-0.00159724109709898,-0.00812611954912701,-0.0295987633988181,-0.0456259234960031,-0.0333228999271585,0.0214753316881499,-0.0292891416205254,2
-0.626827815578279,0.31111747439134,-0.280159775868069,0.305757383617341,0.0113900943396655,-0.132305435546795,0.0833038668664329,-0.0500738838680662,0.028545893230375,0.00074623367683464,-0.0603150170993693,-0.0226360355693888,0.0244821819329314,5.17007701769268e-05,-0.28675320876574,0.157065541290088,0.0512373471756277,-0.111487787797768,0.00676885296988993,0.0331113245894181,-0.113620366352695,0.0136247577058417,-0.0277827529388121,-0.000141958841859917,-0.0287057721493293,0.0135620702997517,-0.0306858058746156,0.0197706954916941,0.211908914930505,-0.0340168277252831,-0.0830238500440045,-0.0455202454191064,-0.073559704819914,2
-0.109085654846062,-0.317153529479039,0.306535699563817,-0.290540768083823,0.223409096142989,-0.218536873612606,0.261390720493681,-0.193525386989988,-0.222832368461357,0.0391660512702815,-0.144451544592029,-0.060261274154434,0.0408302107186116,-0.0154930918583724,0.0238164560433046,-0.00386068838837417,-0.0273005093909764,0.0512343617716056,0.0419575898649123,-0.0201571607962394,-0.00975318685438216,0.0149312567207421,0.0228467720521374,0.0159499280508457,-0.0366475320376813,0.0448041560487971,0.0160431888230304,0.0200017618070961,-0.0554049184668283,0.0366408799333292,0.00568075282340596,0.00308466643595243,-0.0707235214511011,2
0.0535155125947906,0.0282635146964785,-0.234815209136657,-0.0255706891353628,0.0131506874610719,-0.114240140345104,-0.18823026082534,0.151515308068979,0.135204332297665,0.0658556898256452,-0.198929716708517,0.055706006129592,0.0436400954760671,0.0441395636881284,0.0094013018709617,-0.0215324857895769,-0.0393250103485316,0.108055746647618,-0.171311138614064,-0.0907011562650309,-0.0266805825878242,0.0116831447752727,-0.0315371151581729,-0.00850299753486812,0.0490308907811444,-0.00182332978179718,-0.0375469410026382,0.0392710745672641,-0.0289206244623095,-0.0975329506771092,-0.00427150485446189,0.0722238916569753,-0.0173087285986461,2
-0.245725051523495,0.247935820872294,0.0349992499324299,0.201674542773197,-0.315428198266241,0.332225082854192,0.0306491004492548,-0.212150991323036,0.245627731418087,-0.236257221784953,-0.260592675683089,-0.446653244068725,-0.0944810303268985,-0.0127950954924796,0.323228634780398,-0.300578709327269,-0.111867956890767,0.00600138181638591,0.0480740140298887,-0.0536601381774282,0.043801451782405,0.10785442723285,0.00108476028544042,-0.00629190800621676,-0.00145330382937025,-0.106365876147259,-0.070016698022312,0.237878322888579,-0.157972335984808,-0.0255155662864439,-0.183030996245842,-0.0669399451502343,-0.0315980912612853,2
0.871879185493993,0.38995823696139,0.483050476418584,0.532565792538512,-0.218837406201754,0.0427983703488028,0.300553445941991,-0.260382438393869,-0.151578046238193,-0.0871127950176615,-0.106945689941135,-0.0439047075911206,-0.0344075785882387,-0.0340995904870945,0.0251131323226924,0.193514138185541,-0.212289104816196,-0.0226341837651011,0.030372552897801,0.041624082845399,-0.00480854320680616,-0.102260163514025,0.0492659532920137,0.0545265001283328,-0.145875375628979,0.0360383295450349,0.0881055673558313,0.0370743270757775,-0.0077830596532089,-0.0317119505236842,0.0329511604141928,0.0313204446199277,0.0052055186133301,2
0.208688534031783,0.341934829301113,0.540959012051697,-0.0476390188683333,-0.0248348385721562,-0.0494906512228445,0.451844702692987,-0.329464152608408,-0.257003629673714,-0.0336305102842362,-0.136673132857448,0.0579078594986613,0.036587340144354,-0.0957326880527426,-0.031489626945342,0.0943120202155886,-0.280855765343285,0.010442768962217,0.0937910473866417,0.260994822363372,-0.14592301216696,-0.0495636987544644,-0.365337188659464,-0.207972647953275,0.508148817895916,-0.376812792002815,-0.0883968559531582,-0.224855961650194,-0.0429217909550294,-0.0518617479441063,2.62186058054094e-06,-0.0145002167814691,0.00231275151903335,2
0.222748426541383,0.226759059688603,-0.401233116584025,-0.244428370757714,0.183526361434372,0.40586217389753,-0.066230620647526,0.307186550271999,-0.063199694504336,-0.170325291827955,0.126450068481569,-0.0856775774217672,0.0176806973915927,0.0533539156812317,-0.0920551904213178,-0.0285567429380037,-0.0196953523037215,-0.103177384587924,-0.0222886818775503,-0.00915778720583037,-0.0391773113853032,-0.0989368465440385,-0.00156782351113686,0.0351415469393136,-0.0861026161156047,-0.0159473515647843,0.0173006972908376,-0.220413559346446,-0.0322671262985603,-0.0293695218013895,-0.0602365709986153,-0.0220324374850453,-0.0444890870649222,2
0.136564318374986,-0.0496061825570184,-0.0733966676829645,0.4396780590276,0.085977997765643,0.524337489022741,-0.21416567509224,-0.484828282194594,0.125332901774242,0.475591513468215,0.0112491538800339,0.290849503605713,-0.141145888121225,-0.0890698659462536,-0.0537622045136564,-0.0408965404621522,-0.149921305450595,-0.102142775578953,-0.00673624465095262,-0.111958526998237,-0.0988015234427947,-0.0353789939437762,-0.00291584411977179,0.0281843260878919,-0.00245590088164885,0.00536197249367562,0.00193485786935645,0.0409621439743011,0.00877091020978461,-0.0465080427399807,-0.0211990065736433,0.0674429204679578,-0.0149208209864954,2
-0.0689090016100732,0.0784807324883331,0.273648801225699,-0.156231989586361,0.290486990751611,-0.0449077259477857,0.478202548872623,-0.192787692407468,0.643146357420834,-0.528681244863325,0.0476317488203191,0.476360189025872,0.120630874482212,-0.308509760458013,0.00562430569105987,0.0239984873811321,0.0886852982445319,0.146446700421946,-0.0515976846316529,-0.0388107777222559,0.0754471215085489,0.00176074836599733,-0.00431020343924936,0.0274575687168303,0.0351537941825088,0.0647925059275823,-0.0209859424392738,0.0458671371681941,-0.022147912419601,0.0487565419436137,-0.00917789158228289,0.0171511908881977,-0.00275240147868842,2
0.47414960146599,-0.448181648617888,-0.288420773806693,0.180474118935712,0.345236963792998,0.128549716930533,0.144187690359175,-0.528481664668723,-0.204851809392549,0.425379920057605,-0.0645570494686002,0.34553593121092,-0.186746206672491,0.0358655980357266,0.0966129220365913,-0.167798303489495,0.055630814755751,-0.0568271007700826,0.0124737653103936,-0.108192675204255,-0.110551117342897,-0.0887078685601781,0.0155890125891056,0.0247801562136827,-0.00732195244559907,0.0980302742564083,-0.0317963160644544,-0.0976212543461242,-0.0217567072301091,-0.0565304955761524,-0.0807811304027248,-0.000333103076385375,0.000792286296701822,2
0.421052376121384,-0.294333329851861,0.0913092249184131,0.0250683293378976,0.179320994651888,-0.121964570969193,0.317375888087311,-0.0760986046575413,-0.235813121612658,-0.0739367895140554,-0.268485707532046,-0.00398052139306231,-0.192613111408624,0.165900397275745,0.187331689956806,0.117606351835066,-0.0100883791953147,0.0748184615645272,-0.0393168586721927,0.0186164209502758,0.0305195105227765,0.0331695122531528,-0.0284593821045867,0.00305111829216405,-0.0151174612935143,0.0338662543332212,-0.0270932824288782,0.113413025459184,0.00873499190025899,0.0089157775588971,0.0464890276186723,-0.00928624842326291,-0.0169710970883383,2
-0.19716395573423,0.319416464941198,-0.0598540594597805,-0.35961579987371,-0.344484523269224,0.0611832211151114,0.126396385950217,-0.225759586096697,-0.0146642751250346,0.00993262703252922,0.228143088698496,0.0740290876128323,0.334238376679201,0.243286237932696,0.0088958779337846,-0.0712226266897147,0.0897871051048858,-0.0218621422628476,0.132671184386793,0.0501417455293519,0.0576562113793939,0.0318343832372053,0.0686531239063315,-0.0474403509880814,-0.0598588388008651,0.0100948401470257,-0.0792243421460184,-0.0902134506713862,-0.0209515696285795,0.0206327853347529,0.0278124855633362,-0.00598301909492621,-0.0348252910993891,2
0.265523836437144,0.0032741546118074,-0.257766243461707,-0.301749595952023,0.251678530338272,0.261472786029027,0.169777833929736,0.121205131097737,-0.219414397282282,-0.145146317288428,0.0973233702204195,-0.0623433551171768,-0.0710420417414207,0.111823611219402,0.101754047537384,0.0111019210144101,-0.0337876890680919,-0.140201723775005,0.066513817251848,0.158832574964011,-0.0588746239799682,-0.0303347638773694,-0.0308575614127263,-0.00676746151504756,-0.104904499616759,0.0580293203087247,0.000660004244222602,-0.0902189795798571,0.0324261549199222,0.0056379175002044,-0.0626671274815817,0.00060277712607438,0.0226104903525012,2
-0.463646038930815,-0.345804187736572,-0.000806149989583507,0.202899115931451,-0.288158170018262,0.113111065036766,-0.00222673507266754,0.0727401169339294,-0.51151428665871,-0.433422021204805,0.0321956098830673,0.384752092444478,0.196498227103092,-0.134953903110743,0.052171519704568,-0.187557036648185,-0.123992832319354,-0.0449000014469287,0.0191507239542915,0.0225971490590118,-0.0570967542937382,0.0104510551036615,-0.0466356594305493,-0.0287006885815806,-0.0248927222477738,0.0908841558392213,-0.0350268406900755,0.050643694639625,0.0066709484831555,0.0428291850576296,-0.0106497085140141,0.00667136889079686,0.0372888762688469,2
-0.0602546267720981,-0.000884028123000064,0.507055481631712,-0.13311632134116,-0.253733938585268,0.00477667437675189,-0.131624034458912,0.143813642046029,-0.201375524813576,-0.099099398090227,-0.152444314269364,0.206067938468358,0.0277234178182698,-0.166353479065958,0.0918285278710939,0.0550777533676255,-0.0565498496308306,-0.0609302933527992,0.0119637874345348,-0.164094226912919,-0.00232991034117863,-0.00393253475427261,0.0338168375199499,0.0390301160241801,0.0253090913742581,0.00446479696733723,0.0341169876673761,0.0228308844033485,-0.0707000521114015,0.0783369305093095,0.0585273843645169,-0.0492627790975826,-0.00221389418498326,2
0.807745556053843,0.444678109306596,0.129576791450447,0.413661056635049,0.0359351372172966,-0.0332218601726555,-0.181374595286552,0.0771187858028932,0.186069817490792,-0.00573538366843777,-0.174241701837806,0.0875269340520553,0.207748159098797,-0.130779684377572,0.1455191117277,0.0902495074654656,0.352113617524269,0.126882896567286,-0.12133010019935,-0.00405721535347563,0.0291629537705344,0.0172158739858959,-0.000567782495025413,-0.0386452287612069,0.0767101195316664,-0.00446622471452875,-0.0358257148658186,0.0422558570163343,0.0733821668001534,-0.00783938963616649,-0.00805074241333935,0.00532505444719848,0.0147419494766646,2
-0.705009470668949,0.446017738566626,-0.435761628961135,0.354979195050731,-0.359837817596961,0.0630238215976958,0.235035571383233,-0.176963244897785,0.0933706359961177,-0.214705238215108,-0.126484312754866,-0.36327208465031,-0.323393164790311,0.0398648877981888,-0.163974281817769,-0.0811972882055014,0.570511771963023,-0.26416660217619,0.135827746412633,-0.0855796552651075,-0.182828276884436,-0.0534721684032075,-0.414590952517819,-0.055940428042494,0.0452534955773392,0.237939493948219,0.219731440394756,0.0173043917610745,-0.256841211173145,0.0242847422253647,0.165184845540547,0.10713007091032,0.00255516681897649,2
-0.640849109049802,0.541276516772944,0.349185095400428,0.462724514334379,0.279973240881796,-0.642030054542772,-0.244639470966701,0.211709296357554,-0.459748503420005,-0.0954254878119282,0.111961337983307,0.461140180426127,-0.579520749565858,0.00268198943398966,0.0276202459682596,-0.0854819470919814,0.233337347195704,-0.290043555165286,0.201504800861655,0.142758473760019,0.494061015996369,0.0473969354519599,0.060319126297292,0.171603456849745,-0.0290305854590971,-0.234177171123835,-0.0441951279767283,-0.0382283781709895,-0.0717425966295194,-0.0539474170724329,-0.101772595866155,0.199853524181951,-0.0218897790438862,2
-0.658601069023557,0.248473793672794,0.00795521151035931,0.708702789512812,-0.170716659606145,0.0964961258070463,0.459118000531739,0.370536128521024,0.165871346996538,0.283474448191418,0.163960003436778,-0.125581161617518,-0.0322015541971743,0.011781885681291,-0.113636488548348,0.158373334905238,-0.0496327137673442,0.141035388326232,-0.0972634204099807,0.183569113417294,-0.0331289937871786,-0.0338421494157102,0.137802301444089,0.0220188136584224,-0.0750414289493135,-0.0300099367471787,-0.0262396491914927,-0.059360932120692,-0.0969278369646649,-0.0825104759402175,0.0383844934713843,-0.0270197337083765,0.0242902410383821,2
-0.648661402079502,0.29001936603303,-0.270835408696601,0.208291449580868,-0.176289854669423,-0.0716578381706202,0.0839091530843628,0.20011471127727,-0.195318993636117,-0.144866085131564,-0.164297137071557,0.366401438657943,-0.0391529353892312,0.0377868255427248,0.0140626220783367,0.118999428593562,0.0893897386290272,-0.184496586918737,0.0234235031190264,0.0421732806191467,-0.0902951840022554,0.0366886246878813,-0.0313923960883879,-0.0181507801883415,0.0203896872120766,0.0763941597217854,-0.062426501648777,0.0293181801661926,0.167365957724875,0.0316375055251491,-0.0408928662036029,-0.135040850416775,-0.00567948453818751,2
0.245163159992769,-0.538513741365134,0.19038219782664,0.0850099337039061,0.0877149096452887,-0.132406371481629,0.115208842537036,-0.0429830661702591,0.542669963694945,-0.382033408447738,0.0981100966740589,0.0859645307017259,-0.233633051120019,0.0589723820827882,0.0143006528981194,0.134816841069787,-0.0448741649401241,-0.100866049505524,0.0473093737313739,-0.0654960763451176,-0.0352154732568242,-0.0227500916109042,-0.0248008437607171,0.0242547528941722,-0.00613295412030875,-0.0346224895815567,0.0289937903662056,0.0164419789181483,0.0791528394019254,-0.0443366320366373,0.000965668631331846,0.00531394428378002,0.0346171499443219,2
-0.0473233885872671,-0.45281025665161,0.186906727087636,-0.196493140040277,0.407525810739149,0.128490697191571,0.165003339359743,0.00702373533546285,-0.243814296773462,-0.188029318178447,-0.119248018450082,-0.237300323528892,-0.0849486651370327,0.194432016792188,-0.0112221802306025,0.0711081726478898,0.0207875649520406,0.00881817430020287,0.0413800771729849,-0.0128376091028336,-0.014175142268197,0.0383410584348367,-0.0471822477162331,0.0305878836285024,-0.0491611185346796,-0.0159535112494917,-0.0134347153043907,0.0137949114136632,0.0622211320776176,-0.00393951577356159,-0.000957270223658037,0.0132311734991571,-0.00186306980108458,2
0.619865145356323,0.294719306631583,-0.539694192757918,-0.066253137548795,-0.0110463367707352,0.132660685907643,-0.117479665199789,0.31858862548963,-0.0251089311898829,-0.0297653723878644,0.0754721027224522,0.105245834556091,-0.208466646709534,-0.0289624192956371,-0.138376600041481,-0.126776952010413,-0.0505212279986792,0.409028282613929,0.735357693160714,0.0469168229916828,-0.0782828358777385,0.0189665132267519,0.0109760074618383,-0.0195955925646854,-0.0271963686664316,0.0494555811937024,-0.0153201400411409,-0.0254852063054791,0.0358045571916404,0.0324179428971388,-0.00961425822881286,-0.00831083176024422,0.0175160005916423,2
0.128755564352469,0.0210728855870701,-0.0570275361990175,0.026253567431638,0.111530759045933,-0.194331999380355,-0.256103978616008,0.0188223560893919,0.158449488880381,0.118176831219796,-0.180968919166849,0.0269719404742337,0.256839951276018,0.168274301650437,0.0888009128808251,-0.154572678759273,-0.069904754045134,-0.0518934887304996,0.000579334133285012,0.042016529878459,0.0141162458713239,0.0705493809752004,0.0127247713595188,-0.0637017920032895,-0.0101038507291549,-0.0163489216327706,-0.0351044462446528,0.0367782958712742,-0.108757143187458,-0.0177073039117681,0.0503038679432017,0.0263315240310107,0.0280210657348596,2
0.0406928620892698,0.328446233629662,0.443964021932559,-0.0956838448548818,0.0353141450100619,-0.237403061041415,-0.135100968390149,-0.0398211102969878,0.0685347650698807,0.146074679196966,-0.160586480467672,0.0237906275059616,0.242808001380819,0.177102830376921,-0.101144044188595,-0.135821717466274,0.113702812103567,-0.129816602932045,0.0771862752399131,-0.0673796088751027,-0.0379258759193545,0.069931225188529,0.0307197810116862,-0.0128842317767273,-0.00111721555403703,0.00130604074561548,-0.0525852219290406,-0.00963166133994445,0.0232862990335088,0.0303451469404747,0.0118321159135153,-0.0410568132450136,0.0117061392941444,2
-0.74889595134436,0.62082828854601,0.0495821078718464,0.747741176590839,0.340397399617787,-0.371393071403999,-0.267461915934861,-0.134050766838433,0.0287743266681056,-0.110089437799185,0.382043017784245,-0.0673624843670959,-0.117838972003243,0.595610708260774,0.310355109043448,0.140368353189803,-0.22647737746006,0.324042336246884,-0.17006224996411,-0.241668429182664,-0.0907582585156828,-0.0628973503219432,0.0231050465679382,-0.130774153428392,0.0958212011233856,0.0570309336430873,0.164940992530371,-0.119997071542595,0.012087064572597,0.405427742481044,-0.138141364512419,0.0734918074306979,0.00918680536374857,2
0.561660475318212,0.368949504068432,0.528463348171463,-0.123594850209903,0.0103797723200013,-0.252059739228846,-0.0590263216186317,-0.0793880498632053,-0.0716679295954653,0.190379193546095,0.00253752937113116,0.000305257690967566,0.0542736859383155,-0.201987854109692,-0.176151195554094,-0.149501676597974,0.007198184476934,-0.223835918848326,0.0543316576621413,-0.0204024482141429,-0.0855671597515222,0.0336596974180751,0.0151131380303317,-0.00612948317225102,-0.0279555321793825,0.0301709402134588,-0.0148919543328835,0.0597318320795805,0.0271678462049794,0.146384556871045,-0.0286129948585307,-0.0202469410968284,0.0410152424095325,2
-0.11606674170874,-0.0494459915541227,-0.499939725718186,-0.148471984854702,-0.172208863624738,-0.10777951602784,0.0854068019619619,-0.0502130306335618,-0.0573181954881807,0.0727467255260381,0.178475028148428,-0.0122172012654439,0.0313428604869748,-0.0413070704992839,0.142750630206535,0.24486849635001,0.0893136167347826,-0.173592336120824,0.129327577865725,-0.0688281440345739,-0.118020389521367,-0.0239910189335928,0.0680244972009272,0.00605161525332886,-0.00950008707074678,-0.00841579655315095,-0.0564100217620267,-0.0922236368462706,0.0529853233622596,-0.0170216949107453,-0.0555645721277298,-0.00544700659173917,-0.0134510610854672,2
0.790424925578718,-0.573674880743865,0.237799722318148,0.78733145165481,0.0959132174924405,-0.0281421324798878,-0.0328677798583215,-0.23782291402906,-0.133747038947888,-0.193194470246119,0.0537577391796819,-0.503433634329311,0.101797606006961,0.10828852778764,-0.28578793096625,0.0741034359866587,0.0636872254009024,-0.03167843104571,0.0622210162665965,-0.308419560479369,-0.0313040402934709,-0.002601736544289,0.0414165730868495,0.070542270298587,-0.0492364506587398,-0.204581264029403,-0.0807881920555854,0.0102739891813663,0.0537617864621907,-0.0172543323179199,0.0526383570747246,0.0580042419390201,0.0326744880541634,2
-0.373809426186338,-0.342140469006827,0.295612421457391,0.201417108437906,-0.401931803405736,0.136200449092545,-0.254800045414914,-0.0063155575975724,-0.145964138610662,-0.242706596297244,0.0738035630229745,-0.0392514714964924,0.0236450386193711,-0.0616340660519063,-0.0447147186875495,0.141203660203229,-0.0389828967653844,0.0333269078184255,0.0237897556572778,0.0543056732104663,0.0171351846647134,-0.0640387358478197,-0.019147802598348,-0.0166175050217578,-0.049055496682234,-0.0145020326545862,0.131837739450532,-0.0277825709270136,0.0924244421613224,-0.0480649100166894,0.00199131680164827,-0.00849782307409204,-0.0164061857326217,2
-0.239067906862435,0.195542006008541,0.179009352144077,-0.212654924699269,-0.0102456828572693,-0.124516643245806,0.0476762193138221,-0.195100607897097,-0.0402082995134662,0.0974782343521977,-0.00553697995328554,0.0302403499152374,0.109362175092035,-0.184386038730166,-0.0626280917028803,-0.0236439335677493,-0.203197152925685,-0.0588479690738814,0.032540974461966,0.192267504042215,-0.0134127241669554,0.00250195561011407,-0.000707499551619472,-0.0367969790488646,-0.0939145584302683,0.079929278004142,0.0723130238335231,0.0608615779146296,-0.0269340018251422,0.0350838322448272,-0.027830565582762,0.0463743956290631,0.0481020992048712,2
0.642552012599585,0.230370477201994,-0.185933989632235,0.824225956829045,0.0890192068262136,-0.0537996841930579,0.415723527237599,-0.274933195852973,-0.207667854080517,-0.171559902617869,-0.00596843939376639,-0.084610834300133,0.137104414843197,0.214928834242214,-0.193365802949873,-0.0202718972640911,0.000188564885042815,-0.165505684048061,0.0902339881163585,-0.0257411066893865,-0.06044648828553,0.0480152111171519,0.0188731410968883,0.0123883607600978,-0.103153296068825,-0.0384923208567914,-0.172200061019264,0.0787791406609153,0.097486928390901,0.0397386731870314,0.0163463872806483,-0.0073259084471442,0.0325500870310112,2
0.309638407411367,-0.264648638384003,-0.062787722049846,0.478547734956377,-0.501223547122666,0.119857348789476,-0.379671540683099,0.364178859985929,-0.309694319684242,-0.35989971519367,-0.0169677013658127,0.375511036897948,0.00411907469991286,-0.139658905448811,0.157278945652456,-0.112880656351903,-0.0448292220049715,-0.0361480284194085,-0.106713584166722,-0.040788469483207,-0.0732863327916038,-0.0636754992050458,-0.0595937332688856,-0.036188771218781,0.0383366179406544,0.0485423302602114,0.0287422380901902,0.0102593047817208,0.0294044283096222,-0.0164180336125328,-0.00698111295955959,-0.0244725694368273,-0.0409433737973416,2
-0.135949945873643,-0.12243165046075,-0.141873102331105,-0.286259996027205,-0.0259699553724983,-0.00814033354519839,-0.130842260215518,0.0513850266424196,0.0216577270750481,0.0301565072023579,0.057116441777068,-0.0625078613103923,-0.00544857768955641,-0.00705868281971021,-0.089247569080599,-0.0142031204399289,0.0342708941531166,0.00630896977988751,-0.0524278298461939,-3.86497099840972e-05,0.0334597302514388,0.0645282201153944,-0.029649067529068,-0.0408406077761889,0.0224540964367514,-0.0441235647435437,-0.0487141240330638,0.0576253211738761,0.0191320857086942,0.0547004429924843,0.01461225405884,0.013446070240901,0.0120225204539236,1
-0.268975758028759,-0.0557110633540347,-0.210611799242766,0.0236188688653725,-0.059392160314858,0.036102030915393,0.434427864587717,0.406232400236761,0.104113063518281,0.430242910896508,0.219111752966998,-0.0881897137915407,0.24328669152329,-0.130802443598853,0.170191401199371,-0.0755793658714039,-0.132843420607893,-0.0472135153936881,0.0625951762350865,-0.218635205773946,0.242822562477098,-0.0685541589016241,-0.212846972223452,-0.00968734230283548,0.0332636496545523,0.0152068141209656,0.116057677893656,0.0534928961556294,0.146464399611363,-0.0368842668171027,-0.0198992541074696,0.0263472567795007,-0.00776130890642424,1
0.613584334293415,0.349289504118835,0.538840699089636,-0.168277458227774,-0.248168648716284,-0.00327602894686969,-0.0694534566762041,0.0762881290009054,0.00504880612317922,0.0701487843397089,-0.107312481236741,0.0286218705906354,-0.11109685312235,-0.0605747968935758,-0.07394449745107,0.0302278833874779,0.0234099419480551,0.0674670554541888,-0.124803193873135,-0.137819690700975,0.0165762750516894,-0.0167882296007816,-0.00597187573742617,0.0346325158732025,0.0277669609570999,-0.000345598572973289,0.0124790065741438,0.0545818138814925,0.0162637790000667,0.0261906912378014,0.0279348531180883,0.01503572615576,-0.025104758313058,1
0.644513591713863,-0.217023302064863,-0.10851520993135,0.0585699553546029,0.099752062112899,-0.168042377484724,-0.0126511678421178,0.0281620689875483,-0.0659992402594353,0.0484035374013844,-0.140948741367558,-0.0130349947061028,-0.107856595606667,0.00841789156612771,0.166394487003077,0.0216037848408145,-0.0421885716763752,-0.0325596813844447,-0.043850139248742,0.0207943712437138,0.0106930153145337,0.0188020862704843,-0.00587476621451864,-0.0337729035283805,-0.000801990933969395,-0.00840615774659123,-0.006659673065161,0.0771037910096353,-0.0620781139175836,0.0491832164009357,0.0432550686930564,-0.0158833887702532,-0.0418520664380755,1
-0.44049987764726,-0.443253364338824,0.32344737338968,0.262600623055384,-0.305578305417564,0.0652083224496322,-0.478732352233515,0.220077472471437,-0.243479696942183,-0.331447553966212,-0.100505538865889,0.282207865299603,0.281699972206137,0.0756333873429219,0.172661852862945,-0.188382943988676,-0.0547722569991514,-0.0774907773245548,0.0581575315710657,0.0406677249629951,-0.0423484430612919,0.0452163952670349,-0.0481125315759709,-0.0680044532435472,0.0111731358880468,0.0377688095261729,0.0284030681865309,0.0330996188031785,0.0136082252909038,-0.020139319256084,0.0315803033548181,-0.00893544839484506,0.0377845669989831,1
0.160427912624915,0.933778855266551,0.760098363303113,-0.216935908127407,0.579583624930624,0.148042557018005,-0.165590169034878,0.287188508018875,-0.26572462179739,-0.152162046198168,0.457438822044893,-0.0800407804969658,-0.387398626778152,0.0905977697440246,0.0967708140241982,-0.122921125249488,-0.123933242887206,0.0211753194743805,-0.1362927054465,-0.163103906684302,-0.146176661103579,-0.0199308103509553,-0.0925544499395204,0.107413581056377,-0.0161483017470279,0.0780983974679667,-0.0528951822144687,0.0489320332732496,0.0433415002340483,-0.17952941788996,0.0994801036507141,-0.0827894006055432,-0.00239217343623842,1
0.372299444609994,-0.0112015700216798,-0.253040859594383,0.203247316948685,0.202203587202584,-0.30337228472562,0.0353130397660284,0.0209090414774465,-0.0495008371541054,0.0614481538490411,-0.302275338699805,0.120070666392798,-0.110043622578829,-0.0166271332099269,0.0260258818522498,-0.0715290354030882,-0.102644066768253,0.0519369005209044,-0.16138605858675,0.163247413970928,0.0160476161872094,-0.0481057582706784,-0.0444972737128023,-0.0469076819563391,-0.0421459669851763,0.0851906206276736,0.0585071314954922,0.0356300925982511,-0.0406134133366783,-0.0424088066364353,-0.0257896961370905,-0.0220687794514523,0.0209629605598702,1
0.124364267137065,0.0444160449239832,0.0782163051334003,0.0489144280526228,0.171184405786946,-0.335009814136467,0.210856544609614,-0.00370925729399437,-0.180103338592939,0.0179282046948896,-0.349008948729491,0.105194819618715,-0.187853677976612,0.118202921570254,-0.157916073334478,0.0013941827440506,0.170342167651294,0.0541114565951463,-0.113444692328418,-0.00592644003300879,0.0851363728937756,-0.0450327739003091,-0.00536644232075586,0.0110154917046331,-0.0135220504910965,0.0395600496642887,0.0161687207243898,-0.0551749606341517,0.0376253078170539,0.0195270785920105,-0.00420960201319473,-0.157416749305025,0.0613202307983719,1
-0.358021040301571,-0.0651888814161253,0.0888422418475789,0.166983924829495,0.244274956944819,0.318295273932415,-0.199314126867064,-0.360909748081464,0.114777457540205,0.451002428687648,-0.206547345929522,0.307588877910923,-0.210776258608102,-0.0515449583282349,-0.0763829666777914,-0.0291312443227501,-0.109233147504745,-0.0840480533683159,-0.0199089070713329,0.0243374447142636,0.0246840108313793,0.0193691537182089,-0.0212249641658554,-0.0132542714815187,0.00686501511140372,0.0139843782136782,0.0615739294911752,0.0791178385849739,-0.0159589260405531,0.0554849758242796,0.031053248433983,-0.0720835616747321,-0.0466092814574282,1
-0.517913938565661,0.0558300002745075,0.192999509643361,0.456225335391877,-0.0105319444409294,-0.0329186628673493,0.353886842463463,0.56477205657966,0.229985524345949,0.459633431676566,-0.0127567930815387,-0.101281107869178,-0.0657430579328978,0.0988358654645249,-0.0976168657564234,-0.0269101829443428,0.111240525817291,0.0508542599869914,-0.0865714699023315,0.328633774009324,-0.0537944974575382,0.0787054578928756,0.0836836682245997,-0.0587976502535749,-0.0147504767748097,0.00140115112118286,-0.0462110427301534,0.0147745036421095,-0.0373072994656741,0.0463644425155742,0.00501439973472365,-0.0663587231345254,-0.0204335026516643,1
-0.171453776177162,0.393851847935051,0.444122373940878,-0.0229828536526679,-0.248419025401544,0.00246672116719255,0.0938515335905173,-0.175791532844815,-0.00776438159081714,0.00778567272731032,-0.115474308752247,0.000690929764044308,0.127647350856268,-0.171177944366933,-0.16130629870815,0.171447781111795,-0.178081488112707,0.103317249477702,-0.0402184377706884,-0.131118388873493,0.0194622715861826,-0.123534031744106,0.0786331790641253,0.0947862315714241,-0.0863331023353688,0.015302177561779,0.105798414496395,-0.0824372420153985,-0.0765837132366662,-0.0943431216888362,0.000929107574895437,0.0592416390289802,0.0553855202449981,1
-0.30338285839357,-0.0319457556671456,0.300482858006129,-0.103559517823979,0.161891110378735,-0.321420897659666,-0.138018475298754,-0.201989932610171,-0.0150486808071473,0.159582979655705,-0.0303533462230696,-0.12593692087136,0.199105227882722,-0.246576330087551,-0.210464874318187,-0.0582055603964333,-0.0891009910163139,-0.136672662008446,0.0898863752953095,0.023488233179026,-0.0936372050049619,-0.0219427978051191,0.031611250389306,-0.00442572841649965,-0.0684231827574922,0.0251657289483622,0.0926472818657139,-0.0327044820660337,-0.0102437851569922,0.0329070511517823,-0.0620436019697317,0.00248800913131946,-0.0400674171163827,1
-0.0388717479950792,0.122740777547959,-0.262802645418687,0.104404535852496,0.12100428265242,-0.213000928557923,-0.224742721609857,0.268344371070127,0.119415663626859,0.0865056453118855,-0.34361300031791,0.122976405386975,-0.182526495985267,-0.109579061345392,-0.213431230772179,-0.0214020952575724,-0.111700790603692,0.528617265594328,0.58503187330881,-0.10453069540149,-0.0493270660691229,0.0526213070619063,0.0115631291592529,0.014888920381087,0.048969052392379,0.0197087934336553,0.025438293445118,0.0816646150092227,-0.00817627400226781,-0.022143064156906,0.0362114142409922,-0.0105317068871505,-0.00796961179511205,1
0.203480909648679,0.130472474971678,0.1479347633374,-0.138176159398684,-0.237711767485454,0.0165196593914936,-0.0729721908865858,0.0228270794382397,0.0237658861472912,0.0231589499634244,-0.00337584925639042,-0.0266461445877266,-0.0403111785031987,-0.0258824979887023,-0.0797421058895626,0.0710383673843611,0.0243885007326191,0.0922959528621065,-0.100440380835463,-0.0909279063336221,0.00661272654755104,-0.0268851289584184,-0.00713524610298357,0.0148532284828183,0.0124253376404025,-0.0119765493783238,0.00713748742687446,0.00808850845868764,0.0361502443963323,-0.0322635873551032,-0.000832994786459425,0.038869392776135,-0.032389616729886,1
-0.596627395682407,0.222723285355328,-0.266998873617254,0.102481755437537,0.0539665091489959,-0.124199444238409,0.00826997627293261,0.0826434199185618,0.0868307165059711,0.0138840929820783,-0.273872446793121,0.0769722433027056,-0.00424419450159176,-0.0182433708831192,-0.181991919804713,0.139173097656459,-0.0338831960352485,0.0603796615700967,-0.130399658437131,-0.07757191959076,0.00964534368128483,-0.00512688035522911,-0.00654366060423958,0.0243141298215776,0.0146487457677708,-0.0136028298621717,-0.00442438828828375,0.0130245078293304,0.0175591089204786,-0.0478757235032135,-0.00100586090853756,-0.04436727977611,-0.0530474146893785,1
-0.250148565232612,0.601156801747824,-0.0866133566341052,-0.182891287182596,-0.239753162464303,0.0562513470623656,0.201710009835491,-0.250582874060001,-0.152666383052194,-0.0848496591999243,0.562842661721736,-0.0157658875808792,-0.02956412236483,0.0194936462884853,0.08402863570965,-0.095409674458054,-0.0224466277767769,0.0411211864381555,0.0133093368932559,-0.0518049831094953,-0.0534000469869575,0.0370667227104571,0.0015273495810318,0.00181929036018295,-0.021540976652921,0.0363454653699482,-0.160349525599856,0.082586236577387,0.0337200245016722,-0.0694740426565041,0.00371246152275509,-0.0022576657531109,-0.00776636514884197,1
-0.611977095137854,0.214153556268316,-0.15003444399099,0.304200099129842,-0.0132558237264739,-0.110178368675123,-0.00228989682813394,0.0386373686141176,0.0761463797210074,-0.0182604048898321,-0.243148620628722,-0.00174353696466075,-0.127375725409178,0.0654049136164468,-0.212315887624045,0.243274877247214,0.0304706537048688,-0.00182178248364228,-0.0731674733689197,0.091963578154066,0.0334544848894844,-0.0156258938538757,-0.0296291403282169,-0.00846539503837528,-0.0287926216790258,-0.00931339094863,0.0590664720810544,0.0151514486692756,0.145056605597853,-0.0425684730224658,-0.0126050206182296,-0.108395698108239,-0.0156194920397049,1
-0.392760766245832,-0.0881768327652099,-0.180997752504317,-0.185527898903493,-0.164090739945612,0.0699897120055927,0.0861478821771969,-0.0575774664519274,-0.00021340868623175,0.00603051101159031,0.013671196149949,-0.0317953848961753,-0.0468737797066884,-0.0153797958897663,0.256329712054576,0.361057930142161,-0.134462623591139,-0.0434600545317392,0.077971230497175,0.0781715952236668,-0.0371061906860877,0.0228513441377431,0.015628567463201,-0.00593181011365658,-0.0341567415528627,0.0105725005717597,0.0194373456215184,0.0703698389346123,0.0299485780316051,-0.0470573920568686,0.00974716366007422,0.0675149449827031,0.0250580788558999,1
-0.286839063086059,-0.0684151399981466,-0.0492191044571874,-0.0699890653929573,0.116998011565671,0.0372404490073528,0.168530144952753,0.264185686398533,0.0610930736335699,0.188498064099251,-0.0162252730929316,-0.0702727447303342,0.0745579514419042,-0.0699674984169593,0.0504462883703386,0.0408897094318947,-0.0854576172917337,-0.00543957556853026,-0.0239815376720108,-0.0271345444235098,-0.103899682573688,0.0590916520518128,0.0560353540553138,0.0215286941775235,0.00600626546954459,-0.0162287354180332,-0.0782589416942941,0.0340422561190548,-0.104467105001824,0.00814296569820453,0.00261201721809544,0.0745712357366028,-0.0240958005389694,1
0.71959079640897,0.048121528200911,-0.0113445595692241,0.701423336732075,-0.0800098232286729,0.145026695145562,-0.201597968561259,-0.150838575674163,0.160264138807139,-0.118342930275084,0.0604040208637395,-0.173622778236359,0.17567016863666,-0.260418731001119,0.14416478379325,0.257529603075905,0.0769532841743988,0.0611775388188763,0.00661048341718816,0.187808109630147,0.134594912166325,-0.0271664457383919,0.0401966678340927,-0.0751052889667259,-0.0512988043915947,-0.0968556150144706,0.106337355922658,0.0588633598780905,-0.0236299380158018,0.0705204563709196,0.0744951609368605,-0.0236428551584319,-0.0814317108390517,1
0.036468370676107,0.274112646319682,0.036863912887061,-0.0902506860737231,0.581305008958216,0.341212259918814,0.15961078783476,0.059946833591503,-0.0321643419097219,-0.256928760307424,-0.117455342183765,0.0420626448743974,0.344366668416881,-0.393952944049055,0.245332002468187,0.259118368509102,0.445979427856954,0.179335256764164,-0.0166788405092862,0.0271250857871062,0.10354914511602,0.0554919976976495,0.0250375689927154,0.00631684522786096,0.0551410018932465,-0.00863025562667457,-0.0484601261722331,-0.00592202211513343,0.00107936463401296,0.112849471495379,-0.0139939798364633,-0.0128564461351173,0.0606147689046132,1
0.0365432698978268,0.300998003433934,0.778808241869672,-0.269815574108206,-0.207930770713136,-0.06168769076979,-0.189961930466913,-0.186256147329317,0.164955811222041,0.103792047748554,-0.152120659177301,0.0389317572490244,0.418242578343349,0.542784225110444,0.256424594488548,-0.153440803155962,0.02437927862633,0.0593093343854753,0.13422961170697,0.202428994956929,0.00322129026505017,0.0512387349695017,0.00527009519959815,-0.0804127724687579,-0.0687613894904928,0.108502523224364,0.055275653020869,-0.0270504103131766,0.0260140072827879,-0.157857975300443,0.0242269944663084,0.0792852616162549,-0.037320691547592,1
-0.696516383502638,0.683746051863362,-0.403533225314407,0.470747876769177,0.0531374731378116,-0.0881923392529915,0.144217155171621,-0.0123655811625024,0.185897161528405,-0.0270447629131915,-0.401844496920337,0.211456012476763,0.415545296747944,0.212268301221797,-0.122543547723492,0.0911942747155434,-0.147879331789764,-0.00686304919756137,-0.0308829668094432,-0.206963256894911,-0.000382964889832441,0.00815549162109974,0.0974240264418463,0.0726192454457129,-0.0380682071978413,-0.0379189200661255,-0.115137342079745,-0.0572821175107579,-0.129293332807608,-0.135911601674331,0.0556766368491192,-0.00264429956047878,0.0505243064207323,1
0.566821818343701,0.382234227629366,-0.0111956626130317,-0.0443716819379228,0.415901369799823,0.296611382945153,-0.143084068756401,0.38172632060618,0.0127203029005373,-0.0708741343366239,-0.142355400339394,-0.0315288398106427,-0.0473846774008258,-0.0239430192563584,-0.0253689193702927,-0.122093600371464,-0.212070894130313,-0.198898335681242,-0.0687685092337821,0.052852143732169,-0.0880445933647022,0.0643246625054622,-0.0781480018304746,0.00374905121522213,-0.0417521430069162,0.00207469490549676,-0.039955885809738,0.103865240229055,-0.0315869014365954,0.0748888665043279,-0.00142872549662748,0.0390744065282698,-0.00537643168398179,1
-0.408778055648898,-0.760109579502851,0.414703302644523,0.509296946445435,-0.0465943142120834,0.467873793278743,0.0847032014587354,0.111693881880788,-0.0855775397416206,0.434308714500327,0.0952106299565546,0.187313024284919,-0.0985403979953102,-0.0237483823869558,-0.0283565997287903,-0.197234956983873,0.0713070866679635,0.107914262253979,-0.0389648513228572,0.000812801910618202,-0.0455743016730014,-0.0293859400701443,0.0926192811858985,0.0138987636595552,0.0167738370638246,-0.0114681320516448,0.00241234145731273,-0.0944911829464483,-0.132703090102165,0.014418280020163,0.0210676996664358,-0.0270400555292066,-0.0111071112465138,1
0.00551254600355037,-0.193897134239989,0.342052241058297,-0.25500992496332,0.0600560111629268,-0.0985108349630302,0.379193207079548,-0.174964951971855,0.535965722238923,-0.448676187152974,0.184100866632595,0.277126492933664,-0.082886796893472,-0.00753609208506537,-0.189378318899825,-0.0670629067100793,-0.0645092976941366,-0.0614306222719815,0.0476611820385063,-0.134896174331781,0.0344785579961537,-0.00811251974484403,0.00694409019505223,0.0454024921851083,-0.0173779844194037,-0.00865648431093769,-0.0231315871487201,-0.00741401449717435,-0.0129815521131483,0.0668534569329755,0.0278038833144118,-0.0364851462007209,-0.0487037172454245,1
0.13537418555169,-0.208741337629792,-0.089674349835683,-0.148479016107088,0.0232084808796017,-0.215394245276489,-0.374209958319602,0.0927371205457777,0.161366218278892,0.123982940587645,-0.0900727149563652,-0.0397041782693084,0.174039421611185,0.279533484745675,0.0727199678877681,-0.155288098807931,0.149257470019107,0.0225670204788434,-0.0347748791787222,-0.00620052012686212,-0.0115195326452209,0.0510869794845097,-0.0195018837113442,-0.0731426097970333,0.0439435607873242,-0.0181872971513183,-0.0433804415892893,-0.0360687371610802,0.00908993256982213,-0.0829161428294321,-0.00309334592348782,0.0278790961256046,0.010294794661977,0
-0.232581078093272,-0.0590836984606725,-0.0960905602453092,-0.250886051617179,-0.050774250556143,0.177670384455907,-0.132784168347187,0.0709519816444942,0.0586597874309549,-0.0671179942360956,0.026521779103459,-0.088056458214749,0.0632246133548234,0.177654153738399,-0.0118940718775818,0.0383105428100613,0.0068376614299429,0.0481264203150845,-0.0168183088534903,0.0491634481638436,0.0768165501437981,0.0301125118980714,-0.0145028615794713,-0.0335224588159272,-0.0236547619442537,-0.0468027225166253,-0.00158274094065143,-0.02018184539476,-0.00480510223896965,-0.0154439013794284,0.038381849364879,0.0051947188362916,-0.0153079132379903,0
-0.0522407218033341,-0.0469796990687631,-0.26723448384335,0.0595000166375649,0.0610395135474639,-0.195228346065387,-0.135826809815715,-0.0436205272089524,0.0397234920672917,0.0837193369920753,0.00555447520547569,-0.0616612416997277,0.151796675809863,-0.143560385127967,-0.148557818783623,-0.0321066102330197,-0.0536548019867593,-0.0789360455146168,-0.0129240562665912,-0.0770118547412421,-0.040263875617314,-0.0103310284938525,0.0351359063317932,-0.00418417273551084,-0.0209237902996996,-0.0444346526556733,-0.0211102350475109,-0.0309241150109289,-0.0584429915440355,0.00846885871993791,-0.0183798022950734,0.0176983916620445,0.0234861373134488,0
0.116701994845066,-0.10426454224188,-0.268055410448582,-0.141146689093183,-0.0519055014938236,-0.114940412743393,-0.163259329643248,0.0591344239509731,0.0386455456064647,0.0742260275930832,0.0401925782486955,-0.0237285751873094,-0.0172486157800996,-0.0418615503552932,-0.05003447031942,-0.0363628482619949,0.0302811298256084,0.0152203343878086,-0.0932870015234799,0.00957166950132109,-0.0226394772270363,0.013510823336066,-0.0339076558750233,-0.043450874590414,0.0214905398097189,-0.0058742899202158,-0.0299407479783997,0.0256657114202714,0.0311326384200854,-0.0118819542364124,-0.0317080988461129,0.0410062222335702,0.0151608976515416,0
-0.150733688434118,0.0141832850385115,-0.127605916221694,-0.148179689283741,0.0457603470193347,-0.00921552022886361,-0.0808877138288386,0.0166623587188418,0.0340757895528475,0.0322670412288094,0.0118265973276152,-0.043458891359731,0.0632330569041047,-0.0694987267804756,-0.0879598272562798,-0.0228343009334949,-0.0883214029362347,-0.0293755556634973,-0.0440656327868248,0.00660718100784465,-0.0378154422957821,0.0776525262508731,-0.0381275090452763,-0.0275416216489165,0.00407699093521525,-0.0151975113331014,-0.0602067886028222,0.115365111193797,0.0179308376310627,0.0324267332305352,-0.00374759271684693,0.0719053217587668,0.00115229111156077,0
0.0505174484210137,-0.0214486607822087,-0.30595455547728,-0.0346140726429485,-0.0171634366353867,-0.119826476016757,-0.124629863927596,0.0361837227516099,0.0571293776164114,0.0643648390094929,-0.0341670637866637,0.00487968708506779,0.059038297462533,-0.0938805872540976,-0.0591916729149155,-0.015807048851246,-0.0609913571476102,0.0240549584711248,-0.097648640884615,-0.051336521345113,-0.0119396260248867,-0.0115185754681659,0.00276916933683795,-0.0135816925036515,0.00433189567490334,-0.0192930651231994,-0.019170618137655,0.00352353931431733,-0.0542584611467306,-0.0238276017803632,-0.0091009255703858,0.0419356216551046,0.0032615337106397,0
-0.261664129407038,-0.0330915498622267,-0.139276302689877,-0.15420797803376,-0.25052689657263,0.281854894159937,0.0207297927275379,-0.207315962071038,0.0196736951049315,0.00517840044548725,0.142569318035073,-0.0294773219799539,-0.0829466199818737,0.0187547912272969,0.0220983204340465,0.049032591416388,-0.0737890494573985,0.0196416423809867,0.0141148645629151,0.157896039057264,0.12475408722449,0.0488110850126557,-0.0127663137462604,-0.0605496189704606,-0.0468821975636823,-0.0357411537796143,-0.00364042062646489,0.095434728810755,-0.00606121384703701,0.061146083543911,0.0284078143336797,-0.00436949327068591,0.0562608930638095,0
0.672650665080368,-0.118137282141732,-0.262737654691826,0.149244950440773,-0.158291186819893,-0.100443364772978,-0.217668620168662,-0.00190274163835748,0.0324460315423633,0.0677287094648049,0.142808053583942,-0.0879279575019105,-0.0579233467604154,-0.0492690438365797,0.0203409344110099,-0.021474293669682,-0.00623729449518315,-0.0688493198135116,-0.0403987006313435,0.138907220384892,-0.00521097412187638,-0.0336756931497942,-0.0176377167655311,-0.0760287991279408,-0.0398979168919887,-0.0137697319758694,0.0298427902851091,0.00450131151521174,0.0260680429446841,0.00377514196042966,-0.0222828154905119,0.0204682605845671,0.043744427973013,0
-0.143030342815566,-0.303196442671564,-0.0222107076775285,-0.128529513975814,0.126044938625505,-0.04313827998111,0.341237164409088,0.15206519393302,-0.0835119921004484,0.165288356721367,0.0362890684807551,-0.0795757846535789,-0.00740741874110907,0.0372921625095872,0.0705859906144161,-0.0261204236963592,0.0238299558744381,0.0601748098822678,-0.0249749595966149,0.0648786401915529,-0.0831125391913644,0.0775175675290925,0.0223298706119906,-0.013409536532781,0.00400421437726506,0.0256601743474833,-0.104466195488367,0.0607847773246894,-0.0333967992530789,0.0193489034047867,-0.0155796393476443,0.0709101548840728,-0.00756887845991712,0
-0.145288359612255,-0.162203037676861,0.137731253726856,-0.437579423344199,-0.039756659688341,-0.0658740615298922,0.116221960229689,-0.0704659987454071,-0.130994392214443,-0.0181843279094005,-0.0611841697461387,0.00148573319121454,-0.0514450028293279,0.0784505700874345,-0.0925889531745548,-0.0224749750787407,0.095279554076919,0.177388729520281,-0.0942673317254586,-0.03347229824991,0.0960299164641168,0.0116814380655363,-0.0205653960725293,-0.00691770354785652,0.0108437688359592,0.0120510305870615,-0.0134124943600174,0.00387858562506592,0.00607504287093321,0.0160483911743676,0.0175533371214752,-0.0096550504018451,-0.00969225588096356,0
0.216135211151405,-0.0728340434663678,0.187714792586091,0.0221630463224435,-0.331662578030263,0.120427049846933,-0.143734271123128,-0.0469952116564389,0.0381596380744156,-0.0465420845853586,0.11193813215503,-0.190152192361478,-0.0552303337174724,0.0235360218328069,-0.0942400666007014,0.169540344854759,0.0389479235469802,0.0726265626548761,-0.0321382619380422,-0.0484640180446811,0.0640477689597813,-0.0302639889907415,0.00819641479145129,-7.16945442338863e-05,-0.0192217741284468,-0.0830781632825478,0.0435419852070709,-0.002579660584342,0.0560885576621215,-0.0122161832929969,0.039245416906795,0.0132815458128417,-0.0362193884860852,0
-0.549975951213757,-0.318544501632571,-0.0073092206292368,-0.0281559976881148,0.232832144167027,-0.378952341856931,-0.257299984121029,-0.117991913501587,0.0229136233301846,0.144014931443065,-0.0250831763329552,-0.19072062053785,0.0922277198235247,-0.128952842538852,-0.238336439166428,-0.0167903362854203,0.0474773299005857,-0.149854861062615,0.0777513378995413,0.105651047363938,-0.0576869034098258,-0.000140007535146463,-0.0030889074308454,-0.0508464082598208,-0.0451723876014183,-0.0114455405118791,0.0878203141201846,-0.0505911449961183,0.0744653830580841,0.0244496885414418,-0.072921080087167,-0.060823010458461,0.00718716435100371,0
0.515829146184487,0.141308026061299,-0.487325138476825,-0.00157039218093727,-0.184666411096698,-0.0371676782183147,-0.0658036578081714,0.106326567234122,0.0305610957724438,0.048276034845389,0.122151486776652,0.0578891533053761,-0.0397483345093622,-0.0138789924878899,-0.00612423321431869,-0.0502480245107449,0.0483493661209956,0.00984960907515786,-0.135737962908632,-0.0206365439828907,-0.102372451075414,0.00438278936595585,-0.0535796331935171,-0.0382214237309623,0.0375430883588558,0.0271844176283166,-0.101448398328662,0.0461361719518164,0.0918503086290437,-0.0486120113098562,-0.0686355553658223,0.0893372027091671,-0.0362424965221028,0
0.668883735709897,-0.0337490290006811,-0.363459271868263,-0.0498808731642325,-0.101887354284641,-0.134213228483721,-0.182964406725734,0.098326533619751,0.0328512720573516,0.0981457511873578,0.0659736219030564,0.026727271467899,-0.0403099591908609,-0.0517649459884137,0.0154325228350795,-0.100197802725588,0.0524043282273711,-0.0394224379163014,-0.0908194377476949,-0.00233655328686682,0.0347012404441232,-0.00351921416017892,0.00385054010987679,-0.0620798037320955,0.0225445564654429,-0.0380865820857583,-0.0330173100148456,-0.00257989860036926,-0.0654474559971274,0.078373503504867,0.0226420308007436,-0.040699263482285,-0.0635204911874119,0
0.0482608148736853,0.122748562527621,-0.546266633823008,-0.143489121627466,-0.268102684106232,0.0549160646801994,0.0834532470061079,-0.0785378457491337,-0.0232425887332366,-0.0101835815047449,0.237627104730281,0.0482913511004136,0.0951683589196148,-0.0373507505951024,-0.0389816631484902,0.00614388060262489,-0.0109075883294084,0.0076099304359421,-0.0265760003985185,0.0139877052674834,0.0262659270302561,-0.0107800623069633,0.0265476768756698,-0.0366423991109809,-0.0276417731376152,-0.0169103868798346,-0.0709393538622002,-0.0289476419662106,-0.031482205964043,0.0272004769075155,-0.000851134701967391,0.0227187322915879,-0.0444233945810881,0
0.202527849593981,0.114067913928554,-0.132571342294156,0.119899463141807,0.474132074362026,0.399091202049862,0.0577389409659034,0.123155818979656,-0.0427408149916742,-0.308859079439668,-0.0981580623834304,-0.0867806835630784,0.180379571729593,-0.15378412063017,0.0680071764561307,0.127329168706012,0.157958690749403,0.198699394564722,-0.106792381672114,0.0814507706012889,0.0274555065288696,-0.0612673645748288,-0.0373045022648982,0.0194890348757915,-0.0395537281284848,0.0215874953447173,0.043063969037159,-0.0828145430683985,0.0266097589975942,-0.0702954265768327,-0.0653903699071267,0.0546218612223597,-0.0119828147203051,0
-0.0484338943518681,0.0902081184806297,0.337061658128525,-0.285212825200544,-0.291384346072342,-0.000156320543084692,-0.0296373531276238,-0.104484414246484,-0.0283568672379809,0.0315939103869553,0.0572006508690768,-0.0564345443451676,-0.0315521893014496,-0.0553038252841885,-0.0939833721798988,0.102704700379257,0.01360283940086,0.107503413584557,-0.0463417970836617,0.0231701090995028,0.0137330968779176,-0.0686363875795364,-0.00352776851106359,0.00775593991178927,-0.0390907475112584,0.0374659896587671,0.0881099378085782,-0.0420059165667586,0.0710424970425684,-0.0616140649248677,-0.0383283103280367,0.0448339916740734,0.0135475689250009,0
0.0847443943127841,0.256312499474753,-0.0191789735062235,-0.28824328427175,-0.240708453995779,-0.0130087577842508,0.0911209745855084,-0.118322164805927,-0.0604976174501848,0.0479656536261259,0.130893608450676,0.0597008763081566,0.0985776164867869,-0.108026479716397,-0.0887484551186442,-0.0151706409153783,-0.0230604919770081,-0.00318587944302106,-0.00382323254985341,-0.0315334417504411,0.0411029303845521,-0.0254524907388455,0.0503128984340023,-0.00174278120723052,-0.0388575652707228,0.00303561138910052,-0.0166848031163363,-0.0393421613510179,-0.0638663382353758,0.0623136794215835,0.0112751196100924,-0.00145951994661632,-0.0116361275499697,0
-0.0342033760922402,0.0607450223035324,-0.369817047556741,0.0257854627007932,-0.022955746108609,-0.119939050993278,-0.0907207569304563,0.0733101414732178,0.0802657022288068,0.0510239178000072,-0.139060528738082,0.0674565417023544,0.0345149718693139,-0.0877028651160146,-0.042322237292383,0.0311127881627248,-0.101309778117227,0.0870470512885239,-0.155617796293938,-0.0613920909417413,-0.000462291187765229,-0.0457596966748098,0.00345629288949078,0.00498870553252549,0.00231649712207405,-0.000351443893259892,0.00260497304499322,-0.0146728416308532,-0.073853799837583,-0.0811742917027645,-0.0124336739187768,0.0480188296459353,0.0210294231836375,0
0.17222315164889,0.021427364969436,-0.213293367670764,-0.154729633642882,0.0915760475416449,0.0685352838084082,-0.138224130265557,0.127196483430886,0.0028382370208995,-0.00724395905140524,0.0409587039724965,-0.0639411388681326,0.0357889818030915,-0.0385814733606594,-0.0821875440278943,-0.0502004253387355,-0.0311335239550191,-0.0772764587125003,-0.0305980067812904,-0.0171654492459632,0.0122528568954956,-0.00162605441575245,0.00405000433241292,-0.0120524380079719,-0.0271542778339425,-0.0465192459769274,-0.0151125735426789,-0.0415752019778082,-0.0595181602531449,0.0503160413413865,0.00662967616078734,-0.013612832134259,0.00128015769401505,0
0.463746728126623,-0.0318671501194254,-0.436351424899911,-0.0123542217016275,-0.0992459858735457,-0.163858534718276,-0.162949793339579,0.0892007546825958,0.0500632853862462,0.0893710869035403,-0.0330400471878037,0.0702253025907419,-0.0226847489951995,-0.0730635770620046,0.0217156177865639,-0.0442813460389717,-0.0115700095389572,0.0317762032790876,-0.130957994977975,-0.00750922055176992,0.0742701410390516,-0.0675664225644589,0.0307373251248626,-0.0371246486870077,-0.00370079673456065,-0.0267907903275211,0.0194748188912278,-0.0728396362684981,-0.131029019700577,0.00393220911255391,0.0207070591555464,-0.0354756414743446,0.0190336404604675,0
0.0152604192523095,-0.433017665336904,-0.184924759891541,-0.359523000623781,0.0477097133114481,-0.260280691617664,-0.0304912438509736,0.169790539774013,-0.0363679142834391,0.181496293826547,-0.222883724397681,0.00961456064366269,-0.214327433228789,-0.0139135731910029,0.585487482984984,0.493830602988379,0.0616237215377849,-0.179142602742622,0.135653457577507,-0.151301146993772,-0.11260993769463,-0.0104090862970569,0.0858867015100848,0.0412707131999129,0.0622773186409532,-0.00914559253097022,0.0269687888099089,-0.0468419566392478,-0.044917979109928,-0.0376094639915919,0.0121618351107101,-0.0435410343616738,0.011060610100414,0
-0.225948039583066,0.0293797846054936,-0.107699998221565,-0.3407145637069,0.190684452564454,0.23372476086734,-0.0959425650676261,0.160404778883542,-0.0216558306859787,-0.0824286160355707,0.0159406985557668,-0.0916330278515624,0.0085346837019835,0.0110386812453777,-0.0841122734925287,-0.00587960624929017,-0.0873508216868406,-0.0548500746638568,-0.0141793863223538,0.086119870262633,0.0296295936935121,0.00706301128387589,-0.0280893178182758,-0.0101538521862278,-0.0615903277034117,-0.0176114818213167,0.0280774209526451,-0.038824408626209,-0.0287532408628415,0.0303551574895741,-0.00401874125785938,-0.00333792533521565,0.0248978018103611,0
0.560205876859293,0.0154727206314986,-0.497841484116171,-0.0233946587578067,-0.189247214419232,-0.114947916577072,-0.10103385672084,0.0280447093128531,-0.0104001946450931,0.0761396449739714,0.202768207025921,0.0183582781463067,-0.0171270090673355,-0.0342504070719371,-0.0291056404495665,-0.0761235559982482,0.0955650578432146,-0.0727363741270103,-0.0522563538744269,0.0413646764290375,-0.0135612804189639,-0.0239558202463364,0.00117753536869433,-0.0621990793938238,-0.00581771082885916,-0.0108394164463721,-0.0576944306232232,-0.0440515339388549,0.0202887616832819,0.029303080992582,-0.037530000505561,-0.00462458851097374,0.0342200362922829,0
-0.148777066425139,0.0711528181404427,0.311476356669316,-0.208868409265394,0.0790859731925985,-0.165010455640442,-0.114925408709249,-0.0288572164444313,0.00875184107085395,0.112796024561151,-0.0789693242487973,-0.0599966498189006,0.060281179375077,-0.130603181030214,-0.176492234443971,-0.0396356730646569,-0.0295761678237565,-0.0594746271528534,-0.0160251541158658,-0.0527894818356952,-0.0543299119830359,0.0580117072266854,-0.0184889307776158,0.000712509974939722,0.00693737243668358,-0.00107470699526346,-0.0130430954972495,0.0847876206702078,0.0356039026945894,0.051137178548125,-0.018097664047606,0.0334474305121618,0.0210354935531271,0
-0.201698946440556,0.213102783778201,-0.244968833308308,-0.0265408647911997,0.108048032124532,-0.273392621120055,-0.175632020196574,-0.0777459635983808,-0.158294106604622,-0.013166354878278,0.640660173458822,-0.0258076772973402,-0.244742994288444,0.0618621538050683,0.15486215158895,-0.0597805851186254,0.0049316236487107,0.132709591054362,-0.118073858391792,-0.0667247447142345,0.0516251481434544,-0.0124757896747353,-0.00296649586584882,-0.0252865573072738,0.0185648273283382,-0.0201938953304773,-0.0928149540833759,0.0208337136616586,-0.0628856832481939,-0.127873059228919,0.15664182800871,-0.129569290779398,0.039181783646161,0
-0.303305377262067,-0.0535303945772984,-0.093047822118392,-0.113794652855239,0.0225103358754516,0.095896927271697,-0.011845893166526,0.103358183814968,0.0384631061856428,-0.0117100491188247,-0.132137830411083,-0.0700227505482332,-0.0350530236792563,-0.0203863879117491,0.192908707774327,0.343719497363499,-0.131277682764497,-0.057843153884042,0.0366442201038467,-0.0964715201086752,-0.0746511732996685,0.0166462252248758,0.0216925726343103,0.0490913512312682,-0.00234467350558254,-0.0312183865870262,0.0039876871645636,0.0413854575613049,-0.00677669427845664,-0.0620627452710523,0.0169368841633618,0.0597722973515532,-0.00729030794894601,0
-0.230438829489288,-0.348744126673099,0.158769191873338,-0.345731716902687,0.114725549350221,-0.192042216913267,-0.0566867103333429,0.0521877240984024,0.828162572695773,-0.341945315213772,0.101299629645302,0.296506538530131,-0.00816872613631833,0.226379706988572,-0.0356365850627895,-0.140033349478983,0.0359684278152179,-0.086059209840177,0.033194822035959,-0.0592995702572759,0.0129917330292115,0.0600714536806523,-0.0363635727554336,-0.0306043513683101,0.0528122496362385,-0.0200154515347307,-0.0364385980817598,-0.0114609298320578,0.025308298716758,-0.0234798850576826,0.0189414831891423,-0.0215103417506816,-0.00145149196780509,0
-0.183611578286116,-0.168150087435729,0.238918036177942,-0.387496228740382,0.04198432290479,-0.148093989862066,0.0612192797577887,-0.128776212108203,-0.0930332576361184,0.024553053626115,-0.126932521607344,0.00626968800627194,0.0443764207608414,0.121500927348183,-0.0116493599520897,-0.0756048335431671,0.0268441998969993,0.159257911914541,-0.0535129923136937,0.0777068704219949,0.0550138201392577,0.00450706870486036,-0.0284829014629094,-0.0317729889579875,-0.0235533646403144,0.0663255617146911,0.0392788526535484,0.000309967415267456,0.00110476601505546,-0.0379070638806738,-0.00685238720859393,0.0192083948778365,-0.02481023679906,0
-0.0829808555088728,-0.196105356739873,-0.224034849777749,-0.263819591239598,-0.0686355136223266,-0.0808525098969841,-0.168287653069962,0.0460684833319866,0.0374779233403888,0.0502793435936758,0.0223580771284291,-0.0407338705701801,0.000403998484450363,-0.0145124164377596,-0.0673086412775383,-0.00424914134604656,0.0572706230525514,0.0517934131621431,-0.0732837318733553,-0.0318428880768842,0.0899289868703621,0.00857324139308471,0.00931680980696116,-0.0370400211713848,0.0201170200169293,-0.0615641069891762,-0.0055611627928745,-0.0261091999809439,-0.0571664745243184,0.0417500776200245,0.0347966954644063,-0.0340905436233152,-0.00791441044759071,0
-0.069720694337828,0.307158319609852,0.12785986098981,0.180441921681597,0.614447911920547,1.09684723296356,-0.231485179418059,-0.253422766421837,0.183226716693033,0.18495299724417,-0.0255718628890458,0.29351101981457,0.218097634410183,0.0259243216136783,0.148975008926536,-0.0267017843136088,0.236091745284455,-0.0248828483557164,0.0756529444461775,0.00460244924647777,-0.0236836069744153,0.0349438223520697,-0.0196122199549182,0.0175995740453475,0.0134264446148661,0.0141860959090249,-0.0340743810453861,-0.0706467241758386,0.0550774989933258,-0.0203735415652306,-0.0369968836190116,0.0346731943495027,0.00697801098387078,0
0.143057572711901,-0.587375674193118,0.3376578049089,0.238318474788164,-0.0780988629052871,-0.0413723663341187,0.277201363556393,0.451614317599397,0.782137999933141,0.0465266141625702,0.374684186230786,-0.00581223220595567,-0.222557743361486,-0.039377981468516,0.0737545065744786,0.0332947168967795,0.0122386229907721,-0.075023309004442,0.0230760645203184,0.134910473946676,-0.126448780130769,-0.0132515445935002,0.0868566464255724,-0.00867415300185272,0.000635924677926254,-0.0363216165982839,0.00939956575781368,-0.0575425651981075,-0.0495270665210703,-0.0157318260790856,-0.019477458098086,0.0322851705283687,0.0305688711233004,0
-0.0921190666811264,-0.356897496503123,0.159817377976552,-0.178729291726567,0.234811486463366,0.065254305674552,-0.0124097940036296,0.0180822250035792,-0.101516515066511,-0.0768535917849523,-0.0857019471584299,-0.204726026427945,-0.0474577760041334,0.0780874339847084,0.0116103801349965,0.113691312055998,-0.0212463989770746,-0.0491502679869535,0.0557703488875396,-0.019089607615724,0.0299932091024169,0.0563452816675996,-0.00777511663873475,0.00764212211995619,-0.0289612241425244,-0.0646928868330336,0.00177088500107513,0.04218077797237,-0.00579154095602153,0.0540243382843621,0.0482605286261928,-0.0129570294932095,0.0143193136769075,0
-0.11042915249824,-0.442586374413298,-0.00645516869457653,-0.237714235276613,0.20766347998781,-0.203040666590851,-0.0359683666353403,-0.0205378307295914,-0.0912407594672882,0.0459410756164493,-0.0916010036154051,-0.121289372352252,-0.0252413581642365,0.0180552735129308,0.00990832975559597,0.0340694615958504,0.0615309719443461,-0.00924069956837852,0.00361202393761452,-0.0634988897399526,-0.0387076286218308,0.0505850893981612,-0.0177710358060457,-0.00785221582347118,0.0234715415249497,-0.0177221972732095,-0.032565644725344,0.0373969975303075,0.0269058022483778,0.00868857338244283,-0.0127929520176277,0.0194199175398851,0.0144991945513364,0
-0.323337528390662,-0.206335203361067,-0.145541420764563,-0.0630263503134664,-0.123587347019393,0.600000394403183,-0.107424583790727,-0.501550619034309,0.0402470622936959,0.382850722229601,0.191493552494132,0.273713748577443,-0.198320147059759,0.0437875852256274,-0.0567438478905956,0.0128714747582776,0.0184908832894892,-0.0167118778251828,0.0307209231578149,-0.000796844730251153,0.085044118562919,-0.0142173049391161,0.0105590441205865,-0.0178584648436706,-0.00751338169625967,-0.022970991314402,0.00264596900545068,-0.0240783673699755,0.0156592360619199,0.0316590448502185,0.0265705220075737,-0.0255000579396053,0.0463759279875603,0
0.164813031700335,0.0536862204386368,0.00880134733976591,-0.274375539721266,-0.108888141868474,-0.145625003948022,-0.0348892056160114,0.00524581299634478,-0.02438077313166,0.125260441621656,-0.00922444015770399,0.0403233419233851,-0.0436686406175152,-0.0967475134892247,0.100374361271029,0.0775098401717615,-0.00792473558205344,-0.0354915718171727,-0.0161863995142751,0.0124599808103544,-0.0732119452807233,-0.0256672608132201,0.0020118518724716,-0.00943895976164016,-0.00271266893427486,0.0569093095327404,0.0253178638025492,-0.00234757969574218,0.0243023417309615,-0.0241555723356872,-0.0484612651734261,0.0371466580052797,-0.00135214516530821,0
0.283528525717572,-0.328933352759483,0.213548234507322,0.439903089501242,-0.129147309367174,0.0570984932237082,-0.389378712387365,-0.0985903314026245,0.135999953520527,-0.0371470927058998,0.0580488676748212,-0.452509661414638,-0.00496557544693789,-0.0569366338393482,-0.146351418433923,0.274474170823731,-0.245549414687288,-0.101051372534118,0.0559414841843441,0.101623114663614,0.331964936590566,0.181192031299357,-0.0558739560971464,0.218610522622128,0.319221932380466,0.513899028651471,-0.268357095796642,-0.171885259503298,-0.047267831570492,0.00707090494110405,-0.0382153413538928,-0.0198589441389281,-0.00437192714033557,0
-0.250769489057509,-0.201480381261058,-0.000457623519474118,-0.274521164736336,0.201864511354328,-0.00735338108147136,-0.24408461297267,0.132813639213067,0.0416479349724975,0.0175589761272925,-0.072939608136785,-0.138544930564623,0.0263268531830787,-0.0377849921603387,-0.135677584920731,-0.0188465663633435,-0.0119727839796224,-0.0166185993180806,-0.0454640127508184,-0.0525582541239355,0.0229765341721459,0.0286950581855299,-0.0160347956299993,-0.00502553414766333,0.00412931414135911,-0.0630336323134618,0.0153666724428062,-0.0116276999477044,-0.0368476940175856,0.0310748873723836,0.0113335414520706,-0.00781618251984545,0.00722591928886161,0
-0.180641339217992,-0.505237447978361,0.22826340538629,0.0228334754083625,0.0651078477131815,0.463212794047025,-0.199872400763021,-0.331413178165222,0.035728349518644,0.281658489435867,-0.0757533668030972,0.0973088199014188,-0.320483953130747,0.154162384637576,-0.0738483559212495,0.0555497115664527,0.0834781280116087,0.112582869112977,-0.0680931949005472,-0.0926164480229784,0.0822712880729043,0.0194211535998848,-0.0514769830550629,0.0058069274194196,0.0498409351632119,-0.0519867056034734,0.0210130834128717,0.0578780594099585,0.0824191960099272,-0.017982230504231,0.0456925204783036,-0.0117885038472448,0.00509625952050713,0
-0.122529163555703,0.0337703949896104,0.0462840786157949,-0.242507606073415,0.134004600690554,0.401877667298975,-0.11913213003935,0.184394817408752,-0.00696018727714633,-0.158434618759012,0.0225352041925913,-0.162701596272455,-0.0819793788624558,0.0964095195042272,-0.0344698870242953,0.078015249216138,-0.125112257934394,-0.041704114341318,-0.00736945150369132,0.192651644031761,0.0553325053755728,0.0111450783351859,-0.0609451608241709,-0.0230649698700196,-0.0905101339597429,-0.0196918007401515,0.0713114709702189,0.0052619734714623,0.0295621267112169,0.0118538727845663,0.0131095593339397,0.00841272746740842,0.0351023649133534,0
-0.680866259576973,0.282637746550198,-0.283943151807329,0.0579464021846054,-0.126666801610159,-0.023314797604102,0.102030927535558,-0.220493667751304,0.230097832351881,-0.148804107272623,-0.577134222005409,-0.437008948387706,-0.345345833815987,-0.378414639526925,0.416581627685565,-0.65513458874919,-0.110376774386302,-0.0140671298188764,-0.0704145103017323,0.0526541946473999,-0.00355954922944078,-0.0507692456394443,0.239323268001931,0.0378102370098637,0.0186804564648372,-0.00647840243219871,-0.0813196604605536,-0.253265307850884,0.299676733588187,0.0835152451423601,0.227425315954728,0.0817003065368327,-0.00105268882774783,0
0.59937615077389,0.273544431355198,0.408662751184689,-0.38177748594072,-0.12852153429939,-0.156515464578078,-0.0916916116975507,0.0518990939867414,-0.0633859205074448,0.145983053925432,-0.0745846726593781,0.0906219415975539,-0.0920434886646111,-0.126374595146731,-0.0298787651138069,-0.0843738266868212,0.0327951661905844,0.0201551135189587,-0.0923294082683982,0.0232535137858644,0.01769342472613,-0.107270830640166,0.0123479950533188,0.0026040941191139,-0.0318169997368293,0.081461064656867,0.112077051916332,-0.101045237888233,-0.0401725470325911,0.00926198792759431,-0.0407587827034263,-0.0341017385391413,0.0263240440173659,0
0.752836181279599,0.00126919395808078,-0.12543914223154,0.0403116103935937,-0.244716737006731,-0.0880214181952515,-0.205586995436064,0.0625648046114914,0.0192008970001984,0.0685672815565982,0.100769167922198,-0.0333920271145543,-0.12189973580022,-0.0452931080253503,-0.0361506440023835,-0.0199350973572743,0.0540595920900335,0.122552099224185,0.122188801850127,0.0101721367863815,0.00232532313185556,-0.0496218532583459,0.0114246233716296,-0.0361137519786162,-0.00826236974907001,-0.0106636776885651,0.0347607664193979,-0.0355845297234166,0.0207240219131271,0.000196716177236231,-0.00238340829945239,-0.00664901211585115,-0.000871072538296047,0
0.0152817984915321,0.187708719515421,0.0548722635723671,-0.312222381574853,0.5676036629835,0.496591999119279,-0.213145200267768,0.475988312445915,-0.0230611898392159,-0.199251042921468,-0.115953369418824,-0.19833399074924,0.0132410389151298,0.0464886128184349,-0.182604310772177,-0.0526669288831228,-0.106436611612421,-0.154739157210687,0.0261202687508736,-0.10364888918334,-0.0261045404061523,-0.00757069807085862,-0.0193706040100395,0.0754937729058529,-0.0665951654385711,-0.0811170430087704,0.0227891755484362,-0.129667162432292,-0.0841993117398895,0.0543869668976421,0.00724176029261447,-0.0477900602220713,-0.0373162715359558,0
0.106919215321489,-0.319256315817013,-0.199877343161689,-0.157581466451861,0.125129027244249,-0.146883660650486,0.203220265250314,-0.121339864783654,-0.189542771010956,-0.0484143018037067,-0.0852305629980918,0.0143960206226019,-0.0620432732911226,0.0981107375852023,0.00161603782852276,-0.0781088515255712,0.00403270081390617,0.148093112422596,-0.101231009941377,0.104848416502724,0.0589334493065704,0.004354278848042,-0.0474363090042812,-0.0427989620701347,-0.0310490808116136,0.0545880844708268,-0.0210910544717076,0.0380110233632391,-0.00207921684443001,-0.0190744674036931,-0.010639599124263,0.0257109780752962,0.0306481448592485,0
0.0505875716426384,0.176230653052611,0.156997479714684,-0.373389841235254,-0.200219168228123,-0.05176784810712,-0.0118421819644376,0.00142042236978682,-0.022643581628025,0.0655241535017342,-0.0102312366684834,0.0482513513814064,0.0142517980045273,-0.0719198651157876,-0.11598249662429,0.00555445109485519,0.0559726124100401,0.0801292606265944,-0.0820666037426283,-0.139557546913567,0.0553370276485776,-0.0277000422908351,0.0331567781790799,0.0240167411067407,0.016659194848582,-0.0142066138796793,-0.00572064156403959,-0.0452965922490907,-0.047661109863891,0.0309023738749745,0.0179468231722039,-0.0142306824169565,-0.0152782893335357,0
-0.314024075956222,0.183680853408554,0.154812092897737,-0.0281629138567883,-0.485942147309266,0.213796841686163,0.0380074790119337,-0.262121327859017,0.165890792129549,-0.206740458474995,-0.194866455505077,-0.503478776996471,-0.220134971458505,-0.0789830830294116,0.244758160655643,-0.3129319862131,0.11708940013412,0.0619521696435248,0.0414719471210458,-0.115194448959893,0.0391613815640944,-0.0287813391176661,0.0315944298320476,0.0292869952678278,-0.00323029419829156,-0.0713867883939293,0.0140130349699767,0.0286436515011273,-0.0988987119038497,-0.0993849989510649,-0.309056247120269,-0.1413752173821,0.0307059563201501,0
-0.175531041868663,0.0116556714136249,-0.100171116458506,-0.106271690201968,-0.216001355677902,0.302639684021338,0.012401658616252,-0.185347208298941,0.0281161301986035,0.00319028147651809,0.156406595316899,-0.0580420871184315,-0.031844200219375,0.00899276588741179,-0.035018974405843,0.0258454192535434,-0.047720382386898,-0.0249195502911744,0.0315395615113757,0.0290830763804592,0.09163393692929,0.089251785788554,-0.00207596059767995,-0.0384195920517097,-0.0151639184768296,-0.0796564420156113,-0.0681672074150886,0.126007551989238,-0.00834863285291692,0.106200430827948,0.0492644137332842,-0.00407428880548358,-0.00482704290918194,0
0.0490923253674076,0.119026930552586,-0.269202443926113,0.0223328514317728,-0.0039833269426332,-0.121096083756941,-0.0942654696130993,0.117305707394312,0.0642041823660251,0.0621176942681997,-0.117683725002784,0.0583357565560671,-0.0553151317294395,-0.0150684019561856,-0.0713210048021736,0.00888420700004153,-0.00330864042551523,0.00638734919928106,-0.130302001115273,-9.16777705249184e-05,-0.017195216685233,0.0236987512421355,-0.0391583848925748,-0.0257604258964844,0.0251452503882605,0.00216933291713176,-0.0419525063356558,0.0624911229378992,0.0369089659195085,-0.0150861466697626,-0.0161384629651541,0.0116305368308651,0.025359700700051,0
-0.150798630573538,0.0489136469823501,-0.0785896226822372,-0.125675570056037,-0.10622267269476,0.0244584798609068,0.215776910324034,-0.185185705652488,-0.110434851101102,-0.055716318255128,0.0101767056184437,0.0279694128378213,0.0173780606160104,0.0188842571874139,-0.0386380411286942,0.0585842463860069,-0.0903406511424807,0.0432551352903666,0.00480184416927013,0.13369035403141,0.143976806587807,0.00789102835506013,0.0244073458267224,-0.0352709038670698,-0.0804329101927964,-0.00400209563066452,0.0167226662117105,0.030929329818785,-0.0691682043016523,0.0812009196050208,0.0677195832875509,-0.0475043888134069,0.00496780854781266,0
0.236004775947925,-0.0862783073598913,-0.241332024170551,-0.245768698465247,-0.145823444282682,-0.0548527681841763,0.399883465536135,-0.260352433567048,-0.293451042956391,-0.089313017949097,0.184872664154505,0.0264731584753984,0.0650886434660132,0.0856919703451017,-0.0985753058733725,-0.0754848344561216,0.131720240728673,0.112701721437922,-0.0104968762176176,-0.0513613439396053,0.0446918681664393,-0.0538673475055738,0.0346612052939993,0.00419785752018158,-0.0514578902152963,0.0319465562569428,-0.0802359959149095,-0.106773050517199,-0.00303047115782157,0.00998828105851036,-0.0263242367979613,-0.00141249910620558,-0.0268127399801749,0
-0.239847227161877,-0.155111299687987,0.0722902087988626,-0.243441849828463,-0.172503448458897,0.0460591795392668,-0.11961427386008,-0.0118456699702088,0.0536817932773036,-0.0219653430309759,0.0867641024702331,-0.124098040354202,-0.0446994628539781,0.0234736093672893,-0.117337527575463,0.0968974780505066,0.0560550329244111,0.0795680414519458,-0.0521929565007568,-0.0158796484596594,0.0217355020774431,0.0316009466227501,-0.0384685360476547,-0.0188043867395379,0.0160785484250885,-0.0393613863931134,-0.00556865596099749,0.0468190429153574,0.100950160679726,-0.0174060628138227,-0.00349918489905933,0.0465996724021984,0.00268379032153984,0
-0.443901996930996,-0.399893067640672,-0.118743338062616,-0.227332506815914,-0.0751914640971387,-0.0862034251117023,-0.230542673594215,-0.0463169484116452,0.0381510026209511,0.0252324141422989,0.126233263287848,-0.213588275395416,0.0579378265988187,-0.00692096662969748,-0.180578655238162,0.0658314148475159,0.115467401145253,0.0505950573231536,-0.0145190969222127,-0.065603700592974,0.000457935470065423,-0.00118026207865369,-0.00561656166282282,-0.0165177484076681,0.0106906299464636,-0.0694500487215221,0.0039406945881667,-0.059068850043585,0.0748880840444691,-0.0490873588913181,-0.0362994419367203,0.0360454317864683,0.041624648120416,0
