data_pca1,data_pca2,data_pca3,data_pca4,data_pca5,data_pca6,data_pca7,data_pca8,data_pca9,data_pca10,data_pca11,data_pca12,data_pca13,data_pca14,data_pca15,data_pca16,data_pca17
-0.189651855169985,0.26946888803359,0.0825568406604671,-0.062963033248394,-0.116253419003657,-0.00865301314592437,-0.0214541446915433,0.000240583384691704,-0.00451164676732628,-8.10033050662371e-06,-0.00248027229636044,-0.0291991252346794,0.0186085231002157,0.00874957436307088,0.0171869762752002,0.00897751886957382,2
0.661145527908527,0.00433921533095262,-0.0428179321858912,-0.0570463296174824,0.0864559320317475,-0.0250631329500476,-0.0070577091859615,-0.0096362199652774,-0.0597404433201835,0.0357023110203562,-0.547189588127066,0.435141622805959,0.656585195508952,0.0545574325887505,0.0159696527683003,0.00252953142872112,2
-0.323720639110618,0.208075499270735,0.033459150217165,-0.0446692764475106,-0.0861333287572499,-0.0310923635928962,-0.0641585409045955,0.0203313056612598,-0.013976480640646,-7.19815465471406e-06,-0.00689508099386956,-0.0233124357928349,0.0178133057932451,0.00732136150519405,0.0122262142335407,0.00803918265020463,2
-0.0788827380436568,-0.486950320132374,0.343609924319017,0.0702473965785015,-0.137351842647712,-0.161653507038171,-0.0579881955577631,-0.282712876525974,-0.0302263055905556,0.000523845026525506,-0.00117786215490982,0.103787319489404,-0.146055835086957,0.878678152475452,-0.0280300777743755,0.00141744852697781,2
0.120008289658872,0.20867637911366,0.0642762643654398,-0.0642424415422192,-0.0699613143471879,-0.00320966494425582,0.000508621297585302,-0.00923969000005204,-0.00601303710191276,-5.83429073678069e-06,0.00100405809182899,-0.0284333617662572,0.00122236061805054,0.00480378000938955,0.0114399991395829,0.00564057828440623,2
-0.271543096717927,-0.041719768254095,-0.125790392489258,0.00357505099745903,0.0589450883429853,-0.0850484989959309,-0.151281938115287,0.0625845777705508,-0.0419056743637483,-1.66791076781848e-06,-0.0142620458531349,-0.00618441786556588,-0.00788901645666881,-0.00185860766573027,-0.00912471536875574,0.000962150172964132,2
-0.412415635190675,0.655302060498347,0.318895271951951,-0.131251508486256,-0.345699741725236,0.0658042732542159,0.0925092620360161,-0.0556298096957796,0.0361107788850076,-1.70846588382267e-05,0.00637824822083294,-0.0540318800799245,0.0636525239070967,0.0237303073463078,0.0504431114501021,0.0206839556952202,2
0.219357647867452,-0.0164317105985764,-0.076031472329322,-0.0230506155467163,0.0629596849800814,-0.0485832658209102,-0.0705417578397262,0.025521788228918,-0.0302939960447669,-6.84020148389787e-07,-0.00471964797928145,-0.0135832272464055,-0.0239387901392671,-0.0037261145571955,-0.00793188274101454,-0.00102713927772854,2
0.155057808145801,-0.311535870779061,0.211304715044177,0.0276683807446216,-0.0633029767690113,-0.092677488096663,-0.0198779410193394,-0.115460573343442,-0.0115192783979828,1.53691280684913e-07,0.00195406152657002,-0.00920506118151821,-0.00467768920815425,-0.0669860759795562,0.00773022933102028,-0.00201760226613535,2
-0.373625985097705,-0.117037632376506,0.249958387078435,0.0176293494569681,0.635853604356169,0.458777784275779,0.155543245872522,0.415738012686231,-0.0137164087753858,-0.000903064768312032,-0.00604301994790058,0.00124235722606133,-0.000703862972316402,0.0580064721271403,-0.22433863834585,0.00271528627778535,2
0.503525483142333,0.221248961820946,0.0998301773914297,-0.0836237764273122,-0.0635329547360952,0.0237107981475435,0.0613472802526819,-0.0374410441284966,0.00238070248909644,-4.9261665543204e-06,0.00827013302462672,-0.0337526241300707,-0.0118730663094598,0.00293983891007204,0.0118750999022769,0.00390989486283627,2
-0.271543096717927,-0.0417197682540949,-0.125790392489258,0.00357505099745933,0.058945088342985,-0.0850484989959317,-0.151281938115287,0.06258457777055,-0.0419056743637482,-1.6679107673243e-06,-0.0142620458531349,-0.00618441786556611,-0.00788901645666876,-0.00185860766573044,-0.00912471536875577,0.000962150172964035,2
0.219357647867434,-0.0164317105985774,-0.0760314723293239,-0.0230506155467148,0.0629596849800813,-0.0485832658209117,-0.0705417578397292,0.0255217882289193,-0.0302939960447672,-6.84020148342191e-07,-0.00471964797928196,-0.0135832272464053,-0.0239387901392666,-0.0037261145571956,-0.00793188274101433,-0.00102713927772894,2
0.271962145226195,-0.0689491097363961,-0.0150822755688217,-0.0169643186619478,0.0395920249210202,-0.0521173767924524,-0.0502991165073828,-0.00605211523493238,-0.025208402074017,-3.95637705287425e-07,-0.00219741326034747,-0.013730834145726,-0.0224110665923397,-0.0159456553301269,-0.00481016707232445,-0.0014770967822206,2
0.690750795931602,0.105024425118219,-0.184800205792234,0.770767474031868,-0.00113857137185585,0.207809601597549,0.125110384956474,-0.192089263613328,0.0207645075427609,-3.11257618853012e-05,0.0128935469862395,-0.000665109109816504,-0.0264664768522746,-0.0175136255132165,-0.0103353552359438,-0.00493558301638556,2
0.208861691217125,-0.096256541285782,-0.0435889976980182,-0.0176986239162593,0.0679568727400714,-0.103803936722149,-0.176393253226719,0.0644848804690492,0.960071988376684,2.02405157458342e-06,0.0159339790499502,0.0176803492200019,0.0258765688038567,0.0147729875842225,0.00726238507871852,-0.000249185674243676,2
0.219357647865724,-0.0164317105986631,-0.0760314723294956,-0.0230506155466226,0.0629596849800659,-0.0485832658210381,-0.0705417578400095,0.0255217882290479,-0.0302939960448073,-6.84020148483246e-07,-0.0047196479793149,-0.0135832272463797,-0.0239387901392105,-0.00372611455718878,-0.00793188274101826,-0.00102713927772193,2
-0.271543096717927,-0.0417197682540949,-0.125790392489258,0.00357505099745932,0.058945088342985,-0.0850484989959312,-0.151281938115287,0.0625845777705504,-0.0419056743637482,-1.66791076764709e-06,-0.0142620458531349,-0.00618441786556609,-0.00788901645666874,-0.0018586076657304,-0.00912471536875578,0.000962150172964037,2
-0.323720632982495,0.208075472466748,0.0334591331649613,-0.0446692712939013,-0.0861333131698319,-0.0310923693495252,-0.0641585501765519,0.0203313101602256,-0.0139764836281851,-7.19815405962474e-06,-0.00689508177498893,-0.023312433960976,0.0178133030153909,0.00732136051716481,0.0122262119414711,0.00803918188792569,2
0.216898534068575,-0.0165591633791262,-0.076279953737641,-0.0229171117220677,0.0629392403372903,-0.048766038864003,-0.0709460543243594,0.0257070628890347,-0.0303521095768849,-6.88946273855724e-07,-0.00476742853664605,-0.0135461546620991,-0.0238583449725275,-0.00371692815488242,-0.00793781609244451,-0.00101717747180939,2
-0.36019234170259,-0.0271437584433284,-0.30296851159541,-0.0379956113765713,0.250574011808584,-0.517204456197921,0.589038443282569,-0.0605386308052612,0.0223128280422089,-2.44412095673471e-06,0.00334194378722285,0.000586183247309367,0.00267719422099696,0.000972576545758018,-0.00202275189424688,-0.408238023757521,2
0.540529432184841,0.435403990820047,0.240194056646548,-0.128524683223058,-0.183799092269993,0.0749787956759716,0.14728212889365,-0.0783645208747366,0.0275817973427767,-9.39437612316093e-06,0.0159730245256915,-0.0493090962601525,0.0069314018044333,0.0105364876280002,0.0298769672306922,0.00950792344536637,2
-0.222941094517955,0.420324653205874,0.182410687581151,-0.0975877363979217,-0.227327505889116,0.0236501990826723,0.0339065776324012,0.0247375291861274,0.0163759391395998,0.00220315913478885,-0.011601737150931,0.785786752233449,-0.498205849571785,-0.161033213073449,-0.0619367762282708,-0.0110218878152788,2
0.152542137754909,-0.506442372374922,0.40719920526786,0.0593328775386612,-0.14725309291276,-0.119110049869506,0.0205854996945853,-0.212618177943841,0.00196854812036953,7.93905674139753e-07,0.00719418733594263,-0.00689140324776624,0.00685808110243843,-0.109366664826705,0.0182828649947393,-0.00284254605368482,2
0.174976577626849,-0.215719014009846,-0.398578588115055,-0.260688836196857,-0.204797351662038,0.38720781311185,0.138137453818195,-0.0959095372051804,0.016500902884275,5.48832876565797e-05,0.00597061254155231,-0.00524286536057432,-0.0124488806070368,0.00369703033609348,-0.00480635998529593,0.00208079165643753,2
-0.313918458763794,0.180675161056057,-0.0315892834746455,0.821357006839416,-0.173380314353402,0.273477577121929,0.215491824054368,0.322429463504973,0.0144908850927222,0.000132463982354999,-0.003897267623535,0.00252364933585073,0.0226121695753551,0.0538631898025086,0.0330922580014057,0.00348599430611296,2
0.645079871918706,-0.180899235139573,-0.333807615227671,-0.273265565518694,-0.1865600385521,0.398492894427184,0.203832718499428,-0.124686118186456,0.0250454658974656,5.28297075923442e-05,0.0144869282851815,-0.0127411292365483,-0.0283589912830916,0.00151798386992701,-0.00383804851740979,1.76550327902565e-05,2
0.300680752026115,0.0519989224729513,-0.0247028184581131,-0.0404864698521984,0.0260810910945788,-0.0277583198625649,-0.0323817896396626,0.00712631302390976,-0.020813922468509,-1.91490167023242e-06,-0.000961929501633346,-0.0194106565497589,-0.020378791542241,-0.00188423664364779,-0.00216702908156882,0.000407038605958203,2
-0.322345157683694,0.204657933419489,0.031325235089545,-0.0440382138076436,-0.084123506129616,-0.0317892229823423,-0.0652546175702956,0.0208656761702678,-0.0143468799614783,-7.12043435408253e-06,-0.00698414239364975,-0.0230856529504104,0.0174367898436439,0.00719203671285077,0.0119328105980542,0.00793875060318804,2
0.175958371806331,-0.4669573771343,0.371023796469243,0.0518667456282424,-0.130566979488244,-0.112212701066171,0.0164032552058777,-0.195254579595741,-0.000140022430095405,7.14032999389655e-07,0.00660991694798305,-0.00769155709975698,0.0038415408811351,-0.101124925226185,0.0162646567249471,-0.00277331603529341,2
-0.271543096717927,-0.0417197682540949,-0.125790392489258,0.00357505099745932,0.058945088342985,-0.0850484989959312,-0.151281938115287,0.0625845777705504,-0.0419056743637482,-1.66791076763321e-06,-0.0142620458531349,-0.00618441786556609,-0.00788901645666875,-0.00185860766573039,-0.00912471536875578,0.000962150172964037,2
-0.300372124815806,0.344661050977005,0.124052168808924,-0.0733220010747027,-0.163505396054181,0.00165184384314011,-0.00900068135313462,-0.00620024232230385,0.00221336615952649,-1.00606295073913e-05,-0.00194716492769939,-0.0332701561719339,0.029916934466297,0.01204845141402,0.0237994130119987,0.0116259337263453,2
0.65730381241834,0.122801119553018,0.20041900581032,-0.0104825179735066,-0.0888196526160041,0.127229052629657,0.249777758905462,0.409840978671049,-0.00245158477855047,0.000158969576394866,0.00646771169260894,-0.0300326992513068,-0.0230167058149854,0.0589311583527162,0.0363550846768895,0.00101209332137572,2
-0.364852358596588,-0.0353714213374085,-0.32543109855078,-0.0375298042810302,0.276476207833064,-0.565472084878095,0.660733250520892,-0.0687318525523572,0.025719423900873,0.719184303259267,0.05916217050278,0.0157785956365151,-0.00589115082019184,-0.00424319022375479,0.00430594253945353,0.308477421856732,2
-0.433125524808391,0.21771957303454,0.329864760934355,-0.117158557023874,0.600711223566966,0.457371699609945,0.0755913973043475,-0.11217439366589,0.0233693048625731,-0.0011918206853896,0.00672106372182075,-0.0199228879864951,0.0296733383706942,0.00743467111478789,-0.256231900282505,0.0117462899905,2
-0.298504716591898,-0.0094370147912456,-0.0505628343044135,-0.0159567532021162,0.170562137893696,0.0134953980768332,-0.114344983984168,0.0324842202802845,-0.0314681236101104,-0.000225370914945626,-0.0108000037261542,-0.00763534150153394,-0.00252126734087825,-0.000717611037552565,-0.057063102053566,0.00252325860662619,2
-0.271543096717927,-0.0417197682540949,-0.125790392489258,0.00357505099745932,0.058945088342985,-0.0850484989959312,-0.151281938115287,0.0625845777705504,-0.0419056743637482,-1.66791076763321e-06,-0.0142620458531349,-0.00618441786556609,-0.00788901645666875,-0.00185860766573039,-0.00912471536875578,0.000962150172964037,2
0.222014898733379,0.0648292362512041,-0.208567965978284,0.668920856408871,0.00613283148561098,0.138341021313612,0.0292880644733198,-0.128215277400653,0.00336148715291899,-2.71628812936176e-05,0.00243661178504306,0.00335118211995233,-0.0132342206823932,-0.0138979536398025,-0.0110016205572848,-0.00275065257251552,2
-0.295431614598194,-0.338612107420818,0.169536930690227,0.0527286695743241,-0.068653282347403,-0.126662463506968,-0.093160157301222,-0.0833820420414444,-0.0219061600703436,-7.36359958003722e-07,-0.00669779569683927,-0.00237003201104474,0.0102782108038117,-0.0661142838403838,0.00684518939270161,-0.000208696421128289,2
0.588353378406999,-0.237227450455876,0.202867586002708,-0.00424794057762466,-0.0373561391718128,-0.0534862380878695,0.0404761755771075,-0.122190027679909,-0.00488641575005909,8.4993287869895e-07,0.00896490202507073,-0.0163429651244593,-0.0219014093875677,-0.0573197854509462,0.00596461562510495,-0.00355059028384964,2
0.216854978362422,-0.0164667933525909,-0.0762239962422345,-0.0229338572456172,0.0628854563552629,-0.0487476758146245,-0.0709178106124585,0.0256935705547762,-0.030342354776697,-6.91052659556827e-07,-0.00476518124889082,-0.0135521653878542,-0.0238480479294077,-0.00371325570379003,-0.00792998146159802,-0.00101444595798466,2
-0.193088829158225,0.305172324544446,0.105591083241142,-0.0700348161654392,-0.136838044593212,-0.000689788049440405,-0.0084187246977726,-0.0060643849348119,-0.000448521857026152,-8.87826297290437e-06,-0.0013560231388722,-0.031693151437479,0.0221310325733425,0.0100390105388536,0.0202308323685873,0.00996711892424815,2
-0.411677342614526,-0.0347615517492846,0.224275151705487,-0.0921339437548536,1.01015408146568,0.559530258053968,-0.00757397029747936,-0.147947861562222,-0.00817925051959201,0.00273448991053735,-0.00833803540957329,0.0615805953391649,-0.0822319398153422,0.0170641446868692,0.662926888295829,-0.00568297534760133,2
0.123684892166251,0.400525447260791,0.189216556812321,-0.103204221061111,-0.179534506049753,0.0409447054184095,0.0736447243301932,-0.0444448801250696,0.0161746441809909,-9.94188758434057e-06,0.00742557538174365,-0.0420756932723881,0.0192868864040459,0.0116442026649782,0.0277246587101394,0.0108327409758103,2
0.219357646713826,-0.0164317106545197,-0.0760314724439858,-0.0230506154848498,0.0629596849686509,-0.0485832659058062,-0.0705417580281465,0.0255217883153787,-0.030293996071652,-6.84020150719091e-07,-0.00471964800159057,-0.0135832272292654,-0.0239387901012187,-0.00372611455268282,-0.00793188274352104,-0.00102713927295937,2
0.701361086914959,0.00839804963159428,-0.0271743825778977,-0.0491937135708238,0.0669014993919542,-0.0127789369617119,0.00873506429994897,-0.0108692650178937,-0.0188927689913433,2.82037250154323e-07,0.004649800341869,-0.0208479397447063,-0.0396976672196123,-0.00555977268122016,-0.00676066659675179,-0.00298037300988103,2
-0.305888079699665,0.12357564901019,-0.0219473171266643,-0.0224485062834257,-0.0371363429752864,-0.0479308073410612,-0.0930314872686723,0.0334559027483643,-0.023219040662616,-5.53316615209168e-06,-0.00934713131911676,-0.017330946961149,0.00913766576457481,0.0041061574560879,0.00492013675330371,0.00561151574102984,2
-0.323720639107898,0.208075499258026,0.0334591502090676,-0.0446692764450586,-0.0861333287498657,-0.0310923635956372,-0.0641585409090182,0.0203313056634052,-0.0139764806420658,-7.19815465441904e-06,-0.00689508099424229,-0.0233124357919646,0.0178133057919337,0.00732136150472651,0.0122262142324542,0.00803918264984405,2
0.676496773172723,0.00710186156302454,-0.0296793024107963,-0.0478426290604387,0.0666915840171017,-0.014627985244016,0.00464874134447299,-0.00899966252790373,-0.0194798446035249,2.32254247986384e-07,0.00416688858466791,-0.020473005912938,-0.0388838433257468,-0.00546851453499832,-0.00682025737923654,-0.00287968128178076,2
0.68846090624655,0.00773520962989964,-0.028480848990542,-0.0484943718939891,0.0667950162790045,-0.0137368024779677,0.00661397673278235,-0.00989562683765231,-0.0191977091823556,2.56145315262281e-07,0.00439909666809142,-0.0206536305271997,-0.0392757385070952,-0.00551063954586605,-0.00679186642287058,-0.00292805087707212,2
-0.137917265338569,-0.0675793011031899,-0.0792715460937555,0.00162743170962815,0.0459286293704084,-0.0795344902951162,-0.122432204817787,0.0361310678189428,-0.0364674884654992,-1.29162345380758e-06,-0.0107754249692567,-0.00781586257077099,-0.0103324153560637,-0.00949301602822697,-0.00702500349940627,0.000280268806606036,1
-0.0954365390378336,-0.0672776565496711,-0.10865100964421,-0.0065539644492178,0.0756034473736194,-0.110237450263673,-0.207792045585234,0.091725734371662,0.721188856178816,6.9395364196785e-07,0.00446610271089501,0.0147423318026688,0.0228020279114662,0.017361995818008,0.00156799930468869,0.000925864087399566,1
0.127640723595023,0.412524366781356,0.197311155477108,-0.105804966210768,-0.1862639959132,0.0439406610375062,0.0787688428012393,-0.0469043697943927,0.0176314042731045,-1.01875037881793e-05,0.00789426593495474,-0.0429724643852081,0.0202792269396339,0.0120479732415427,0.0287382200731065,0.0111375435468545,1
0.68957892659187,0.00779007887184653,-0.0283676724848044,-0.0485545001185469,0.0668047358659402,-0.0136542848364981,0.00679740637374334,-0.00998020793602514,-0.0191713969198393,2.58426828735364e-07,0.00442079810894841,-0.0206703460605677,-0.0393123997173782,-0.00551516817812663,-0.00678924492308419,-0.0029326330730698,1
-0.271543096717927,-0.0417197682540949,-0.125790392489258,0.00357505099745932,0.058945088342985,-0.0850484989959312,-0.151281938115287,0.0625845777705504,-0.0419056743637482,-1.66791076763321e-06,-0.0142620458531349,-0.00618441786556609,-0.00788901645666875,-0.00185860766573039,-0.00912471536875578,0.000962150172964037,1
-0.486184257263781,-0.116978118913474,0.869324795570321,-0.05603568197966,0.205692844390664,0.353236584849006,0.204723618414439,-0.358543100730758,0.0679878348742091,-0.00102591655860651,0.0217392522821284,-0.0246728999148128,0.0733961003609606,-0.0922234796426729,-0.178986406264729,0.0136235962606745,1
0.700651302398515,0.00836146226768704,-0.0272463436233695,-0.0491552111825143,0.0668957084050975,-0.012831666839111,0.00861831450373457,-0.0108156722425522,-0.0189095608583729,2.80615172329443e-07,0.00463600237055424,-0.0208372402499346,-0.0396744634055775,-0.00555707333402718,-0.00676239331801903,-0.00297749737988231,1
0.176056829710488,0.19086703854355,0.0561256790815839,-0.0630873577299035,-0.0574372092339107,-0.0038064392744738,0.00175973696056157,-0.00954312925344827,-0.00711626742943234,-5.27342911580794e-06,0.00139400906540893,-0.0277973343617469,-0.00260908556889913,0.00389210874299285,0.00978671154539421,0.00484591026284743,1
-0.321360697466834,-0.265419095479779,-0.487848441457691,-0.263173047883886,-0.241611278605931,0.404125513449532,0.0829597706276776,-0.0737216740988231,0.0106214411981473,6.07062044766365e-05,-0.00226226463545983,0.00317761034958806,0.00500836786959932,0.00647384728334458,-0.00561632687755599,0.00445079206228473,1
-0.271543096717927,-0.0417197682540949,-0.125790392489258,0.00357505099745932,0.058945088342985,-0.0850484989959312,-0.151281938115287,0.0625845777705504,-0.0419056743637482,-1.66791076763321e-06,-0.0142620458531349,-0.00618441786556609,-0.00788901645666875,-0.00185860766573039,-0.00912471536875578,0.000962150172964037,1
-0.375793226563481,0.457368304710466,0.192388362877602,-0.0928165595265716,-0.230919921272485,0.0227552395475777,0.0227896080888038,-0.0218369743974774,0.0138965336706248,-1.27172745192245e-05,0.000457065255580261,-0.0404060007518826,0.043463927937937,0.0164828651876273,0.0335341965188021,0.0151019797012598,1
-0.32318943166502,0.206608399089147,0.0325390809295763,-0.0443957757489171,-0.0852727813344801,-0.0313952158037117,-0.0646376569900817,0.0205646171592362,-0.0141365356350048,-7.16497509242446e-06,-0.00693436410079532,-0.023214405366824,0.0176539018945329,0.00726617871847837,0.0121003769656554,0.00799639212305595,1
0.177297765880081,-0.0187170829567591,-0.0801527937516066,-0.0207506703672352,0.0625509930450226,-0.0517222887655673,-0.0774266178696228,0.0286287247876021,-0.0312781136442342,-7.68171853238661e-07,-0.00553319144386803,-0.0129487183696606,-0.0225546009470644,-0.00359440678405728,-0.00802576530689047,-0.000856898429275624,1
0.061687621242422,0.230950018819184,0.0744936597087623,-0.0661842640573079,-0.0847120935560461,-0.00177144055711754,0.000375953910762976,-0.00931950593620919,-0.0045111860599293,-6.49061170031755e-06,0.000696970703443399,-0.0293356042965188,0.00549965798074118,0.00596263003113905,0.0134196758333173,0.00655952435357298,1
-0.271544041492168,-0.0417196683345504,-0.125787831642262,0.00357442408300708,0.0589509875705994,-0.0850442929732127,-0.151280729904819,0.0625834349284283,-0.0419053511748119,-1.67810270582508e-06,-0.0142619282106327,-0.00618438986675292,-0.00788891267825836,-0.00185860606800978,-0.00912702352303243,0.000962182546209249,1
-0.387696173760299,0.210483336703506,0.155995253321741,-0.0854342359319673,0.283979726650933,0.156321670085091,0.0995543754217807,-0.0610210313887698,0.0124746418013019,-0.000598649584277608,0.00206264970991924,-0.0204684580036075,0.0246100789175825,0.00757831923004098,-0.121262105844127,-0.0428939017622497,1
-0.27154315336862,-0.0417197622625843,-0.125790238945009,0.00357501340672017,0.0589454420649912,-0.085048246812863,-0.151281865653916,0.0625845092429145,-0.0419056549838626,-1.66852187609263e-06,-0.0142620387988861,-0.00618441618660139,-0.00788901023387314,-0.0018586075698657,-0.00912485376548068,0.000962152104614959,1
-0.271543096717927,-0.0417197682540949,-0.125790392489258,0.00357505099745932,0.058945088342985,-0.0850484989959312,-0.151281938115287,0.0625845777705504,-0.0419056743637482,-1.66791076763321e-06,-0.0142620458531349,-0.00618441786556609,-0.00788901645666875,-0.00185860766573039,-0.00912471536875578,0.000962150172964037,1
-0.224278775894085,-0.131532023513673,-0.0281014160241684,0.0159432764895695,0.0195816442954455,-0.0939675847174703,-0.124148241830767,0.0129115714763094,-0.0343715093456477,-1.26759718073767e-06,-0.0108383555675813,-0.00581902068590192,-0.00400977438565555,-0.0221146555450044,-0.00400911834218205,0.000375110452619081,1
0.654984793045126,-0.0624664269603024,0.0535060025859972,0.0171031996927637,0.0319978069546804,0.0652100174614246,0.145183259524179,0.370722944030587,-0.0245604534732836,0.000136046544817574,0.000476502411336266,-0.016599016767157,-0.0412300625932661,0.0423187944357759,0.0150465622928193,-0.00412006583853807,1
-0.210413481362919,-0.451030781708925,0.496552139529793,0.183725217777206,-0.227274164911861,0.0816416346264444,0.300583110561707,0.729606120488662,-0.0149542013301544,0.000307205101899796,-0.00769178130811827,-0.00179464293969504,0.0132529166506371,0.0337611660739599,0.06839408388345,-0.00117290849032834,1
-0.373111766588782,0.444531057275104,0.184204357905477,-0.0903372327686278,-0.223464185381331,0.0199823754560159,0.0183122428969542,-0.019665533082371,0.0124612223304553,-1.24330692996799e-05,7.84690011216752e-05,-0.0395257735258997,0.0421430579532087,0.0160110967202858,0.0324369493008941,0.0147382833977981,1
-0.271543096717927,-0.0417197682540949,-0.125790392489258,0.00357505099745932,0.058945088342985,-0.0850484989959312,-0.151281938115287,0.0625845777705504,-0.0419056743637482,-1.66791076763321e-06,-0.0142620458531349,-0.00618441786556609,-0.00788901645666875,-0.00185860766573039,-0.00912471536875578,0.000962150172964037,1
0.23779932344127,-0.421823336703075,0.33504765968948,0.0417225228169482,-0.111985346359074,-0.101966602553434,0.017770706882196,-0.178957958572653,-0.00159494182149702,6.99016947992707e-07,0.00667291901684193,-0.0091137187077986,-0.000647069245806124,-0.0922307157804746,0.0141408828034212,-0.0028440618318056,1
-0.332813811871458,-0.316847786313001,-0.571085935709331,-0.324498692792367,-0.310709476913012,0.516587090164022,0.136812165127317,-0.105058612716126,0.0226974756685458,7.50460736602366e-05,0.000496496626637699,0.00532994965529495,0.00797348895108595,0.00838948670332762,-0.00480974498357684,0.00525283419377926,1
-0.31737902716078,0.314668349473121,-0.139862776271531,0.861596779287692,-0.160547720650507,0.213974524112848,0.0670800463320873,-0.181266214764274,0.0301768345163306,-4.18773769162167e-05,0.00253457368044382,-0.00117298719257062,0.0317417608508484,-0.00601354929657266,0.00821203594327964,0.00576994332699773,1
0.219356575073589,-0.016431765868,-0.0760315810643688,-0.0230505573591373,0.0629596762041803,-0.0485833455113026,-0.0705419342846723,0.0255218692213999,-0.0302940214200258,-6.84022298470588e-07,-0.00471966883267485,-0.0135832110772887,-0.0239387550644153,-0.00372611047732248,-0.00793188534745721,-0.00102713493044497,0
-0.25118195450037,-0.175515216560497,0.0120696033975558,0.024297569994575,0.00100610709001703,-0.101705865552066,-0.119633164517821,-0.00634716408908159,-0.0320450427207382,-1.18040723261881e-06,-0.0102045967425953,-0.00491585623850823,-0.000625279168185987,-0.031283005575417,-0.00176527125780035,0.000301494774102074,0
0.147965297696896,-0.0205206263887182,-0.0828538358495956,-0.0191118430970033,0.0621986303113103,-0.0539418665722592,-0.0821976026801029,0.0307063436490343,-0.0319540943833869,-8.25746372260863e-07,-0.00609624453513566,-0.0125024038402508,-0.0215804674424805,-0.00354402100787883,-0.00808306449307692,-0.000739597451069473,0
0.218878919976964,-0.0164564252893028,-0.0760799432992342,-0.0230246414238525,0.0629557467933555,-0.0486188340625258,-0.0706204846375095,0.0255579051341524,-0.0303053160534741,-6.84979463561836e-07,-0.00472895229632237,-0.0135760112777204,-0.0239231351936209,-0.00372430504596,-0.00793304308387595,-0.00102519954688229,0
-0.139665157547797,-0.068324084572104,-0.0787893519307164,0.00182821603829343,0.0456322009699589,-0.0797525522872781,-0.122582275242046,0.0359357956608342,-0.0364632925348663,-1.29295772905723e-06,-0.0107916220949707,-0.0077818688650071,-0.0102367670600996,-0.00962886212964798,-0.00699375676259258,0.000284544620540961,0
0.216160155384934,-0.0165976324444469,-0.0763543620524066,-0.0228769932376083,0.0629330154795318,-0.048820945608317,-0.0710674073000307,0.02576259397672,-0.0303695449695987,-6.90424740711314e-07,-0.00478176980114261,-0.0135350208352859,-0.0238341785868942,-0.00371421331550296,-0.00793958682041685,-0.00101418717575401,0
-0.293637033697475,-0.0934555172944623,-0.232623135913331,-0.0648990606421242,0.00922789769334366,-0.0179673994101079,-0.010179090746597,0.0158735539768872,-0.0219755130061176,1.31358582022442e-05,-0.00937154025087142,-0.00317009660585968,-0.00359387784867706,0.000456657300225499,-0.00746994516505344,-0.045282838975111,0
0.696448715447446,0.00813952280337247,-0.0276668587120353,-0.0489263871515767,0.0668590023929711,-0.0131445799155439,0.00792823739131645,-0.0105010948136402,-0.0190085910975361,2.72210362191431e-07,0.00455445749464395,-0.0207738349498999,-0.0395367430002718,-0.00554226961068651,-0.0067723112368975,-0.00296049074309885,0
-0.12538823909332,-0.0626114298280038,-0.0823545396614768,0.000248213554594958,0.0478936728815585,-0.0780213684201182,-0.121278669528699,0.0373454727712643,-0.0364717748672604,-1.28083094774819e-06,-0.0106492539169425,-0.0080551999338996,-0.0109962254092588,-0.00859995872557702,-0.00722888161205096,0.000248029661535021,0
-0.323720639110666,0.208075499270958,0.0334591502173077,-0.0446692764475535,-0.0861333287573792,-0.031092363592848,-0.0641585409045173,0.020331305661222,-0.013976480640621,-7.19815465470094e-06,-0.00689508099386207,-0.0233124357928505,0.017813305793267,0.00732136150520218,0.0122262142335597,0.00803918265021081,0
0.059012353021173,0.154559868782135,0.0245303076833355,-0.0506142144791519,-0.0410477609633822,-0.0194359882849167,-0.0289679570242318,0.00483310252560767,-0.0133820920295232,-4.85736993315603e-06,-0.0018862420673033,-0.023884951391827,-0.0016600200665029,0.00326031593720492,0.00692669813841393,0.00449689037540621,0
-0.271543096717927,-0.0417197682540949,-0.125790392489258,0.00357505099745932,0.058945088342985,-0.0850484989959312,-0.151281938115287,0.0625845777705504,-0.0419056743637482,-1.66791076763321e-06,-0.0142620458531349,-0.00618441786556609,-0.00788901645666875,-0.00185860766573039,-0.00912471536875578,0.000962150172964037,0
0.675243247406594,0.0093500087804395,-0.0283245916507116,-0.0482418573708007,0.0653716990236902,-0.014192807696938,0.00531020746308733,-0.00931769371774247,-0.0192451935045352,1.80321445498536e-07,0.00421836946897505,-0.0206173003276531,-0.0386254095434408,-0.00537869020749188,-0.0066287009269903,-0.00281206395314934,0
0.697330169490966,0.00819036793491899,-0.0275829889954801,-0.0489750760788133,0.0668685543363733,-0.0130783706976594,0.00807207191833415,-0.010564926185667,-0.0189881195968065,2.73959006268742e-07,0.00457144400710106,-0.0207871836792137,-0.0395658815281062,-0.00554443931608478,-0.00677046421535332,-0.00296403936487182,0
0.219207767989012,-0.0164364713090624,-0.0760447354605752,-0.0230430851045234,0.0629567633469507,-0.048593721213347,-0.0705652870545893,0.0255325625259022,-0.0302971993618033,-6.84384157060637e-07,-0.00472246316421048,-0.0135811783018737,-0.0239336085492762,-0.00372543907759554,-0.00793199512490323,-0.00102645142277578,0
0.139279827011576,-0.541856785265716,0.461231834808789,0.13113689314058,-0.168560848252199,-0.0121531147269527,0.186817301802743,0.283216387002763,-0.00752381692428435,0.000169367572836408,0.00150529502190844,-0.00286969397241924,0.000544846008619872,-0.0391049997888464,0.0427518599015761,-0.0042222283613273,0
-0.241519488128056,0.327832463026432,0.11707504437353,-0.0724965695950743,-0.151645808288979,0.00147449279823939,-0.00684914391769565,-0.00701008066196524,0.00131146623904885,-9.51589134147143e-06,-0.00146242111645051,-0.0327480299253299,0.0261052199502294,0.0111180797269923,0.022252983150478,0.0108473968792273,0
-0.0474958826171206,0.241812025899034,0.0741704443676286,-0.0635973387705912,-0.0950503501254877,-0.00610557374733273,-0.0113325597539681,-0.00409245054223983,-0.0051895052608943,-7.06372421034969e-06,-0.000878127881201543,-0.0288597632149982,0.0106362601786831,0.00696445591404497,0.0145568070794778,0.00745027536000566,0
0.219357646513464,-0.0164317106683258,-0.076031472466565,-0.0230506154732776,0.0629596849690082,-0.0485832659214877,-0.0705417580624213,0.0255217883311431,-0.0302939960767937,-6.8402015104175e-07,-0.00471964800560096,-0.0135832272259984,-0.0239387900949991,-0.00372611455204469,-0.00793188274430425,-0.00102713927224218,0
0.122001032989143,-0.190279096191203,0.0926646943005122,0.00935012704543849,-0.0157561534092702,-0.0780791683209363,-0.0480890932482641,-0.0550246244862463,-0.0199009892837115,-4.13450385836698e-07,-0.00171679965868204,-0.0104485086662909,-0.0100355639694173,-0.0410370706539341,0.00170112723605577,-0.00123855451922067,0
0.687921238147107,0.00857831675094436,-0.0279680211953979,-0.0486412748617325,0.0662916601143365,-0.0135774077092165,0.00685532980486346,-0.0100142078856346,-0.0191098817448097,2.36348816866419e-07,0.0044175153621329,-0.0207072893386668,-0.0391753240666002,-0.00547760350725615,-0.00671909518433386,-0.00290218233496665,0
0.219276302813746,-0.0164359043933887,-0.0760397142227008,-0.0230462029683948,0.0629590182650692,-0.0485893087788159,-0.0705551362305444,0.0255279280355685,-0.0302959199282682,-6.84183173306535e-07,-0.00472122911619053,-0.0135820011815345,-0.0239361303991366,-0.00372580584483474,-0.00793208021481781,-0.00102680965577987,0
-0.296347707518849,-0.344409884412303,0.175235250248474,0.0537091882583674,-0.0711387474657789,-0.127505385924513,-0.0921039495192402,-0.0861869899825716,-0.0215278507626048,-7.19146255775342e-07,-0.00655944774369667,-0.00228903823865246,0.0106463216102692,-0.0673623315698182,0.00715470512247429,-0.000229639767850576,0
0.694977473640534,0.00806890528015777,-0.0278211953610674,-0.0488474264461429,0.0668491989517106,-0.0132531702992814,0.00768517172172854,-0.010387432059086,-0.0190437512825659,2.69244486223398e-07,0.00452571826126329,-0.0207517209530182,-0.0394889455291778,-0.00553554716066076,-0.00677616653090351,-0.00295450662040183,0
-0.323720639110666,0.208075499270958,0.0334591502173077,-0.0446692764475535,-0.0861333287573792,-0.031092363592848,-0.0641585409045173,0.020331305661222,-0.013976480640621,-7.19815465470094e-06,-0.00689508099386207,-0.0233124357928505,0.017813305793267,0.00732136150520218,0.0122262142335597,0.00803918265021081,0
-0.0180008458029662,0.00739989148573088,0.181026325665614,-0.082696217023992,0.64340779817811,0.36897970828093,0.0356527914913586,-0.08261417729379,0.00130436097890328,-0.00102714736921756,0.00505492919469881,-0.0101184844932435,-0.00683698240427208,-0.0022733169502574,-0.238776761197637,0.00338136316962812,0
-0.236655803377189,-0.149120212607657,-0.0122857302466495,0.019358333542665,0.0121762741707196,-0.0971710180760035,-0.122626496130111,0.0053742087458905,-0.0334852846474709,-1.23625216968101e-06,-0.0106186583343153,-0.00543443428271321,-0.00260834359016288,-0.0257566269103414,-0.00312029355790995,0.000352590428848845,0
-0.265166775745203,0.0654564762004949,-0.30006093026502,0.914801202496639,-0.0158765809472212,0.161359666673787,-0.0193250689089717,-0.140116307526582,0.00248929450199259,-3.65396549498088e-05,-0.00478074725362406,0.016076215422036,0.00611568908481004,-0.0152665002446277,-0.0131608626499136,-0.00131950887879286,0
-0.323720639110665,0.208075499270955,0.0334591502173058,-0.0446692764475529,-0.0861333287573774,-0.0310923635928487,-0.0641585409045184,0.0203313056612225,-0.0139764806406214,-7.19815465470441e-06,-0.00689508099386219,-0.0233124357928503,0.0178133057932667,0.00732136150520209,0.0122262142335595,0.00803918265021074,0
-0.00489195873568636,-0.0348338363439651,-0.0918633925030626,-0.00977885097975768,0.0581739506226056,-0.0661640866111988,-0.105987220112428,0.0390288283896038,-0.0351218930044692,-1.11078117697919e-06,-0.00889271897269794,-0.0101233244356712,-0.0162042294384639,-0.00436386742197638,-0.00810543000662878,-0.000147777306046976,0
-0.358208097038932,-0.760446907973948,0.12880501712713,-0.0615258495122075,-0.424089897776453,0.354189419849603,0.306346814033245,0.199408887452454,0.0256334320990295,0.000219524372388359,0.00280407018205432,0.011830959754298,0.0267426906474459,-0.0330742334993984,0.0451075327090293,0.000447542262419903,0
0.222854967064971,0.0661727568024413,-0.210611198505125,0.679965527028705,0.00522891779122141,0.141395534015279,0.0310188085996609,-0.130738765263858,0.00391961472348815,-2.7585566829115e-05,0.00256677478505669,0.00361051127510287,-0.0130887865405809,-0.0140639058742979,-0.0110488895639727,-0.00278149997669508,0
-0.268475442434193,-0.219280710342714,0.0534939728948161,0.0321755400311847,-0.0176103457280309,-0.108767685898055,-0.113479343837184,-0.0264700353161524,-0.0294719806529587,-1.07303830344627e-06,-0.00937650865593488,-0.00415428796889076,0.00246133987705033,-0.040548270215139,0.000516960473433173,0.000187748449324052,0
-0.0776650831864691,-0.0482698487876138,-0.0894842710969306,-0.00426371248313959,0.0534045153151645,-0.0728751612971758,-0.115923409678058,0.0396815515736926,-0.0361694677609441,-1.22454661474985e-06,-0.0100442695852339,-0.0089133151033046,-0.0132552955109101,-0.00619530288467567,-0.0077571126608708,0.000105589127199899,0
-0.330104066608469,-0.304647296695752,-0.551355334234073,-0.309955014026766,-0.294303579411437,0.489875939045885,0.124096643268382,-0.0976349863116586,0.0198380300761004,7.16444702665459e-05,-0.000156508910859523,0.0048199331945403,0.00727097471018746,0.00793530497382712,-0.00500050978091002,0.00503011802032595,0
0.172531735956078,0.206986266531327,0.0663913116528432,-0.0661936257085858,-0.0668050521852535,-0.000334539979357152,0.0073588795091244,-0.012259283242001,-0.00531680038024696,-5.63078643612346e-06,0.00186659538314535,-0.0289007968665441,-0.000944576855694781,0.00448537933570173,0.0111647917654422,0.0053034517423647,0
0.233749747465499,-0.0212093778706011,-0.0962937692090588,-0.0319736523249303,0.0795075705216536,-0.0594940928343753,-0.104463837555264,0.0480308033996666,-0.0858894810447007,-0.0656569295908033,0.825499029951988,0.299908263726348,0.42321840637572,0.0373590905566122,0.0182070845247389,0.000955560931822674,0
-0.256724275905735,-0.187779580255891,0.023571233090897,0.0265371610612326,-0.00420100399387004,-0.10373167459657,-0.118030715374856,-0.0119156919895901,-0.0313429577436403,-1.15183346862425e-06,-0.00998704902675118,-0.00469236886150344,0.000260333719750986,-0.0338689485848514,-0.00112935936742007,0.000272594670649553,0
-0.325265022640065,-0.266666529343245,-0.498110513159753,-0.276303387044388,-0.259457512001078,0.427043387537491,0.0959956508657127,-0.0810232528273441,0.0138269607597853,6.32109746026267e-05,-0.00149677897909771,0.00300531412767441,0.00642936136032133,0.00714211334932937,-0.00474674923071397,0.0048393563617929,0
-0.30177666062048,-0.381903546694308,0.212161635324137,0.0600273719113775,-0.0872189540067828,-0.132923127467936,-0.0851867321073707,-0.104376466836967,-0.019067869867245,-6.06749613544841e-07,-0.00565444352538961,-0.00177242682267183,0.0130121643906076,-0.0754407729757893,0.00915890021636047,-0.000367195006499248,0
-0.367875931796135,-0.0348067787440094,-0.332550021239768,-0.0392090449719898,0.284084546992906,-0.58435053758485,0.697223846323898,-0.0763203919666725,0.0317322069040984,-0.690777944625608,-0.0452609892205851,0.013349439495763,-0.0146207169553879,-0.0048526654512313,0.00752783897938576,0.321134229840339,0
0.200734148900054,0.335925664282708,0.26790671870115,-0.0963287283204706,-0.209557153810219,0.0375325612990958,0.101356705145919,-0.0852845896993622,0.0229702946582613,-9.5803398470756e-06,0.010851754396289,-0.0425011492114505,0.0209694334291723,-0.00377251913914238,0.0317824644367665,0.0102517567020078,0
0.659566034578685,0.13962857044075,0.0577341356048984,-0.0744659302020846,-0.0047253111986303,0.0183131418934236,0.0535516437917976,-0.033145656221213,-0.00419014935209298,-1.14175783345992e-05,0.00837846711736052,-0.0296619167960262,-0.0256016096878458,-0.000664751880236914,0.00249478605353102,0.00083735979282951,0
-0.301501741152384,-0.664899650811944,0.497197432675034,0.105822543166024,-0.209168087713022,-0.171037428885131,-0.0257458853682297,-0.245844267393604,0.000623235568942625,3.31320706545046e-07,0.00203596128345046,0.00152995733549456,0.0296454163203065,-0.137034956937206,0.024501676657358,-0.00158171640731993,0
0.219350883877119,-0.0164319845926299,-0.0760321094309081,-0.0230502637377724,0.0629595870142171,-0.048583751214158,-0.0705428421189296,0.0255222852875373,-0.0302941474403076,-6.84035304835719e-07,-0.00471977699027518,-0.0135831305821639,-0.0239385619185044,-0.00372608617717555,-0.00793189284414335,-0.00102710984355624,0
-0.140975245266195,0.284575583973472,0.0957014719215814,-0.0681518414363891,-0.123073622190733,-0.00215132149138035,-0.00867233334460663,-0.00573954409727001,-0.00190497317350814,-8.27351695419544e-06,-0.00111583740905797,-0.0308267246512756,0.0182145109596045,0.0090125821120288,0.0183770167970205,0.0091228661191446,0
-0.39644309154268,0.210204877665836,-0.122624185639516,-0.0778025931992687,0.0815737555174055,-0.398168587940296,0.557359047395716,-0.0819025480348887,0.0391065602395063,-7.62823140308367e-06,0.00766816577290551,-0.0168980333307825,0.0256873757746847,0.00933776625499689,0.0173526342617778,-0.337745026074011,0
-0.293633434036706,-0.0950402001990302,-0.234409067214912,-0.0665599980220524,0.00643131391559216,-0.0129492082536119,-0.0114510030731197,0.0154200735051643,-0.0218658246208812,1.35649597213095e-05,-0.00935786180105294,-0.00313240916780279,-0.00354676470286474,0.00050259443989162,-0.00747353064276443,-0.0436715197116521,0
0.219314817506671,-0.0164339182399584,-0.0760358124161324,-0.0230482922870935,0.0629593341540682,-0.0485864475329597,-0.0705488020285491,0.0255250212545612,-0.0302950090563156,-6.84105987041175e-07,-0.00472048050413145,-0.0135825816961366,-0.0239373897441483,-0.00372595190203039,-0.00793198674363712,-0.00102696572073554,0
-0.184365733404814,0.0728590610220542,-0.0452005681049733,-0.0233626997181623,-0.00343042320429573,-0.0533408240250058,-0.0951985833512125,0.0358387369888811,-0.0271226476678774,-3.86130907135857e-06,-0.00891169334578506,-0.0153084356607661,-0.000273530334886387,0.0017217790537797,0.000453267436348461,0.00360246003834339,0
0.194636849556792,0.178578827858668,0.0493772668530845,-0.0614157334401782,-0.0496967929227435,-0.00546015561786442,-0.00020506386789261,-0.00852263320139603,-0.0082066985561298,-4.95155803021825e-06,0.00131549653795023,-0.0271375745632088,-0.00447540860372381,0.0033502552366249,0.00870513200907074,0.00441044712412272,0
-0.29295385805117,0.0650500487214971,-0.0652411658839512,0.0118366777572517,-0.00345540392248076,-0.0550667536299269,-0.111111701924081,0.0388039561180072,-0.0289633981040444,-5.03883732736123e-06,-0.0109173038243063,-0.0125877633336584,0.00318917197856075,0.00152756584702391,-0.000407706770899993,0.00382226009812356,0
-0.271543096717927,-0.041719768254095,-0.125790392489258,0.00357505099745928,0.058945088342985,-0.0850484989959312,-0.151281938115287,0.0625845777705504,-0.0419056743637482,-1.66791076764037e-06,-0.014262045853135,-0.00618441786556605,-0.00788901645666869,-0.00185860766573038,-0.00912471536875576,0.000962150172964048,0
