0.22256184756825836,0.658482796738408,0.3091384513479843,0.034408083979420044,0.3182887363580711,0.4593596257262663,0.4372611405626161,0.0481180273898521,0.32906436918603565,0.3551322264846176,0.3843888644957608,0.09702566747284802,0.40062112499145763,0.7035175879396985,0.43020267724620165,0.11005450600312022,0.3590544743403601,0.5817958200696635,0.3689928638661232,0.1317648536350543,0.4812098533624883,0.5006148336404775,0.46738154985157243,0.15278588321970565,0.48905497974366985,0.48833533918882766,0.48636433604856816,0.16855389831262388,0.4832351847508554,0.3359375,0.44420730509844975,0.1859715865276672,0.48949872895810237,0.38974358974358975,0.46452439049684,0.24346230099347596,0.4775501723183604,0.3877551020408163,0.483723008036686,0.2271027533164599,2.0
0.3502245156220565,0.4593225796214175,0.3869119985916018,0.01846177913164715,0.23176643986636902,0.4449402652774597,0.36462534763426957,0.02825844664436748,0.34081452129244305,0.30708325512464796,0.4119053973532173,0.07121166398135355,0.4908660343114216,0.6834170854271358,0.48682656812351544,0.10091631486757835,0.4083914399412807,0.5897656258240425,0.3895414673754424,0.1061925634389927,0.497488551313722,0.5779455803003888,0.4858094020665521,0.12167652610154567,0.46797263527431776,0.5914319499492878,0.5007444088148032,0.11529017920211167,0.4936360546920701,0.5,0.5110944934823611,0.13637781531861282,0.5369653929210043,0.5128205128205128,0.5400739633501314,0.1877669145257835,0.5209007665803037,0.5,0.525587257937472,0.1570307623080915,2.0
0.4235487142294744,0.28498809702059974,0.4737032985407463,0.017828639734081313,0.2936611219278722,0.47583889481061664,0.40302648604539515,0.03641777002011634,0.22103970652314986,0.33616552726357696,0.2687063952646943,0.039523658468309686,0.2872515614880017,0.6331658291457287,0.3312350865255962,0.07036624987964699,0.3095019570599491,0.6156674945257741,0.32934486585547784,0.10003026456571998,0.33297137916082914,0.5209650301299279,0.3001894912299492,0.07790824176688804,0.3289496584098821,0.43487783731303353,0.3139818196310646,0.06467961218886609,0.3131519685415504,0.50390625,0.27508053526825493,0.08024471959565842,0.3255571734681975,0.39487179487179486,0.3046810623931482,0.09870248368920381,0.3247062836777025,0.5178571428571428,0.3090888463247812,0.08151646334244528,2.0
0.5257263343574077,0.7504834053830745,0.42904025414134056,0.016952510654399074,0.8553302748256313,0.5530854686435089,0.4761459320174799,0.02697035217298297,0.627113477917799,0.36076444965068305,0.5852037265118767,0.053806291977708726,0.5965878523826923,0.6055276381909548,0.6145758731631296,0.05498939416809217,0.5433216196807406,0.5977354315784215,0.5397260740246399,0.07158763963783472,0.5186549970045442,0.4415992638210717,0.4918939510882113,0.057366047475857926,0.5036282016641273,0.5150640901267247,0.5103735480316629,0.05980821669143979,0.5154800703024545,0.5703125,0.5065679543113649,0.06399226925717101,0.5268991002709982,0.4076923076923077,0.5232264558270048,0.08945848070433429,0.5078866938250337,0.4846938775510204,0.49334980264935746,0.07530495653355254,2.0
0.5257461789738547,0.4211232521459919,0.2991734942025453,0.014494485772225223,0.620383623562468,0.32530261648250935,0.5955463705333885,0.018244126265476838,0.5435792118230821,0.6406025572134038,0.4241498563651208,0.054275371119778995,0.5411802655023504,0.6608040201005025,0.5755087170125232,0.08876674409207244,0.5098454329381219,0.6515316204204793,0.543237479452578,0.10829387750396627,0.5337939376344141,0.33781326172487514,0.5166457451358897,0.08680914226813671,0.48285773003748755,0.6181607008871849,0.49410571516553464,0.07968728185727662,0.5570701421757207,0.578125,0.48267503993837435,0.09644225449071406,0.5566144721625503,0.3076923076923077,0.49198727329297154,0.11202332484313021,0.5126013060747258,0.5153061224489796,0.5135659756794406,0.10063282022048999,2.0
0.42839012630469764,0.6768820040251871,0.49654152156776593,0.07454431663163809,0.6437339459631197,0.4429173854084156,0.7521707565386151,0.16102723821001708,0.5226125681294728,0.2994965754362317,0.6047006396512994,0.2729259142390421,0.6910111027981872,0.628140703517588,0.6612329311916479,0.39918577597705823,0.6256584166427458,0.5658562085609056,0.6123049679829361,0.5269451381421406,0.7481553593987469,0.5209650301299279,0.6652775158666301,0.46121976369625467,0.6210318603495509,0.45778819525980247,0.6320034175974727,0.3747336252016522,0.6380250049788987,0.484375,0.5808510721193516,0.426249143404398,0.6671306136337578,0.4358974358974359,0.5639479306035714,0.5214336014083213,0.6033785317915202,0.5204081632653061,0.5499670571795323,0.4905057332392315,2.0
0.2573643789228719,0.7608439212042981,0.2888498030772488,0.02777996609495994,0.2394040829854902,0.45111999118409113,0.2501009499406035,0.031079372254979903,0.49552013308761456,0.329618658098302,0.45955143290419953,0.15700911997938166,0.7600764106962618,0.7468299537077304,0.571080762326203,0.22039631020711076,0.7281411003853672,0.7724767846320887,0.6121479521239076,0.29732427910888765,0.694088869741301,0.6276907984784681,0.6362735177619828,0.26124437071036843,0.680234449977048,0.5799767709759034,0.7029458869845684,0.3251000069147025,0.6421230744875963,1.0,0.642911503719851,0.35653216314469105,0.6410543119707304,0.28205128205128205,0.6165042293436491,0.41931844203963636,0.7459219062185279,0.4294498504471052,0.6339077246247434,0.38998554868527313,2.0
0.2374002093092824,0.6074911055973223,0.36316443070721943,0.03256241131886744,0.21701869713770905,0.5644149661389999,0.3230772414051555,0.0925570833814583,0.2516927196831469,0.395594518156171,0.2650870468947606,0.14325607186510775,0.27366622108001804,0.71356783919598,0.28109758881007363,0.15180534131476456,0.2913199275199696,0.5937505287012319,0.2836082921403108,0.16742265238737875,0.3365284714481411,0.525035069427818,0.2920472196646108,0.1682916260153956,0.32196046789214916,0.4730617672243151,0.30307849710665796,0.14973956065638713,0.32902048752636665,0.515625,0.3094370104530815,0.1675843953424573,0.3374824639673944,0.40512820512820513,0.3200010032261895,0.2193407266834276,0.3717477799993346,0.5612244897959183,0.36477361891503957,0.19643835743953225,2.0
0.19368223106692528,0.6971085014533613,0.2574603134577779,0.026593471133492724,0.3111191726337501,0.5973735043077006,0.4104030817944484,0.046223123025952384,0.41102010566430625,0.3703055858614502,0.4557365400391017,0.12570633068218168,0.5443309852271588,0.71356783919598,0.5587317865241209,0.20161038428428577,0.5058493551268511,0.5299920826662003,0.503158385305068,0.266191149589922,0.49820934748191154,0.4965447943425875,0.4956440937244917,0.20631005529744734,0.5716476937113062,0.5799767709759034,0.4926712274311605,0.19971002771907942,0.5540075264735571,0.5,0.42202996701149476,0.20997956576682614,0.5579002820894639,0.48205128205128206,0.5597669223179783,0.3023445098209158,0.5690948788109119,0.673469387755102,0.5495896412965225,0.263116362544251,2.0
0.3578406653333682,0.4969747189240306,0.4752110480355021,0.07183478446814658,0.653983705908957,0.44082044800637216,0.7516355624687638,0.13390618287651612,0.6240476592202205,0.4259412369098361,0.7226409706590061,0.16613214612742555,0.7159172187632205,0.7035175879396985,0.7401962743683123,0.20970033639194693,0.8091405355806834,0.502097762525874,0.7441546815683565,0.29965711135858963,0.8312915143242561,0.4802646371510273,0.7927967860667745,0.2613392047608538,0.815304322109781,0.41196747936626466,0.7657559330785393,0.24781182517717906,0.7510932028470667,0.5625,0.7251220445500891,0.2833534355980901,0.8048672777268249,0.4666666666666667,0.7590480781288931,0.4079777488231823,0.8241596578589104,0.5510204081632653,0.785863568064371,0.3888170114533325,2.0
0.36738680987811534,0.5689599552595577,0.4265426559673829,0.020969992178225948,0.4581558609661396,0.37416271094464704,0.4866457616430546,0.03206934433633827,0.48755637651092754,0.37536337232039435,0.512615392209021,0.07951510825883991,0.5595914727271537,0.6532663316582915,0.6249481504600568,0.10175182798736496,0.5461690870160735,0.6495391689818846,0.5529843257270429,0.14174299685890301,0.6197456076965928,0.19536188629872298,0.5937329024094012,0.12258452511208306,0.6404052369537868,0.5799767709759034,0.5993238167506332,0.11319974436793086,0.6134362924203567,0.23046875,0.5599589995035615,0.12304205005273003,0.5943532056307006,0.3641025641025641,0.565339563033649,0.1466741658970592,0.5512372166666151,0.5204081632653061,0.528815531972239,0.11719722325445246,2.0
0.3397123297797544,0.7376799775950365,0.3984936990972289,0.022575083645923692,0.1521850894001182,0.43979049368860024,0.203240141061108,0.01877093722305834,0.2983451194335719,0.30581880850991194,0.31380756756937467,0.04794677432864683,0.32750984840926234,0.6231155778894473,0.3860940258777733,0.06794241834968992,0.43335459784489794,0.5957429801398266,0.37283924183752626,0.079045924617936,0.4269084510661842,0.5128249515341478,0.42898494946024956,0.06770890839915798,0.4772018741773103,0.4272410513307773,0.44460842208104207,0.061893484854945294,0.434870997255323,0.515625,0.4134091851153513,0.09620559176610735,0.41147382542714434,0.4025641025641026,0.37841370469841207,0.10953768084590854,0.3938132735953649,0.5586734693877551,0.3607051982902838,0.08687752632753433,2.0
0.27755573663081046,0.3902175730394339,0.3834688011311255,0.029359923113437512,0.3142426608683424,0.5038518186513994,0.36962835476739664,0.030746270593117294,0.3969926362671262,0.2868521092888713,0.465923982901734,0.09727589129426732,0.4949627881417781,0.44723618090452266,0.5310496779222834,0.11552741916028403,0.5166456369471903,0.6176599459643688,0.5127193361285077,0.17451015428703412,0.5937302789312828,0.522066214329892,0.5639589945061786,0.18323715726155312,0.5013503960480906,0.6105239149049285,0.5391174594052492,0.17763464763907333,0.5361699409371978,0.5,0.5359748875887717,0.22778375115168922,0.5802037096019272,0.23076923076923075,0.5437302686873016,0.2863881281565881,0.6492025563559114,0.3979591836734694,0.5941991273923912,0.28805929371902345,2.0
0.5244908658337122,0.5455069078747752,0.6776867127452324,0.008647150477229144,0.7463464709756138,0.4627462142819875,0.7052289066511885,0.03245265971756229,0.5964721278482444,0.5809155850249292,0.6102013335861133,0.05684914538563049,0.6237176698942678,0.6331658291457287,0.6255665003167569,0.061702521781942264,0.5241953509220182,0.5578864028065267,0.5141171545711651,0.06899333564920218,0.540734891784425,0.5148599711830928,0.4907552312630983,0.058279213776136166,0.5754334138510304,0.5341560550823655,0.5536470648994163,0.06000941604332785,0.5658884767865444,0.34765625,0.5523006037981749,0.0698768634626927,0.5951385344571536,0.3487179487179487,0.5339178822322442,0.0969432501646123,0.5462164926582929,0.4362244897959183,0.5511891757490356,0.08709049167892914,2.0
0.4376423506574121,0.8756463576056575,0.27244085220990594,0.017764488854383063,0.4902649676549611,0.47173831648987563,0.49873827165491447,0.03921485603134594,0.4514865173464949,0.3854789452382827,0.4396782316285529,0.06959553925930435,0.413505575694737,0.6005025125628141,0.4733970965770392,0.07643056807796639,0.4327807570377773,0.5678486599995003,0.44291828788248433,0.09788496401561828,0.4428007735365837,0.5637004427577735,0.411558905896498,0.08337816154756092,0.41472337222176303,0.44251462329528984,0.4261598197715685,0.06647225546981492,0.4073481737045735,0.51171875,0.3898026200483562,0.07879790396615077,0.46174080781156895,0.39999999999999997,0.44508448820447744,0.12108579262084065,0.4529152171632239,0.5,0.44181881102860354,0.10615662456568274,2.0
0.4730746088507509,0.10040879728354773,0.514067861195401,0.004899819778997686,0.4506331069870091,0.4894857895210943,0.47969090981282836,0.006014702762583151,0.489750162764068,0.35070666333304146,0.5277948526539046,0.02423020303370849,0.6154327535562801,0.7148241206030151,0.5615878914907534,0.013172053815565521,0.5554078818506661,0.6176599459643688,0.5281966101315237,0.020739529392052515,0.5379029544684792,0.5280875989012355,0.5406651917326893,0.01865720556579412,0.5728474202834322,0.446333016286418,0.6217149048729633,0.01847870925155583,0.5550015951733023,0.48828125,0.5337791660206034,0.015549280866060486,0.5211863284342149,0.4025641025641026,0.5020565535910794,0.023954117284736363,0.5338396913013927,0.5,0.47965844779917166,0.01736168044852899,2.0
0.1812358461896887,0.5906196189540066,0.2724567110677854,0.048263975467829116,0.20259653529880062,0.49086677970059267,0.3255664322813794,0.0701955426250072,0.34556650160182156,0.35047354591232466,0.3715135567231377,0.13160322262080762,0.416286149914178,0.44723618090452266,0.46995138829133143,0.23869641889438908,0.38210755959289333,0.661493877613453,0.3785414420142057,0.26189733545575467,0.4653382303370029,0.5698055017046086,0.3794732709045242,0.2630093450692808,0.4373887916012045,0.45015140927754616,0.4672931987848719,0.23973990216506932,0.4278240463691266,0.4609375,0.40386846566193035,0.2485252562324686,0.39814616083641224,0.37435897435897436,0.36580979162639515,0.2868713162167792,0.39937877768493146,0.4591836734693877,0.4020922104936221,0.3037196075355205,2.0
0.5745306182353018,0.661538339285628,0.7162942539312736,0.06007428383681425,0.8998715399543848,0.9999999999999999,0.8441745995974514,0.09506766224778522,0.9199928847657429,0.35680666280021067,0.8884426488077858,0.16816481579107917,0.8904496626098789,0.035175879396984966,0.9677631754033403,0.23095858754589066,0.9898753916984496,0.7172825178941057,0.9629187331715422,0.3400243554247587,0.9669662479675785,0.47212455855524715,0.9813642028886466,0.3033880929237231,0.9605936062646764,0.41960426534852097,0.9899831328673288,0.27567559298316513,0.9492227426790738,0.46875,0.9312825390762355,0.32351080930631826,0.9992538805642404,0.3846153846153846,0.9869233666016044,0.40292070572232,0.9973504465738504,0.5306122448979591,0.9898069313719914,0.38706600489201803,2.0
0.18133311912745465,0.5658036931150973,0.2728554037762961,0.04795706926499635,0.30018816231565526,0.16198845811544516,0.32782749274357537,0.07098390151764673,0.35013002003966387,0.3703055858614502,0.39334670625319845,0.15802668319050261,0.43041630993597113,0.9095477386934674,0.47296175902819615,0.29483055438234895,0.3925312326864028,0.5658562085609056,0.39700549202755897,0.35980160516902787,0.47547640092048366,0.4802646371510273,0.3956993536357917,0.30632017456824057,0.4506577871942079,0.4806985532065714,0.46731265504384517,0.2610200651486533,0.4433016546554968,0.484375,0.40344137624044885,0.28593836815562756,0.45195096891613346,0.4666666666666667,0.44192569142339544,0.34989921628802184,0.43903191232999905,0.3469387755102041,0.42841607656234093,0.3384332223746149,2.0
0.7125058114215579,0.4905228618011487,0.4088665631692617,0.038096708612315594,0.6108726073103758,0.4972586817456107,0.5758780716509178,0.05353443039148225,0.5432460663349351,0.39709689175145124,0.5763047572689494,0.11913436965528691,0.6075960561614063,0.663316582914573,0.6303093919013455,0.16663589638332266,0.5181759850732233,0.6296146545959372,0.5364303298742947,0.20354250470168075,0.5028965407972761,0.4802646371510273,0.4953403220068373,0.17763947049163784,0.5392540140831846,0.3890571214194957,0.5263209996404532,0.1763880801422392,0.5196103947513457,0.453125,0.46080344857275346,0.18450171849328637,0.5175275704540789,0.39999999999999997,0.5068230328696338,0.2751068702989676,0.5143082734046,0.4387755102040816,0.48963897414423974,0.24538018276115064,2.0
0.5224456238266377,0.7043586017758053,0.4062877549218838,0.02396689550220994,0.49538431017183404,0.5742620158554195,0.6009614468242923,0.039020731707186486,0.4845177285454446,0.5245680728592474,0.4823733574137453,0.08709578862647464,0.5715733748717892,0.678391959798995,0.6173193005940713,0.12394072646938026,0.4725563461125951,0.6017203344556109,0.4980271259170498,0.1377676086909371,0.5554980838029455,0.5575953838109384,0.5506678486685198,0.13398583607146686,0.5462245301776789,0.4845169461976995,0.5606282582099911,0.11804051957640017,0.6064323723084721,0.4359938467992739,0.5629854787594705,0.15569131856047108,0.5844634288586323,0.4564102564102564,0.5665207355526987,0.20439577267302456,0.6511800828193355,0.5714285714285714,0.5996044075864218,0.201306358691563,2.0
0.45468539071431224,0.6163476566676168,0.5860087457286542,0.003242411024318401,0.5742029720654014,0.5461976030376607,0.7343792545763423,0.011416493615753035,0.5915605511163627,0.16138558894203286,0.6540850350128476,0.01785773081817534,0.7058839643678875,0.7087031381182941,0.7260505973236203,0.0,0.5787333843792867,0.5319845341047951,0.5692756094330075,0.0,0.6390588648113322,0.5036673631138952,0.5743026706929945,0.0,0.5509537989032514,0.446333016286418,0.595547972768655,0.0,0.5997426807923893,0.5107421875,0.5840571704624454,0.0,0.6320543884913523,0.41025641025641024,0.5671035733394946,0.0,0.6072710947192648,0.4336734693877551,0.5572947092646646,0.0,2.0
0.4394329079160222,0.7141637131789801,0.524017363658764,0.0053088473565942795,0.5504609991677021,0.48142338761777903,0.7242296078465182,0.020406675953521136,0.5002707992026288,0.34754554679620137,0.5690851427964433,0.03461031061685961,0.6846957051330561,0.6871859296482412,0.6683037994621309,0.026834973570325417,0.5584054472479681,0.5319845341047951,0.5572803292732299,0.033020845200591814,0.6427054807710779,0.47822961750208226,0.6071192498200645,0.030296968837822163,0.5731745599273202,0.40433069338400834,0.5977496901028643,0.030428085672646283,0.6044132844079741,0.486328125,0.5939638676224575,0.04050324355180593,0.6372124151178584,0.4179487179487179,0.5985908462023442,0.05641296747738853,0.6433607020900742,0.5229591836734694,0.6294278585474732,0.044774493064963505,2.0
0.27513304786227866,0.6011194859860803,0.2655064053090664,0.017193559539583556,0.39561795193183524,0.4536126745071352,0.3757046906412538,0.05923367882395938,0.46283356273937437,0.43098973933223583,0.4868816218194575,0.12511721915423846,0.5433758472230411,0.6532663316582915,0.5967032490426943,0.16239186289560947,0.4935362459083512,0.577810917192474,0.4789656051959208,0.20310616713358634,0.48944527953797906,0.4884047157468074,0.4883271100359836,0.17237243954473813,0.5751522852063293,0.3355996195437016,0.524821219208119,0.1688472604329386,0.5972320485771825,0.375,0.5320839379257646,0.21965380870677062,0.6299221475111927,0.5230769230769231,0.6030388330601463,0.29757938747826357,0.6059426797321511,0.5204081632653061,0.5822442815305728,0.24873674240415317,2.0
0.37139012500282975,0.41348006307966484,0.43119709777582776,0.019088079973020672,0.34116955569148355,0.4964379811660546,0.504192881039774,0.04567285144920525,0.3926490251819029,1.0,0.4548327656016281,0.07571939578934284,0.4756115552224981,0.6080402010050252,0.49128669163280525,0.0742642480068379,0.44740127059566825,0.6017203344556109,0.4473756260013546,0.12268049949594129,0.5325234348943242,0.48433467644891737,0.4471345581259881,0.10879707539624214,0.618404795879881,0.36996515646385497,0.5249794345272472,0.12158335441567826,0.598672303271039,0.625,0.4993006052439941,0.14543378999568154,0.5715648333101762,0.32307692307692304,0.5653231701896283,0.1923508596213059,0.5847321857018869,0.5051020408163265,0.5837269138774793,0.19206119266281446,2.0
0.38481936872162625,0.5604554504651523,0.4225120531745366,0.012857975975508203,0.5291832950678375,0.43306858270124626,0.6371652456419625,0.04695036571474532,0.49439010314743104,0.395594518156171,0.5415239171858345,0.09199215210342634,0.5900811862083327,0.7035175879396985,0.6203402965173673,0.09555703859530029,0.6134299789806567,0.5318454425344976,0.517654604847498,0.11522700457867302,0.6501586362647078,0.4965447943425875,0.6173474187071036,0.10537405422773352,0.6778508267091324,0.3508731915082142,0.6523849610732162,0.10921615888773066,0.6570995227012502,0.6484375,0.6700289637637847,0.15580082549104302,0.7533635172553421,0.3435897435897436,0.6525016186169368,0.19913994237124358,0.7495195215206268,0.3979591836734694,0.6391569095157761,0.20415887035371838,2.0
0.33633391464317375,0.5295776569044198,0.3821419735082025,0.017218471146613186,0.4670216438615733,0.7752605368487224,0.5825142902933444,0.051266387787415796,0.5077943392964089,0.6569378486530206,0.5035152717536392,0.08911584567800536,0.5586821754485934,0.5175879396984925,0.572322092695896,0.12945046296218607,0.5579991318480887,0.7172825178941057,0.5504586506986268,0.1771534345322325,0.5936278434622988,0.7814475451948919,0.5953725317921287,0.14994888438462892,0.6634873426787343,0.1802678933489007,0.6271767311721479,0.13187376535008688,0.6385354159457071,0.75,0.5391751118378683,0.15242805283682814,0.6332267523313051,0.5333333333333333,0.6021583378937521,0.2020455436320155,0.6406805159605176,0.47959183673469385,0.6220038664314952,0.19031523150130247,2.0
0.43895108388114334,0.7582047847353014,0.3372555992915179,0.03293116618140118,0.3426481808326851,0.4022682275010031,0.4325310890594536,0.05856252869536085,0.41155402924729845,0.31444389362229247,0.3856648969590798,0.10734191921734684,0.48315857192698874,0.6381909547738694,0.4879620071063314,0.146776456106331,0.40980244477520056,0.577810917192474,0.4413857751299367,0.15704414116042403,0.5000660850985528,0.4354942048742366,0.4896965210001527,0.1527533037812201,0.5410791275826435,0.4806985532065714,0.5363149811682577,0.14578554809389313,0.5234817802089318,0.609375,0.5161183042521592,0.15614271984652933,0.5583796782625337,0.40512820512820513,0.5364796029473012,0.21031008347609628,0.5134225175330138,0.45408163265306123,0.5195401142399064,0.20393621746173152,2.0
0.6225481212284314,0.6460414848029388,0.29482508182739237,0.048191397762208245,0.8528657500926455,0.2460990374965177,0.5946632023739198,0.09700356459309396,0.6253881840031593,0.4210840620725785,0.43416803723007014,0.13277756163851767,0.5287238302128116,0.7386934673366835,0.5465515664896702,0.16386880642596843,0.4530463557155787,0.6375844603503161,0.4697597837461076,0.2346317195171453,0.4786081235197845,0.4802646371510273,0.45934951450158945,0.18047765947573122,0.4850811363634667,0.44251462329528984,0.44976950774612307,0.1576070907246937,0.4736759494003842,0.5390625,0.4263052374432569,0.17934483948427726,0.48683714075730616,0.4358974358974359,0.4883993848065461,0.24228592410747093,0.4712675443192378,0.4693877551020408,0.4466028826171218,0.1829078105060703,2.0
0.14012499689287883,0.5665656050946315,0.23876288340029211,0.015752205053266362,0.3132167526988321,0.44288035664191594,0.37977069540416286,0.044205221051949295,0.33650728969933075,0.3045543618951759,0.36731776866230825,0.14913039762506675,0.4222358899001001,0.6331658291457287,0.4319443218400357,0.18831921470254714,0.4068375213189712,0.5499165970521477,0.43339613560217705,0.2534313958596208,0.40940105658378617,0.4965447943425875,0.40238938531460655,0.20213093068278423,0.4236706291878506,0.48833533918882766,0.42204496418512044,0.20069400663887085,0.48303888083469865,0.359375,0.4961604366265002,0.26771450848178147,0.5214110177811155,0.4461538461538461,0.5005758130922069,0.35537458020315554,0.5055145508408019,0.0,0.4913356038885319,0.33120150876869614,2.0
0.6173394733270874,0.793695092807809,0.399417111478319,0.018765900975971788,0.49017006105431293,0.44938287548756495,0.4573401412742262,0.02229403495426705,0.4482449141304311,0.24765426423205392,0.4186764489950524,0.036421606056742994,0.3939412443635272,0.6432160804020101,0.4609346970548843,0.03768963622522969,0.4460379981336423,0.6555165232976689,0.4216525513692301,0.050042345144113154,0.46289546575996315,0.527070089076763,0.4192195455255149,0.04472271480534891,0.44964968947031503,0.4253318548352132,0.42932840984983384,0.04391881442021041,0.44066752033061113,0.51171875,0.40090436120304995,0.05389746069289497,0.42209327697549287,0.4205128205128205,0.39407865041331025,0.06423493179127479,0.4380821407240443,0.39030612244897955,0.4052281095856881,0.05600849977484414,2.0
0.25182375140229674,0.5975473521851231,0.37957766225112904,0.008573398882559934,0.4149013140070352,0.07947772098849532,0.45859453077069645,0.011960711438208997,0.3327727421037706,0.37726004224249843,0.38239503986337053,0.028507772274105152,0.4146685264061579,0.6896984924623116,0.4588339993163254,0.04257115405720103,0.4908141858934838,0.5040902139644687,0.4825077685018717,0.06228089256793014,0.47044674875918785,0.5168949908320378,0.4404720908586115,0.050735663488679264,0.5675445515158403,0.5037100752118122,0.43648899375821043,0.04273034513426692,0.5118039807502646,0.52734375,0.4154895385671541,0.050545713370388615,0.5137401436188715,0.34615384615384615,0.44811830147256815,0.06590522655325287,0.4673504474441731,0.4821428571428571,0.44512866546951746,0.06020837143736017,2.0
0.47133871074292233,0.600669092728446,0.5204748050132493,0.02359924116806516,0.5384970261441104,0.4449402652774597,0.5039147288420529,0.02760412749321268,0.5887626080815372,0.43605680982772443,0.6231428909931281,0.057051894087697175,0.7610231262544968,0.35678391959799,0.7820086837256227,0.07337473316140333,0.6903330708433638,0.8667163757887111,0.6659903556239691,0.09284466795943777,0.7208774302460974,0.020350196489450356,0.6925855481592157,0.09087682702208782,0.7312835239098806,0.49979051816221215,0.7883368929287904,0.08673897654787951,0.737616552769705,0.51953125,0.7260376632338358,0.10624060023509016,0.7136287466085847,0.37435897435897436,0.6951018381873257,0.13814776733825468,0.7002519036374674,0.36734693877551017,0.6962660730348408,0.12710339896639322,2.0
0.5655423657810343,0.38268292334456455,0.6285265701201348,0.06991776078053114,0.8959146048352011,0.5010493330165089,0.828402466671079,0.097698661069416,0.8399879001734428,0.8259012304798632,0.8531662800575465,0.15891048741262817,0.8676867836056313,0.6938930800007765,0.9172623324200871,0.20419893252809831,0.9175640248377895,0.570391620659628,0.9604273502785224,0.2779420152779202,0.9850115606970926,0.6105058946835092,0.9680976476522659,0.28340612097526435,0.9056781019714378,1.0,0.9098019270512991,0.2780321257766618,0.8664217007485742,0.84375,0.8606905474567671,0.34138728604891255,0.8901230195595673,0.21025641025641023,0.87323528507063,0.43494920094981093,0.928767425491979,0.4591836734693877,0.8927467238338146,0.42057927312318255,2.0
0.8105260449733473,0.4733744097730475,1.0000000000000002,0.0,0.7395923955755102,0.2574395281308689,0.9999999999999998,0.0,0.8035364983944188,0.04122534782384113,0.8703836950202609,0.0,0.8008423363936338,0.7487437185929648,0.8331861304575049,0.0166708887027018,0.7065210315796805,0.5618713056837161,0.7371763914178103,0.01928797715516066,0.6773961057509754,0.5230000497788729,0.702849701366795,0.02495250336464432,0.7246346758306971,0.49979051816221215,0.6980421265200403,0.026771088733868253,0.6974419722736702,0.5703125,0.7229564344286442,0.041755158154832175,0.7218216832108961,0.4846153846153846,0.6750250248251451,0.059004213958966774,0.7203468145116779,0.5382653061224489,0.6864059551570276,0.041760443101324485,2.0
0.7176152909370397,0.0,0.6909323329764359,0.032830656513923466,0.8594547828567474,0.25525507609587045,0.8747762241047743,0.06435328993409636,0.7222594422732919,0.6163174997115848,0.6856535785415759,0.10922900831585754,0.6960618442920968,0.7286432160804021,0.7596448721611281,0.1623877097295788,0.6939156680275204,0.5220222769118213,0.694462020627968,0.23492606681813716,0.8236550456183886,0.41514400838478627,0.751181115377788,0.22455569703435885,0.7432327599663021,0.37378354945498315,0.7766650006962728,0.231065320368648,0.8625742981158888,0.5078125,0.8604144497841958,0.3084251644664395,0.8653102549654019,0.4461538461538461,0.8632604781248459,0.41140747467827005,0.949436004150579,0.5,0.9389505631504779,0.3793456668691252,2.0
0.5991874508675772,0.4731780460836505,0.7222356290622252,0.02892519132635632,0.7925496445796847,0.21710401307436233,0.871424117091854,0.054064423765943254,0.9220771856353206,0.35724575928446056,0.9131046908808532,0.06764613930217786,0.9258001107260913,0.7336683417085428,0.9523493604751451,0.19016401541855757,0.9451370833643405,0.8447994099641689,0.9555001864092764,0.23615529804410562,0.9953257665936319,0.6837666020455304,0.9674820892286343,0.18077285113458966,0.9999999999999999,0.7021653466920041,1.0,0.18678435021136594,0.9999999999999998,0.0,1.0,0.22070828938046974,0.9999999999999998,0.29230769230769227,1.0,0.2582034305604714,0.9991227962212957,0.6938775510204082,0.9908085120791671,0.24599574061860596,2.0
0.3533596725830488,0.5924426083141525,0.379228399790782,0.02293158282104361,0.2770020771244166,0.4531798998196349,0.4314595927483946,0.020690830050319953,0.24538535526549665,0.3601900129435618,0.3002197427677816,0.06309573503709673,0.3282354177579292,0.71356783919598,0.31067422361171126,0.06906376615650375,0.31968609532410686,0.539954339859174,0.26993154249611306,0.09385422174024091,0.42655188235111735,0.5128249515341478,0.3727672396936482,0.13629107082845954,0.4577724001278799,0.4845169461976995,0.4457473717566733,0.13938251786105343,0.41402841970112186,0.484375,0.3856548483195822,0.1621273634473354,0.4248374225383506,0.4358974358974359,0.40344664497672245,0.20955041078742173,0.47110573796039024,0.423469387755102,0.43793540599591585,0.19966294935742568,2.0
0.2514159596047798,0.3740563740127537,0.24906368626609804,0.03131357946719157,0.27625326374815673,0.3303447244484843,0.1936871695462148,0.02567860302337619,0.2442244845389029,0.3273144009604247,0.24752108142629836,0.07548076065271067,0.3285523260501152,0.6834170854271358,0.2827912100689802,0.11957525067349256,0.27022130808886147,0.5379618884205792,0.26324114541598,0.1640812120738498,0.26497560596302155,0.6186459732792894,0.2302013947562086,0.1273161010857352,0.3864882243901656,0.2897789036501638,0.28011306435085687,0.14949009968631774,0.38956267469943723,0.3671875,0.29377804370962257,0.20719754157307665,0.37273449422599164,0.3641025641025641,0.361007937212527,0.26055500728583914,0.3637738508417774,0.6326530612244897,0.3388615198330023,0.2233144213093612,2.0
0.344891810320466,0.688082729496517,0.3472953844564077,0.02431055680827516,0.33562710282587016,0.411981727108759,0.46228880443561526,0.0711158147853191,0.48631001963425347,0.4284701301393082,0.5357539532440926,0.1266126136222351,0.6149368204857103,0.5531092704337388,0.6247004197658167,0.14920636606140042,0.5581387066352791,0.7172825178941057,0.5056955682953946,0.17023856390589395,0.637068747416772,0.4461324991921246,0.5689675288804098,0.16066969785925417,0.6197782484130774,0.4806985532065714,0.6297714217430466,0.15995227296643078,0.5994180671786808,0.546875,0.5782645386654596,0.18570972975652067,0.6333898412225607,0.3435897435897436,0.6408431863982447,0.27392647152340366,0.6104856344932059,0.4693877551020408,0.6183578068200692,0.2447927457995574,2.0
0.6213198489703902,0.1690581818717129,0.6951083884235643,0.02803761272782017,0.4973203782768678,0.12802519144512392,0.6997650624328466,0.028052987536376053,0.48162064506680713,0.19581195302787613,0.5806388089893072,0.07146292819912092,0.5284642493466095,0.6457286432160805,0.5439421281722171,0.09018828452438213,0.44381111341328316,0.6136750430871794,0.48384328721333514,0.13737844286578882,0.4950162723549119,0.5168949908320378,0.4964609871721879,0.11762366945580405,0.5147828462413657,0.4806985532065714,0.5272588682445039,0.11619684978682922,0.5346088156255913,0.46875,0.5002169264310599,0.13889395936186963,0.5439149406361685,0.38974358974358975,0.537235596966882,0.1796344344519593,0.5528636014828557,0.46428571428571425,0.5040355066746154,0.14371708758969415,2.0
0.8124818888677516,0.35057639895369397,0.5887162932360952,0.01686613598359966,0.7360502216076568,0.5210413706721863,0.5748011597158091,0.02083869084918312,0.7304977331638088,0.4208834504508919,0.640527650904727,0.06066149079543384,0.7529319621677865,0.4973873432872327,0.7762595174011943,0.07409534918031821,0.6776103642122456,0.0,0.6792661030189594,0.0993688690296625,0.6592245043994258,0.052910510872570815,0.6723469587250911,0.07866899869898791,0.6278612096105344,0.7632596345500546,0.6526686885296729,0.07174731862187476,0.598132253809686,0.375,0.6073039192608619,0.07921924106580244,0.6274505988386656,0.47948717948717945,0.6171346649068912,0.0998165795531473,0.6219636027244153,0.40816326530612246,0.6181654681922908,0.08754133827649034,2.0
0.5722441332547887,0.06151613090308161,0.6282408194680649,0.03823037304517607,0.7363717187968968,0.723805445551474,0.94943071166199,0.06443061511093803,0.8907211448525553,0.4440418812619845,0.9999999999999999,0.1162319749993781,0.9499155663344766,0.5175879396984925,0.9903185134498521,0.15931576671996706,0.9075397093094996,0.7850258668063268,0.90543694899402,0.20462956128179993,0.9769051629120227,0.394793811895336,0.9665142098832248,0.16485167168652257,0.9355308834910442,0.3661467634727268,0.9799250969984366,0.14137835320409559,0.9871206377405131,0.71875,0.937460603424627,0.17756606027321062,0.9534810665522249,0.40512820512820513,0.9483776923960063,0.2209180063436432,0.9999999999999999,0.673469387755102,1.0,0.2254834532128434,2.0
0.4471680290783083,0.6276946482815006,0.42812248139743986,0.01410672002102438,0.3982739622796161,0.291477071929447,0.5193043725759559,0.024007179542013417,0.46423903982815073,0.30708325512464796,0.5678390600509776,0.04505491594094416,0.5495805806887916,0.7148241206030151,0.5996480545593131,0.043396195355651944,0.5678260138194907,0.6455542661046951,0.5459073292031742,0.04865853043644733,0.6055686444298924,0.5494553052151583,0.5638141359152508,0.04325922760472033,0.5416384001993632,0.4310594443219054,0.5457057988754921,0.03912307424628854,0.5259637899290208,0.53125,0.4932704039636868,0.05618461803448521,0.561054479222624,0.3846153846153846,0.5035812713767935,0.07048085117932842,0.5480552337902153,0.5255102040816326,0.5252297266024477,0.0670266990059251,2.0
0.3666696009649719,0.4069678767262036,0.32637359143754247,0.04635478330668251,0.4156061021956243,0.6587304212873845,0.48171708956394865,0.06896896617015298,0.6340089713162428,0.1797389890624229,0.4893444490151547,0.13993137050651588,0.6156825839061179,0.0,0.6367694432974803,0.21937493500487942,0.5522380109548105,0.5937505287012319,0.5640821097350944,0.2688124856428475,0.5859309971644067,0.4395642441721267,0.582474413294637,0.22341741078317234,0.5410450389912013,0.5036089111533403,0.5389712941679052,0.19934340095703157,0.5042695506513579,0.5390625,0.4741755596780608,0.21229793435777444,0.5232257107330582,0.4358974358974359,0.5058157523173462,0.3077081852314528,0.504106853695237,0.4387755102040816,0.486174550149288,0.24517704209602598,2.0
0.41626670986755165,0.41367763535275875,0.47729807711079036,0.006620849489698187,0.3644985741642144,0.4500900368663192,0.5043322956482379,0.03354847187822827,0.48381199134409536,0.4347923632129884,0.5406822433764772,0.0650896205813083,0.5586617682444014,0.7085427135678393,0.627807034136099,0.06248679679320158,0.5900906968039351,0.631607106034532,0.5486497142711516,0.07885492569504163,0.6658703425033441,0.463984479959467,0.6303988028906898,0.08681929911567274,0.6025640588992267,0.40814908637513647,0.6301090318200373,0.07974031131270548,0.5763637007629556,0.46484375,0.5943263553188637,0.09159525197407965,0.6433791409068661,0.4076923076923077,0.6204603180458189,0.11586765103945287,0.6533548297805654,0.4336734693877551,0.6367112905772508,0.0993278315303091,2.0
0.2186496177925774,0.452017926165859,0.2973490710985635,0.050705099981527314,0.3503293026101346,0.4778988034461604,0.4662373724621933,0.14601082443240904,0.35594778296022855,0.31972772127200844,0.43035908338726625,0.19748619996384914,0.4693498414753544,0.5879396984924623,0.49578353053162794,0.2841753696177569,0.4494377733649111,0.5738260143152846,0.433025992015058,0.32456103461029073,0.4762194417140391,0.4477043227679068,0.4383135559156337,0.2571797784564778,0.4471782161463944,0.5265192691001093,0.4569468602803682,0.22528034513232217,0.43881334715443704,0.5078125,0.4125312456122132,0.27591755811666974,0.4159430370774945,0.4461538461538461,0.40653535416084274,0.36885484957093323,0.43125572391939393,0.5408163265306122,0.4255531340385712,0.35899617261795413,2.0
0.6621035011492653,0.5818584516537176,0.646655168511286,0.023451597624731077,0.8820309283588992,0.6341015550206814,0.8928278082511862,0.06980931801802019,0.7319141929482579,0.3577153285635584,0.6466735335183892,0.09612937915138585,0.6337863417255781,0.586541937908303,0.7015904522790463,0.11081541156048655,0.7291739502348921,0.26607496399969593,0.6195619518819465,0.12549152615369033,0.7167200129533049,0.6512062876624098,0.7145915136656241,0.10392874876430891,0.7574965827200076,0.4355016337198238,0.7308323555454035,0.08763294457948209,0.8031195003606795,0.5925041153021937,0.7109069896678869,0.1254628295576138,0.7466662505366921,0.11794871794871792,0.7170597948524828,0.14480052540195965,0.7460306848733768,0.9999999999999999,0.7239670937997932,0.12391504047327963,2.0
0.6224714550423787,0.2617172365052845,0.6807298358306424,0.004721410851528028,0.6286878628554879,0.2641832825084917,0.7296758489498381,0.012023585364881328,0.6446675256401945,0.5119236067118871,0.6696978749420365,0.023570322253221962,0.7582567257830514,0.6570357322958977,0.7348176923659145,0.011870538491234407,0.6436067853743802,0.6465504918239925,0.6532563201588505,0.01278642400771654,0.8352497156600465,0.6793523456529186,0.7584830223463034,0.028172354046898194,0.7940725244962864,0.5270991078017133,0.8471904653858431,0.03477338372325295,0.8245047784658981,0.2979111115545301,0.8168756859414837,0.046929689859836934,0.9535861377991777,0.44036545461043397,0.8892695162513451,0.06579830078396351,0.9326991163154309,0.5786997247668817,0.9164476957580409,0.06650812404505745,2.0
0.2719007001569571,0.5191219373918929,0.29882767500952895,0.01517510519062399,0.313673383038942,0.28705634536026614,0.3571320824502435,0.023197434199492346,0.3989580834204066,0.4411145962866686,0.44022824782672887,0.048297952670538324,0.47052261134842477,0.9623115577889447,0.47657447696846533,0.05971643705314656,0.443334553484403,0.4144298992277055,0.3982735289202547,0.09853931292278739,0.5273305326913578,0.5168949908320378,0.44863994554455167,0.0929991352396238,0.45472374465781507,0.48833533918882766,0.47271080982791996,0.09873436307751167,0.5065749251617304,0.54296875,0.4986190606676498,0.1193496800790356,0.5682898222637056,0.4512820512820513,0.5348018093366121,0.1658503294290842,0.522872187054693,0.5765306122448979,0.5192724193983833,0.13264351282520076,2.0
0.24504713956506574,0.6427529046576989,0.30829719877852463,0.12321706263599254,0.3278139731701559,0.4449402652774597,0.31082035440671363,0.2225617466664742,0.2444466416743558,0.30961214835412004,0.31292439673681904,0.2724401185774817,0.3280698145201494,0.6984924623115578,0.3242303249388796,0.3606927534811617,0.2808741669664371,0.5977354315784215,0.2902164485040264,0.39781786723130863,0.27302184100918897,0.5779455803003888,0.24915831331223826,0.295434802285966,0.3047525540116439,0.4272410513307773,0.28155400803275427,0.2596803441472516,0.2859792148973704,0.5234375,0.27127352539114413,0.29665030876196674,0.3218738414334556,0.4564102564102564,0.29372109246081113,0.37320334125113824,0.2921301550564066,0.4897959183673469,0.2974020006301117,0.3093558266012374,1.0
0.4749994700013409,1.0,0.5149870576389319,0.01478929539166509,0.44258801695642114,0.47583889481061664,0.4445236547370994,0.013160420036734477,0.48968006238332784,0.30708325512464796,0.5269456090458352,0.036653110006664505,0.6147449680546576,0.6821608040201006,0.572259053204954,0.04118687899441622,0.5544338318915557,0.5877731743854477,0.5290242401907651,0.06842871497161121,0.5351539615189018,0.4884047157468074,0.5433391943370264,0.07255071085341332,0.5718891209610153,0.43487783731303353,0.6217148988771333,0.0705926352673879,0.5537609388400113,0.45703125,0.5328860046783317,0.07495567862095329,0.5215272012799537,0.39999999999999997,0.5044919490043787,0.10300547447131136,0.5381408375208329,0.4591836734693877,0.5235485490937349,0.0959960146590799,1.0
0.34953457293182744,0.44709836509662715,0.32237119152702526,0.026707135728112688,0.3389887634334048,0.43670063073528453,0.38428798395095165,0.029340441155765836,0.34453320986777725,0.35260333325514553,0.435044645114108,0.08186733877809795,0.6124392144836642,0.45580086724607505,0.5108839213009663,0.10540811054601837,0.5517031317604236,0.6056114171215297,0.49242530602100687,0.1197182858498545,0.5261689598027841,0.4965447943425875,0.5075308646933755,0.09596656729974411,0.5828031680846593,0.3394180125348297,0.5325243703382017,0.10039858928498886,0.5297120248856662,0.48046875,0.5023526899031732,0.10579146812353385,0.5942077275558082,0.4615384615384615,0.5419568183164849,0.15488580325200285,0.5398540356293363,0.4591836734693877,0.5215984355469337,0.14460199951071623,1.0
0.3403621301256692,0.7258753629900909,0.3054453370051045,0.013416266540359285,0.3881179109874884,0.30213768648288536,0.4203103145247251,0.02482314077134281,0.3488210468887435,0.365247799402506,0.4050189511244814,0.07640714484786938,0.39730172608895464,0.71356783919598,0.41013744708891564,0.11124757884723632,0.355138339310478,0.6057052373328004,0.3818619335845246,0.13623033152849146,0.4264311179361356,0.5128249515341478,0.3990273327445044,0.11250871830821291,0.46992855521574695,0.6372526658428256,0.4500680945017534,0.12316175331996874,0.45790462260347725,0.80859375,0.43768598141724846,0.1360810395069377,0.45759425454416697,0.49743589743589745,0.4288664048555101,0.19438022007824102,0.447315611617251,0.4030612244897959,0.4339193167823777,0.17313723065700698,1.0
0.4340322677671764,0.6176707677612235,0.3881356049881442,0.015263837999408884,0.25711133255975893,0.5015877527549141,0.3709274477727258,0.025762116379111015,0.27981173864282627,0.221100885322597,0.3359135284759259,0.0397195298215669,0.39794008937880476,0.7060301507537688,0.4480682997404849,0.07254537607185654,0.41088176264146437,0.5758184657538793,0.4250237866839175,0.11569518593768346,0.4251942027266365,0.5413152266193783,0.42202932576531815,0.10102659740091235,0.36672027865007495,0.5036089111533403,0.3844438371913694,0.09059822313588109,0.35675167484504416,0.5234375,0.36410760614766613,0.09961277566792226,0.34950700975416643,0.38717948717948714,0.33884037345886053,0.1033377841681008,0.373203984643416,0.4464285714285714,0.3481826014689292,0.08084002202584467,1.0
0.45952342517609357,0.509466172532356,0.5076271543995368,0.01562602098397994,0.43291501490068574,0.4634794429973539,0.48210191630463517,0.036244384662078084,0.5358013981616853,0.4076114855842577,0.6057974133580432,0.06093123609551519,0.7698694415950397,0.7045233550279209,0.7963093157983295,0.06787114103874611,0.6859503013494247,0.5386385174819662,0.6798805198258441,0.09727279890599957,0.7200181812485267,1.0,0.7090928090043261,0.0943792901739095,0.854899201084146,0.5766437222880211,0.8452383304014845,0.1049332444864373,0.8092155356804129,0.4504734106265393,0.8028575085107509,0.11281989577165757,0.7948048283819931,0.0,0.7989783926713427,0.16881260523331373,0.8206582429604569,0.2346938775510204,0.7729389717744649,0.1506281841868708,1.0
0.4722256616691065,0.25701010759316256,0.5144464484001869,0.01979284387947309,0.6517501661064309,0.14710714816256865,0.76696370388094,0.04382016253329268,0.5819700316432382,0.3450166535667293,0.6928105542728719,0.08510639056622522,0.8236536524754706,0.4828231202088118,0.7704919199723138,0.11227581267151607,0.6991526154704356,0.22315456112261067,0.7144306132241999,0.1653304805823926,0.7153026955213102,0.9564592350041645,0.6734989270847648,0.15160034634167385,0.7182532784425938,0.4272410513307773,0.7045431756743408,0.14168890673818357,0.6743024874041119,0.5703125,0.645774354335147,0.15462184515680427,0.7052454253396396,0.4769230769230769,0.6703291409404034,0.23365016375770395,0.6739254862492841,0.4693877551020408,0.6761263622303655,0.2160098456687745,1.0
1.0,0.6316107170162616,0.8959793104995915,0.020198851746553094,0.9709817805325374,0.5869001925946332,0.8641866186407654,0.028130395157016545,0.7163472977214856,0.5530773431680676,0.7765634059311094,0.07417292048685435,0.7806230594756994,0.3700291486486319,0.8252982999631676,0.0979498372578749,0.8485086268336347,0.6868944289577306,0.6846146583752887,0.11671554296841286,0.8634641971598733,0.5786764675272585,0.7382451804726032,0.10592540684682786,0.7612664624723994,0.43487783731303353,0.7857424794176076,0.09305654411643921,0.8869379668428188,0.3892418867410615,0.7178919659830417,0.11238219469400615,0.8243586005002075,0.4615384615384615,0.7308346921797026,0.15357701582137542,0.781028884936169,0.2857142857142857,0.7374465368485464,0.13684067339616623,1.0
0.4676865719487713,0.6148080926334446,0.5318744226466163,0.04772278344234893,0.5985811570110511,0.18951159447002913,0.7805899590177734,0.15076573796562334,0.7469886396836404,0.5192513331804589,0.7300010884496825,0.23085514673354962,0.8370952259361516,0.5646389944122061,0.7241267210703065,0.3157913775415805,0.7421849566142823,0.5897656258240425,0.7271626222933524,0.3533990755157758,0.8119093446863477,0.6512062876624098,0.7412981909671633,0.2943924806279316,0.8531408132951178,0.9465424981242059,0.8400157437997817,0.25769681801563044,0.8504849234061109,0.4375,0.8007115635659,0.33389008299153866,0.8660533170540015,0.5179487179487179,0.8378451380173069,0.5019424160839899,0.8207455372511362,0.4387755102040816,0.8322271323633587,0.43497920329527834,1.0
0.572392556251166,0.4932388128595133,0.7152986964703918,0.10236910452348495,0.9058683519641983,0.425994709477526,0.9956929337505278,0.11694230184636416,0.9198118303742032,0.1627837408207111,0.9965256062358009,0.177248387195243,1.0,0.5861441054257228,0.9999999999999999,0.2831066938146739,0.9804390346310522,0.7511794591813665,0.9220620459324506,0.35799195081354357,0.9469970703701487,0.1383813361282621,0.969471049692929,0.32163871410438943,0.8716735388174711,0.5341560550823655,0.930583071453688,0.31784245778834735,0.9818151927876679,0.578125,0.9095641317035391,0.4053253983080143,0.9530255972449531,0.3333333333333333,0.9285268475572308,0.5198095748056227,0.9959736661271749,0.6632653061224489,0.9830057904513126,0.4833393179905303,1.0
0.4701921768313755,0.6477798566741972,0.5887545416896012,0.007114777984204676,0.35629730574398466,0.441850402324144,0.5028045713590106,0.02879649157619003,0.48529752802356063,0.3703055858614502,0.5235901374510129,0.05431362964691307,0.6772044463173591,0.6909547738693468,0.5813207105175232,0.0509042882247289,0.7236570780941575,0.577810917192474,0.5550770611830327,0.062079237522613434,0.6900157204015074,0.5352101676725431,0.6257844938966642,0.04716889857710814,0.705935469967888,0.39478471090618794,0.6288265501260666,0.03559865629538585,0.6349687785683797,0.541015625,0.5772479794130814,0.044227379858603394,0.6286994614155981,0.4230769230769231,0.5309420705416235,0.06284327931870448,0.5697232259641714,0.5178571428571428,0.5483399191277839,0.06391354283466169,1.0
0.3640370578898242,0.47700040391192583,0.3922815828711092,0.040219692374905344,0.6719378569991632,0.6590818304951027,0.711120873072713,0.08376129729692292,0.6056670162170817,0.22868756501101326,0.6746147873236591,0.14314036837105804,0.626056595534399,0.6130653266331658,0.6849755904729687,0.15881151365783588,0.6298940805668986,0.418414802104895,0.6296976043812704,0.23528571002131982,0.6480709077442033,0.5331751480235981,0.6229268305669983,0.18472628201189228,0.669562504808226,0.43487783731303353,0.6119978701621027,0.2143554303557695,0.6039638288195144,0.4453125,0.5737630905036643,0.25905696286764224,0.6133994428404399,0.4666666666666667,0.6037015678322809,0.33077670240354695,0.6431481422858413,0.4387755102040816,0.638610213325131,0.29814619029841744,1.0
0.6533125406349118,0.5681869589675341,0.565584192281283,0.10082332832080106,0.8858990816691774,0.5338564833531497,0.6923660539019021,0.1149557524010008,0.823389520435632,0.3042606510648762,0.7076956454966051,0.22554942350591448,0.9042136425449442,0.678391959798995,0.9382993766561977,0.2976506626181665,0.8554824957828974,0.20721494961385278,0.8472686428556723,0.3598164836467936,0.8708149761433035,0.6267860518750695,0.9017727648448551,0.2907682546569623,0.8539983954167157,0.43487783731303353,0.8900088258016912,0.26073744067273186,0.8905091508810312,0.34375,0.8438733083426205,0.30827295540538147,0.8285870640635669,0.3846153846153846,0.7789802559222845,0.399409676586051,0.8520884089010866,0.4387755102040816,0.8382183972819476,0.3863692272706891,1.0
0.2745409693505173,0.5331591875886202,0.2663903273641148,0.035796906063265195,0.39399247960137807,0.5146688419865609,0.3189149482599922,0.05706688012699965,0.46185399511874936,0.21991387213606292,0.4850546307736322,0.12703908745424738,0.5489488025944392,0.6834170854271358,0.5891817779549745,0.18030238238040266,0.49600378117978594,0.5698411114380951,0.46741182243585677,0.2107885870203115,0.4719043104295107,0.5087549122362577,0.4200260790605008,0.15714918369670786,0.47933023109674433,0.5570664130291344,0.43775388672371945,0.14555964191691917,0.5091385232954002,0.40625,0.41240185577441324,0.1546412189956057,0.47676314977106254,0.41025641025641024,0.43465240312130793,0.228399859735149,0.43799150391705366,0.47959183673469385,0.44642822809176685,0.1994182299858288,1.0
0.6484820528293875,0.5324944282829185,0.588834212995081,0.09520328990787799,0.8818338572846232,0.28578087476879477,0.786957113978012,0.12518876945452923,0.8356298413490951,0.1781097004215715,0.9122738271315177,0.27487133262460084,0.9180371711233998,0.18592964824120606,0.9262431275632869,0.3652731886710478,0.9741832056687248,0.5897656258240425,0.9408727387135852,0.5064254315389496,0.9857270785093442,0.6512062876624098,0.9715693941243694,0.41568181153167677,0.9205117327614006,0.3508731915082142,0.9776591035939919,0.36023180243820185,0.8956234425522349,0.21875,0.8620279202120994,0.41994594544733155,0.9807256808961136,0.2717948717948718,0.8821302592721989,0.49698966437166636,0.9223190307072834,0.5306122448979591,0.8825790258534912,0.47030859648848766,1.0
0.27471224013642515,0.530659627301592,0.3427121530038599,0.0297405216283664,0.3462977579688975,0.43500516826338165,0.3523617009429414,0.028030459691619724,0.39527121193263526,0.39053673169722686,0.4934226655855686,0.16768493980850593,0.5672440830301811,0.4849382518353501,0.5728331114639912,0.23815244370484606,0.4877159588484986,0.5977354315784215,0.5052213478048625,0.31940274734542196,0.6025242225620211,0.13024125753248195,0.5987634352597396,0.26295686976043536,0.6704366684886952,0.5639670624053179,0.5512852914098756,0.2527687527292264,0.6456440786950548,0.6736311386090744,0.5509443425943062,0.296221472503286,0.60290970911575,0.48717948717948717,0.5809535186714919,0.39427665684171515,0.614977964988008,0.3299442199129736,0.6027443185100468,0.3944458177386705,1.0
0.6503999510931235,0.5419302818202328,0.7245390952445314,0.12047879055612819,1.0,0.14731144149901648,0.7276639530354827,0.13369247996124642,0.9999999999999999,0.31484753147524125,0.9427019579246797,0.2464074449181966,0.9197264625570186,1.0,0.9443047212544239,0.3389926326865202,0.9999999999999999,0.8129201869466531,0.9999999999999999,0.5147539298208985,1.0,0.7977277023864521,1.0,0.419009981726718,0.9597498612687257,0.3814203354372394,0.9902854901926657,0.3768310213047895,0.9467751180050554,0.34375,0.9396541951192044,0.46816962570097675,0.9503707184273193,0.37435897435897436,0.9232524551956856,0.581637180302235,0.9610421756365432,0.4387755102040816,0.9518494255596534,0.5411585657540493,1.0
0.37464922354131647,0.6927653516450681,0.4673754897134355,0.028563472009856143,0.2950789373952827,0.40992181847321524,0.32141728378958545,0.04770237053391405,0.32067504310614126,0.6484838411033798,0.4005306522329216,0.14585669066469387,0.5316875785679999,0.5979899497487438,0.4269191851970249,0.21769713916015226,0.4576923281300619,0.6057052373328004,0.4651461347448369,0.2983821245938747,0.5309328375514568,0.5779455803003888,0.5028384642900622,0.3093673517077975,0.4870145602493735,0.48833533918882766,0.47284253075296595,0.2725191264955197,0.4825978233012111,0.484375,0.48938787841112097,0.2947089197538011,0.46322389507534384,0.4256410256410256,0.4520127136287829,0.35235649706029765,0.43879975987217,0.4489795918367347,0.44379907606393787,0.27722062585695983,1.0
0.4125949736330834,0.7680481133260394,0.5366574533204298,0.013292795890148132,0.441290263423894,0.5047808935729191,0.5657382140775247,0.014096698889513112,0.5210347225870643,0.3829500520088106,0.578717273336956,0.03743900717915033,0.5733927985607085,0.6608040201005025,0.5974878087190224,0.04433866514279076,0.6172531855318951,0.6057052373328004,0.5699120753140968,0.08523677392050052,0.5990246894946163,0.5413152266193783,0.5730258851299953,0.09206961576885994,0.6183500811142566,0.45015140927754616,0.6412766638310126,0.08166940422312538,0.5611118469971785,0.4921875,0.5776744068146874,0.08574874701487928,0.5506809691482155,0.43846153846153846,0.5280395695776591,0.12013365015039165,0.5456665730351931,0.4489795918367347,0.5500464316575548,0.09930727308133323,1.0
0.3888111092772055,0.4654467319614677,0.4609621504314146,0.01670965919533115,0.4409562806105787,0.48876129280831954,0.5840792644382276,0.03523962249225397,0.5077632829244728,0.2438609243878458,0.5924384266552577,0.06402314104393061,0.6444023970790321,0.4540164156840624,0.7198269948717649,0.07335575702333882,0.6590839256976356,1.0,0.671561106805087,0.11246620609249894,0.6631625171595277,0.0,0.6286553305366106,0.12131795534379897,0.7390988248729621,0.09122246811149987,0.7685309943381564,0.13094157997032482,0.7021328541581089,1.0,0.6700962262586526,0.16361168034816284,0.7694641567913292,0.48205128205128206,0.7560981710213848,0.21688790250338655,0.7567278577767275,0.6530612244897959,0.7405098014553341,0.18947453224820682,1.0
0.46904453165455795,0.6551275452196238,0.5116810760909876,0.01676112546159041,0.4570784798353642,0.44288035664191594,0.5546608795296764,0.030844752832066936,0.5136838543726866,0.2817943228299271,0.586055591955618,0.04761237935181102,0.6458594596738064,0.663316582914573,0.7132093860537879,0.056686125867535804,0.6814274381584727,0.6176599459643688,0.7176512794242468,0.0645769816530807,0.7009649117535262,0.5616654231088285,0.6816024880890269,0.05183002345456336,0.7125425620592386,0.4386962303041617,0.7387470896148687,0.04476770869895859,0.6885927739463309,0.421875,0.7074764152811975,0.05465623234500422,0.6547262658814534,0.43846153846153846,0.6486311376041353,0.07108851422790252,0.6516904419667016,0.4362244897959183,0.6313081350110687,0.07390051970903212,1.0
0.2628829118638184,0.46538800997789986,0.3353252388078209,0.0464453335977433,0.3403113231671926,0.5149771588859487,0.49068851768393307,0.06371032709102373,0.32616378996873163,0.35007444002567345,0.37175422525026824,0.08853558382161547,0.36507007823320725,0.7060301507537688,0.39457876369011413,0.11298731180107621,0.31149895511565195,0.5738260143152846,0.3128417470032082,0.1310297273653723,0.3502916065952269,0.47212455855524715,0.31389328886029977,0.12308494787102323,0.4325013201967136,0.44251462329528984,0.39396443740698234,0.13813133004965739,0.39447766656808764,0.5625,0.379221192708286,0.15585567544106654,0.43971388224062585,0.4256410256410256,0.40193488288354673,0.2157189132718322,0.4026918501295599,0.4693877551020408,0.39124809460295384,0.1732701132618918,1.0
0.7142736193585573,0.7265351471073402,0.605313150825127,0.007214092190002808,0.6157807220080238,0.5396960625124743,0.5816428489452599,0.011100729503596932,0.5695656124983736,0.30328991528043986,0.5882880983335003,0.032741960576940274,0.6568422469194585,0.6834170854271358,0.7102176969653092,0.035163516396961185,0.6600318826670494,0.5359694369819845,0.6464353728396982,0.045730787813017995,0.7264956923198869,0.6023658160877291,0.6604844228381158,0.03763408845983142,0.6900102087987662,0.40623988987957244,0.7144512641396852,0.029331233301568307,0.6538993786943148,0.560546875,0.6420758319599962,0.02487257258349706,0.6358251821115948,0.3769230769230769,0.609532504310063,0.02644744778009841,0.6591221977108664,0.4744897959183673,0.6367089707137237,0.015194968632719894,1.0
0.6213224880025616,0.7394009373936994,0.36776269339478523,0.0075779625825033005,0.6252181922206275,0.26984803125623713,0.5155870866167251,0.022933069131221763,0.5502318417817095,0.3196924263044865,0.5219461158052635,0.04926319047112285,0.5335103936643509,0.678391959798995,0.596209189575306,0.051257881279999286,0.4569988191376664,0.6037127858942056,0.4890116684542698,0.05614201585932728,0.5421407929508668,0.5026498532894226,0.46334328421248727,0.044120034345498674,0.7243555879923348,0.45396980226867434,0.7699065674555745,0.056356274875700704,0.6834328318975418,0.453125,0.6655369376423413,0.06080437710001463,0.7497770433852613,0.5846153846153845,0.720470412361373,0.08284246345309323,0.6787044886461869,0.5714285714285714,0.6598837014132232,0.08511780739150038,1.0
0.4428878821146811,0.3759790201239252,0.4656538228015548,0.03144657591776438,0.4020749761347222,0.6509311288318392,0.43728396684755433,0.04514594835811427,0.47696499898686795,0.3121410415835921,0.5192623141593548,0.11432730770251102,0.5409659734824456,0.6834170854271358,0.5381882676965105,0.13084542845041947,0.4990878215186828,0.5897656258240425,0.45644238172536944,0.1549423501692719,0.5294176310207899,0.923898920621044,0.4572716907654608,0.14539743910623587,0.5688567774564757,0.1523167559695503,0.45810956274720044,0.14089123189148456,0.5144406099158965,0.4921875,0.42950038200782403,0.17179724306183544,0.47897811005707785,0.4205128205128205,0.4501086617653033,0.1964919576080431,0.46896827280103703,0.44387755102040816,0.4479474356398313,0.1907559815366991,1.0
0.2628481559737714,0.4703268818624363,0.29777243541035553,0.03166018208030352,0.3406740205489427,0.27331287072790084,0.34247625559686856,0.06482475395963269,0.4999948677704432,0.0,0.5420196370623168,0.10598406764525416,0.5397143692435625,0.6345827088525943,0.5427393219247695,0.12415975735461193,0.49957005766134177,0.46224873375397924,0.485811164679678,0.16205108157207437,0.4803111786847109,0.5413152266193783,0.455946652921573,0.12773302795058092,0.461458721761564,0.5036089111533403,0.4812263652170449,0.10900479352541027,0.4537023139252025,0.34375,0.4471095872706843,0.13369859281734167,0.501675805665601,0.48205128205128206,0.48986623645217187,0.18049533954780106,0.4806391198125781,0.4846938775510204,0.47178126741055004,0.15186931938564058,1.0
0.2515899185167252,0.5592924613202145,0.21967728559389738,0.15066146563846453,0.40263251906289765,0.3192065050687653,0.40185993114592944,0.33799469693438994,0.30007085144627077,0.35007444002567345,0.28012448517397603,0.4888114493102251,0.3210168931147913,0.5979899497487438,0.31862512692577727,0.5900766000115529,0.26070448477924646,0.653524071859074,0.24976642306470676,0.5879432062424055,0.25531003047791273,0.5046848729383676,0.21635296771594636,0.4503022914757969,0.29184440044394055,0.44251462329528984,0.2633445764085664,0.3964551793438243,0.26596465648135453,0.421875,0.239873128184257,0.42659363909231607,0.290128676085814,0.39487179487179486,0.2765460871531791,0.6154943253967385,0.2869726070210463,0.7040816326530612,0.289498828169953,0.5244324996151772,0.0
0.1457855118136051,0.5504198001631331,0.2244972801948028,0.05309083953001594,0.3998558232712195,0.4202213616509342,0.3613269253394471,0.16881000711778943,0.3218864958666824,0.3298432941898968,0.37816310907447226,0.24674863696061855,0.3504523378492377,0.7085427135678393,0.393149043489777,0.3126497324135526,0.32692252393410615,0.669463683367832,0.3543318917977034,0.3695884143254192,0.31151197777174294,0.5453852659172682,0.3101396834801159,0.271308790053079,0.34154979378796,0.4730617672243151,0.3370216775873626,0.25370558204714455,0.3457588088751245,0.578125,0.3197728670821751,0.33894285617609277,0.39405934303708906,0.40512820512820513,0.33751754098998255,0.40599411623682896,0.423952516613083,0.47959183673469385,0.3407611471578026,0.4022437731413716,0.0
0.6211793376084294,0.2719683912395957,0.5928160416716564,0.028028415841521735,0.6223097087403731,0.5810195493099394,0.5838948534649622,0.043318745855531894,0.4723472714679219,0.3146699348130642,0.5452278874063182,0.07775210318290285,0.6147080867193572,0.6758793969849247,0.6251265531898939,0.09999014270422737,0.5604991601068504,0.6814183919994004,0.5685369286564094,0.1127209046907218,0.5337904745501323,0.5189300104809829,0.5212057114907975,0.08213239457411516,0.528751455522212,0.3852387284283676,0.5354001806841571,0.0743685812933177,0.5213576584706971,0.45703125,0.4784299308914325,0.08566395126385105,0.5240898602895261,0.39487179487179486,0.5236658599654734,0.11355949399038401,0.5363481474299697,0.423469387755102,0.5199022940946929,0.1112933838270702,0.0
0.2512747296452841,0.5668195034873287,0.36463047598695225,0.03414160761042221,0.3343883605486577,0.0,0.38053314184558085,0.11890951564150053,0.2698818330406355,0.395594518156171,0.28381612844333215,0.17362712684074147,0.3347110394174819,0.6934673366834171,0.3382587659349444,0.22688580218845195,0.2856065134529957,0.6176599459643688,0.30636262952785565,0.24919235833331266,0.31331961865507246,0.5657354624067186,0.2671233964069383,0.19354683035696035,0.3104566626556253,0.4654249812420588,0.29310334584267445,0.1624302207732952,0.2996927512983258,0.5546875,0.2707208054714073,0.19321675421334453,0.3307271505550187,0.3487179487179487,0.2955991174823138,0.2544692602809494,0.3308164698319267,0.4693877551020408,0.3025984314172402,0.23573973071481386,0.0
0.5242394718131391,0.6368045071614501,0.3623353938423422,0.037718406796290474,0.38036206446638476,0.5458757884191057,0.47777012894013104,0.06542204142144471,0.40292038170172806,0.3880078384677548,0.45391513005771633,0.10655540157547994,0.45839861425528106,0.6934673366834171,0.4282248993847313,0.11010499066652477,0.4030736786559028,0.577810917192474,0.41293498481900515,0.14326537750565788,0.424978951939379,0.5128249515341478,0.41998891750716394,0.11246453911130991,0.3877241849890163,0.48833533918882766,0.3864258237529941,0.09734818990251003,0.36968845560429636,0.4609375,0.33939152200229594,0.11055570562524933,0.3875510899462475,0.441025641025641,0.3809528899266632,0.14488069401216674,0.43164783084872904,0.47959183673469385,0.3883157414557842,0.12749826606346748,0.0
0.44011111452572715,0.41959702900554297,0.4647607638596933,0.03555665733760287,0.3137871521425426,0.35636419394907654,0.4693826340676035,0.05430152474545685,0.3521215042963576,0.3399588671077851,0.4410466906839904,0.10203107197442396,0.45297578719108766,0.6834170854271358,0.4771215393853877,0.135368139035322,0.41089980943736837,0.6017203344556109,0.4120713051930176,0.14463477228492483,0.39952453670150173,0.5209650301299279,0.3683563869479043,0.11062030770939221,0.39628460896345263,0.4730617672243151,0.3800169153770722,0.09639474661580597,0.3936060540466168,0.43359375,0.36000912210435754,0.11562770224592536,0.40612323245733944,0.41538461538461535,0.37897502248021453,0.14232172828376685,0.4037178835272378,0.4387755102040816,0.38027092100956006,0.139890677407006,0.0
0.42537105386489116,0.6059726254224233,0.4034211351496609,0.0840148136282959,0.45360748263978823,0.7709454129638731,0.5319273409926784,0.14473733852916656,0.3419737455593358,0.29443878897728754,0.4274517569541726,0.2197173323106869,0.4093144448737329,0.6984924623115578,0.4248252606228107,0.39354923372315326,0.3347638583217408,0.6057052373328004,0.3429960799954769,0.43173423231370844,0.42246848406703913,0.5046848729383676,0.4007984612557338,0.42024460160235944,0.3663957475270567,0.41196747936626466,0.3933460209123422,0.37090009733003976,0.4337709119067445,0.53125,0.4141385998503214,0.4811428183624529,0.40277198177366075,0.49743589743589745,0.3785250717084331,0.4968050686885941,0.46296709468629205,0.40816326530612246,0.4056560945819646,0.45789413573504556,0.0
0.13738813306318942,0.4810954554906408,0.24647453450397766,0.055015679681573205,0.45501188503948686,0.5931755733357358,0.47112745250936783,0.1774512358929675,0.4806009296961814,0.3518337953502979,0.4471348887764358,0.25467031663013573,0.42556081712020777,0.7587939698492463,0.48515777803475124,0.2970360956206517,0.446248741649377,0.5817958200696635,0.48315012697452164,0.39262406948237477,0.4700483516380642,0.39072377259744595,0.4406518023317709,0.2830616537744943,0.5338005790027439,0.5799767709759034,0.5277367292512056,0.29642087680764984,0.5270492332436958,0.375,0.5223592888685014,0.3350102492912186,0.5566894037410555,0.4256410256410256,0.5191908265056232,0.4565595136682544,0.5370674059540882,0.4693877551020408,0.5158871743558011,0.378957414534571,0.0
0.43424625915085857,0.31345876251298604,0.3976759136508525,0.027775763029830237,0.39685030291593404,0.5678197662255949,0.40862303557969115,0.022265990730676977,0.29748695792778,0.34754554679620137,0.34111674552334825,0.059933759384896215,0.3834434858844993,0.7160804020100503,0.39667482178652047,0.08182465230853675,0.33399016979915475,0.5618713056837161,0.3621308019252192,0.12321031879542657,0.40828713068206485,0.49247475504469745,0.36644967441393883,0.1423548002364568,0.43699329794469677,0.45015140927754616,0.39641971443944096,0.13661294655904285,0.4007691546961298,0.46875,0.3650358963382686,0.15459575728219177,0.41602239845061667,0.41025641025641024,0.38901936452755237,0.18868837955970671,0.43861197324489365,0.5051020408163265,0.37983414121962544,0.17699900818368725,0.0
0.1999381861891485,0.5033863764967338,0.2865848457905395,0.23512717950633785,0.2798166165187137,0.4202213616509342,0.31233767334296725,0.2533581020798095,0.20636379920371473,0.4208834504508919,0.20741209765182866,0.2523631061713544,0.24251372842278907,0.6180904522613065,0.25019076991945277,0.6456868735285408,0.19694600298146048,0.5419467912977688,0.19514010493546208,0.6435865928192979,0.1948349706904418,0.4395642441721267,0.1896711817498835,0.47950077618923675,0.283421944662437,0.4272410513307773,0.2643337202329789,0.48153631995322305,0.2549518886049779,0.5625,0.2325377249651729,0.6154891685420538,0.2386654315890157,0.4358974358974359,0.23703950327415424,0.6345386233042173,0.2467806744314428,0.47959183673469385,0.22207735344768786,0.5670505788914761,0.0
0.1425541909497534,0.5350664499219054,0.2047029561179406,0.07750043144638247,0.3982067416277002,0.5963546386959295,0.35264015460454834,0.08653683710278116,0.31296659718890074,0.3247855077309526,0.33492647787464735,0.18279188021212966,0.4075937856860341,0.6381909547738694,0.4138072409551343,0.27663623161874373,0.34865363185372256,0.5738260143152846,0.35684439046627847,0.3115690225438182,0.3420169976953153,0.5535253445130484,0.3114954147352579,0.22537707034705945,0.35545821120623966,0.48833533918882766,0.33201086861538137,0.19042394948572797,0.33607432667537435,0.5,0.3259750764837581,0.21256972477971536,0.405568936580652,0.5282051282051282,0.3763912832095544,0.30372094894240803,0.3692412320040319,0.4897959183673469,0.3580841785476052,0.26781341064711756,0.0
0.3910700969278088,0.37530397960618694,0.4846550279475879,0.08562705932330424,0.5066951853298531,0.3996222752954962,0.5885648113466568,0.12354173056126838,0.6587631546400502,0.3601900129435618,0.7353553295696756,0.34906103043790476,0.7053083168829636,0.6582914572864322,0.7616071341210245,0.6291338046765736,0.6730577146734594,0.6216448488415582,0.6633608410358011,0.7827842593357555,0.6505566089833859,0.4395642441721267,0.6554846784843172,0.6249145389155543,0.5768124380243185,0.27450533168565117,0.5886612393908066,0.5319152652834718,0.5559389137225912,0.40625,0.5043917279274245,0.5444962086555023,0.5289542504717033,0.3846153846153846,0.5116916110691692,0.6165942129683887,0.5351354334624466,0.47959183673469385,0.5107862600947913,0.5396544033194439,0.0
0.217234797362851,0.5101259566496052,0.29253607831822165,0.038029377829813325,0.26757541038792576,0.4593596257262663,0.3340344280463854,0.05231230453621935,0.30481275218876547,0.35007444002567345,0.37615430456920873,0.10603840901725768,0.4327393144914017,0.6884422110552765,0.4550676546310123,0.14616895796539106,0.4355529494913334,0.6136750430871794,0.4089214236440928,0.17094083920747172,0.4181127494559969,0.5128249515341478,0.4266325100903443,0.12375907627544541,0.4042100261917292,0.40814908637513647,0.40035287021725124,0.11185801367233943,0.36856929528887833,0.50390625,0.34432854349489495,0.11107725150575809,0.44135527590480766,0.4358974358974359,0.4002211768006607,0.16695450722920452,0.4049456463851103,0.4591836734693877,0.3886613322145783,0.15382841107233958,0.0
0.18826693746187173,0.5323740451380004,0.24757085685618957,0.037192909214760046,0.4037773971104419,0.26778812262069335,0.5798714839902215,0.07496109962406201,0.38916235017893663,0.14776298166790647,0.40188701642733526,0.14153972629247033,0.4310067491044206,0.6733668341708543,0.47937664945465663,0.2075931316352883,0.3589293750062199,0.6734485862450215,0.39170500546290765,0.22433883038492375,0.3798864450635739,0.5006148336404775,0.3585968890965565,0.18029582304392563,0.40689343724872296,0.4806985532065714,0.3869938201388065,0.16134316701028492,0.3969798684467459,0.546875,0.33996336587155185,0.16245265239715215,0.4431369077776452,0.4205128205128205,0.39509951868207305,0.24354065450586562,0.46704948837565097,0.4693877551020408,0.39612725250939573,0.21843770731804574,0.0
0.5223424167666706,0.444064623314387,0.2985579613532506,0.039567890299640175,0.6175122442993803,0.5589939395496941,0.6088737527522172,0.10035636221031938,0.5389445142259824,0.3766438566852545,0.428858404428334,0.1609652627510268,0.4684458171257887,0.9195979899497488,0.5259885445647453,0.19801344667607942,0.4413397498961735,0.5977354315784215,0.43315746671914124,0.22997631234349686,0.4225082510372598,0.5209650301299279,0.3872056998265573,0.16597803192100263,0.4448132936033927,0.4806985532065714,0.42841021184514844,0.15469118262642928,0.4013430233881569,0.453125,0.36984326429812364,0.15292904849507977,0.42624499169299085,0.39999999999999997,0.39633943608923305,0.21494640725653943,0.4364011874126774,0.4591836734693877,0.4159159195872696,0.1908165227647317,0.0
0.4815286061936632,0.47377981415906006,0.5848439468884585,0.020397290766514344,0.5399659042184892,0.42197390357171655,0.5430362667539066,0.0333167221302797,0.602839641386062,0.36271890617303393,0.6852637077695726,0.07623430010198483,0.7693705886106056,0.8040201005025126,0.7675436524276226,0.11045611207028047,0.701575172078926,0.7053278092625372,0.695209068185287,0.12798398241448083,0.7109669523767215,0.525035069427818,0.6594682610108246,0.10153585406264662,0.7608588750212167,0.4768801602154432,0.702707470087389,0.09147601014842822,0.7245145306274658,0.40625,0.6344023013977926,0.09677615287311853,0.6781341771985907,0.3487179487179487,0.6480383234017185,0.11651767419162024,0.6230073502903262,0.4030612244897959,0.620243044788474,0.10123410250567476,0.0
0.24920209102203916,0.42724680693968936,0.2789470433431132,0.09300289983142007,0.3143153058645589,0.4778988034461604,0.4222659185617692,0.2328176648496816,0.30992145975233576,0.4107678775330036,0.335231463672382,0.36229442787474725,0.45948396977591643,0.6381909547738694,0.45473434067165874,0.43591889788077526,0.3733540941929445,0.5260071797890109,0.3588327061651637,0.48098253423904064,0.3563109357549095,0.6837666020455304,0.3152067504037239,0.36279315543401536,0.4713661986054305,0.45778819525980247,0.2832679313139443,0.3305078039732062,0.42538015070645746,0.5,0.2922556343650159,0.43071819109313514,0.39509058708427486,0.3846153846153846,0.36966873807522616,0.5629015218724267,0.3907163252093654,0.5510204081632653,0.3681215558131543,0.4511641690489169,0.0
0.2755235583543275,0.5430069241988488,0.3129107772077245,0.027358172251632014,0.44237631237458386,0.3047812638651713,0.5954186120611051,0.06191540189263608,0.4620269502340272,0.40823898430353145,0.48371046512848326,0.10500785091683613,0.6061515973400905,0.7733780706845311,0.5988279464721661,0.12169973540505041,0.5022765249077435,0.502097762525874,0.46883120242331944,0.1730031066219408,0.47927136320052227,0.5209650301299279,0.4287937713633345,0.1313813474725774,0.5251898306737522,0.49979051816221215,0.4864276757877893,0.11773141964697346,0.5117647677419916,0.42578125,0.43666636554589155,0.13137490443649072,0.4804868530093594,0.4615384615384615,0.4602397749748124,0.17992191374795016,0.44130390310945555,0.5612244897959183,0.42729982332914884,0.13401660782069608,0.0
0.4632936069743129,0.6156914154094759,0.40814819806419317,0.02342018332716686,0.4465170296356882,0.5438158797835619,0.6225955336913782,0.07362238594781176,0.5639018489318895,0.41582566399194776,0.6048894287598098,0.12491023398903166,0.6102332794072008,0.5376884422110553,0.5817216211400796,0.14320399097812178,0.6669409694055343,0.6366784760548913,0.5345486531078921,0.20753387217947183,0.6403597811821569,0.6186459732792894,0.545225399843846,0.20411533630852685,0.6646042523529377,0.45015140927754616,0.6437211397911045,0.19758341110971783,0.641834836299215,0.5078125,0.6242153084278853,0.2572057966642922,0.6104514213482368,0.37435897435897436,0.589409650057924,0.3267238036439972,0.62145977429518,0.4183673469387755,0.6025806792886238,0.2958356460542641,0.0
0.28678769412475524,0.6520230418587272,0.2613583612479095,0.03399198088510874,0.4066442585661343,0.15037333039469702,0.5260682644762871,0.06485254769480595,0.4863166140039602,0.4714613150403337,0.5194998766214226,0.1464777711656439,0.4879598610378483,0.5678391959798995,0.517206738701964,0.1839547573208346,0.46058044719146796,0.5738260143152846,0.48926340062087026,0.2450069292833022,0.4868887904272547,0.4802646371510273,0.5022789867196912,0.20835061369988614,0.5040463696973082,0.5265192691001093,0.5201193434539055,0.20103590105059085,0.4849915009141171,0.4453125,0.4537901293262805,0.22110700669103625,0.5588079030031738,0.3846153846153846,0.5317508794611681,0.31396290587791326,0.5414270550507597,0.4693877551020408,0.5301401552647489,0.2884722912803166,0.0
0.27496913019146996,0.5044391602244821,0.27845486268627656,0.037725510481242785,0.40275212987584186,0.6323919511119451,0.515606901254756,0.0709736545353807,0.4617411964273589,0.41582566399194776,0.49435582970420777,0.1437387028653625,0.5475444244666628,0.6984924623115578,0.5923717298778347,0.19958696270467421,0.49444731697024036,0.6057052373328004,0.4708356422092721,0.22036094542190304,0.47174383221207433,0.5779455803003888,0.42495293084332,0.17124671602690142,0.48170238434988144,0.27450533168565117,0.4419867400648034,0.15467864043674376,0.47103498640783853,0.375,0.3891541866949857,0.16665504153138397,0.4821066011875837,0.3846153846153846,0.4831212001437247,0.23598811109632442,0.4695717379303026,0.46428571428571425,0.44563325815566923,0.21681894001339513,0.0
0.0,0.5703050442149474,0.0,0.15160658494098966,0.04812832692473945,0.41553839505720064,0.0639488407999651,0.22731693607721534,0.0383124441440561,0.36844692570392845,0.09630841320035655,0.22693010354929952,0.17162701628730614,0.678391959798995,0.2174827923135615,0.61382789115467,0.14085747535179471,0.5897656258240425,0.17051667192829145,0.6342668844861472,0.1381647674598227,0.5046848729383676,0.14178696965925508,0.6395265052005836,0.1143038948051347,0.44251462329528984,0.12377961338283877,0.4831950656674881,0.1111747939537765,0.484375,0.10981084461754365,0.5264579796127768,0.12736746705593022,0.4358974358974359,0.10111333700727015,0.5738909008680569,0.1522869475476667,0.47959183673469385,0.1530492175111156,0.6558430809051183,0.0
0.244880860486144,0.5154042295875988,0.3599044886424056,0.03980836982168906,0.26208383062826024,0.5520555143257371,0.37762281844937773,0.12043463530164307,0.31271984116458673,0.3450166535667293,0.3691282049134482,0.17600858294745478,0.35652629806827096,0.49246231155778897,0.3770937451715677,0.18896313428144212,0.32305400824605457,0.5817958200696635,0.2994235548517745,0.22177020629276045,0.32450040196067625,0.5168949908320378,0.2839186120550453,0.1670877568001406,0.3356193213623002,0.4806985532065714,0.3050544710325283,0.14668435123777204,0.3228426263631146,0.53125,0.30609171165758176,0.17810070090160696,0.34671746639133766,0.4615384615384615,0.33244293351664334,0.23596287893106824,0.33466435869825617,0.5663265306122449,0.3176763186949465,0.18258800699530892,0.0
0.2136299258536012,0.33066467675782507,0.27785047766685006,0.028261645414095628,0.3486209565770064,0.5644149661389999,0.3060042864347461,0.04735090212909203,0.4788119381773538,0.2391265443344363,0.4397052629110757,0.14794136610859485,0.676888754148575,0.602359071163147,0.4955900218925954,0.218907742425407,0.5501543760282129,0.6863646694866463,0.4821875202187048,0.2865475686559192,0.5243031139014107,0.6512062876624098,0.5028816887999673,0.2639135747007858,0.5858035747519543,0.45015140927754616,0.6149685292418725,0.2852673861864538,0.5579513258643154,0.2734375,0.5375405179121441,0.31143404246796635,0.5922079781222302,0.5076923076923077,0.5627020147418612,0.4451881174587616,0.5392392924563141,0.36734693877551017,0.5457561084041052,0.35162241203498973,0.0
0.6207277992013562,0.564082422473245,0.59010799619833,0.03975070188622955,0.62235441953192,0.7697176315524281,0.5788361619618576,0.052378619707230734,0.4727325924331306,0.337429973878313,0.5466236288087108,0.10048101178076978,0.6140358929480182,0.5829145728643217,0.6437086382673517,0.13267188133234664,0.5575910108841854,0.5379618884205792,0.5860045149638794,0.16445970139018437,0.5946794638642219,0.5087549122362577,0.5623216136250954,0.15058977266763088,0.5754198956862444,0.5647031990113908,0.5521545984792311,0.1292452701642349,0.5462258531730853,0.5390625,0.525145496160389,0.1551702957962588,0.543690193771277,0.39487179487179486,0.5136183908240695,0.2052464979249893,0.554034207048458,0.5765306122448979,0.5160465415460895,0.19188480054779755,0.0
0.2643382762168064,0.5549912766225503,0.33782640748994247,0.055000566682054344,0.44132486130431703,0.411981727108759,0.4368458402034243,0.05756130934060073,0.5658768435179634,0.20023066436307654,0.4875251001955593,0.22535942733265033,0.6797662154213838,0.5366553827606007,0.6332242078013203,0.3160509834294695,0.6653860775787347,0.49062697643751646,0.5735109795385175,0.39974564311207367,0.6343353571527564,0.13024125753248195,0.5740473701865022,0.29906927377430753,0.6621218142241921,0.7021653466920041,0.599151643774146,0.35284492556657715,0.6366645346008251,0.375,0.5827216925564099,0.3934402036301564,0.7047878114012454,0.4256410256410256,0.6019073717300579,0.5252946043115514,0.6374963676423482,0.5,0.5855994913474893,0.46895364160563413,0.0
0.43795249779392975,0.6978043795968605,0.5772007729251163,0.02021890084092391,0.3855101800685372,0.4696591689039853,0.423848352523307,0.01642451838975559,0.4277835306387464,0.3538677798698816,0.4550942379841715,0.05481313257910532,0.5607259193603912,0.763819095477387,0.6120695257569856,0.11060171047060766,0.6151104887058984,0.5618713056837161,0.5562811703931417,0.17286358446594072,0.6936295710683473,0.5209650301299279,0.5241717034852373,0.14643519249551337,0.5816780445873413,0.5341560550823655,0.6247303422007147,0.15198316088169353,0.5987177364224263,0.5,0.5378429839035093,0.1607727291661115,0.6326456141620247,0.4205128205128205,0.5321372458388108,0.2014734633818466,0.5742221014906588,0.5051020408163265,0.582884757395737,0.18460161591803798,0.0
0.1437621383868517,0.48901286489763107,0.18544736750783525,0.09828294442931715,0.18033783602596243,0.5850140524944378,0.1823067534326288,0.31897027096803265,0.2795775310460439,0.5018080337939987,0.1607130704218579,0.41773163035288574,0.23321230959073302,0.7487437185929648,0.23452907655818278,0.4868388389211967,0.18939229757705434,0.6455542661046951,0.1829245284496901,0.48379694629339604,0.23441999580495726,0.47212455855524715,0.159337931105205,0.4263068361516903,0.23830789663157514,0.41196747936626466,0.21358179968262664,0.3778702678732626,0.21660661607488724,0.46875,0.21823438840509757,0.4954207160976014,0.23409083519858803,0.4358974358974359,0.23703950327415446,0.6123913072959428,0.21152629236980924,0.47959183673469385,0.21642311897417021,0.5464850210427702,0.0
0.11470051501304124,0.48459888636162773,0.1283996657583027,0.1335649172497576,0.21588099586778875,0.005844365998964152,0.2813670936437158,0.14883806168825892,0.29462939675036226,0.4208834504508919,0.30631020348982185,0.3431978862068913,0.31214674541803344,0.5678391959798995,0.3098850608032988,0.48710205901325143,0.2576488242329451,0.5578864028065267,0.2485529872491472,0.5653587743855979,0.25433008559469034,0.3418833010227652,0.24396617632485462,0.43093864245220503,0.377590484816944,0.45778819525980247,0.36511234012909327,0.5893289668489754,0.3419542402729265,0.5,0.3493825611968193,0.6427402357388202,0.3511362527978807,0.4666666666666667,0.3555592549112311,0.7448330997094752,0.3172894385547136,0.47959183673469385,0.3246346784612557,0.5991119791284022,0.0
0.13146600156631238,0.54707386721556,0.15314525713127697,0.172490565418903,0.4012691480593127,0.5850140524944378,0.35632336002214404,0.46027791576114313,0.29882675807966985,0.3399588671077851,0.2955898404077014,0.6392787819596037,0.31578244756437557,0.5979899497487438,0.3697272762531819,0.7924767751473782,0.2572846702772401,0.5419467912977688,0.2893644590109201,0.7934459527680331,0.2916276961652287,0.5209650301299279,0.250573062207305,0.5735890581033812,0.33142184084097215,0.5036089111533403,0.31533211490552665,0.5582861739948904,0.3006178612085226,0.5,0.3060945040817724,0.6886966926753592,0.3121211135981164,0.4461538461538461,0.2829297427929043,0.8228245050966959,0.2820350564930785,0.5,0.28856415863222695,0.6580451880884074,0.0
0.46853965145965826,0.43301828930234754,0.5224095212810944,0.026073710596722033,0.5517116754560232,0.3635738741734798,0.526280942495017,0.031340881996622244,0.6554564137033417,0.5333333731512732,0.7043933730289912,0.07074382646526875,0.7595864800441604,0.678391959798995,0.716516779645168,0.09794579985513716,0.7583959966737089,0.14906149167734462,0.7529412846817566,0.12424544151795505,0.8117631473392355,0.8456638264106288,0.7315646678574571,0.10161465643502637,0.8548276035023984,0.8080095965226749,0.8458749176473379,0.09555379679884086,0.7736486133515583,0.4609375,0.7703535348031408,0.09994460728045512,0.7913407140346413,0.4923076923076923,0.744034424612444,0.1348041404680837,0.7506078340926073,0.3979591836734694,0.7200530458890443,0.11097459031494296,0.0
0.25131734585685606,0.5582086148827122,0.3187774796407968,0.02330997585092885,0.2762614986933536,0.4974679354838265,0.19368716954621612,0.02341270163060829,0.30991023981049504,0.3045543618951759,0.2687547930730225,0.07548466540229498,0.32785060365986796,0.6532663316582915,0.28385862240250714,0.08881276233589416,0.2697580138706912,0.5459316941749582,0.2642207341910685,0.1199765617663002,0.33574623721916935,0.4354942048742366,0.2934329483630058,0.1328358266397648,0.4325395722134622,0.44251462329528984,0.3115642271321842,0.1386983451279769,0.39102498660180424,0.4765625,0.2976589555245547,0.16408983832843846,0.4089122084365751,0.41025641025641024,0.3739211216908127,0.22383468895479755,0.40308341062359176,0.3877551020408163,0.3817997406850421,0.20838690740446913,0.0
0.4266841370784784,0.533198765398411,0.3792769273600382,0.02605569715361128,0.27627133010167393,0.6166066253267787,0.4041362851004362,0.020690980588190095,0.2452210616868058,0.31972772127200844,0.28436460210389314,0.07623779326975512,0.3326214722322822,0.7512562814070353,0.29173098457763114,0.09431429372221703,0.31954974519679613,0.6057052373328004,0.2809326575874965,0.11889603328319609,0.3610645090110843,0.525035069427818,0.291295662021991,0.11596171828594015,0.43076108810260905,0.41960426534852097,0.30517906896578334,0.11909006929123826,0.3914498289865829,0.5,0.2942376077891091,0.1463501720720851,0.380938881556031,0.4256410256410256,0.3614457975636476,0.2103701674945819,0.4000086780498868,0.4744897959183673,0.3776125727419397,0.1944052599809663,0.0
0.2516922647224191,0.5013213401732695,0.29365299254017746,0.07036710178842369,0.27655238749950106,0.2969624416381609,0.19955030242578653,0.051761165478308745,0.3048013299393869,0.28938100251834337,0.2655340514385691,0.23061597314121374,0.32606639647502367,0.7688442211055277,0.31261056166481516,0.3392946993520143,0.2657860108714679,0.6216448488415582,0.25059589357249556,0.3851022416821312,0.26279133135980287,0.47212455855524715,0.2153042819133535,0.3013280726437894,0.38015543138636143,0.41196747936626466,0.2730648093629309,0.32630982395919955,0.34302754502635363,0.5,0.23939661543966628,0.3707660867513879,0.32309140114938334,0.4564102564102564,0.3217971326031892,0.49195195035679207,0.32592973258767444,0.4591836734693877,0.3240936726948106,0.4330755694453681,0.0
0.19560789022027214,0.5497130036845568,0.2935088639570617,0.09779604181835502,0.4507313714611092,0.5434477189450946,0.5612582900921417,0.2593079796856157,0.33806955986606624,0.26914985668256663,0.4006141008258298,0.34898351644998227,0.39235625277633335,0.6884422110552765,0.4056872372047662,0.3884539209760244,0.32143412703788155,0.5817958200696635,0.3189445544058286,0.542992078174799,0.41295644857168595,0.6186459732792894,0.3310734182734656,0.5044816054345951,0.3525780560295584,0.4272410513307773,0.3582709180642431,0.4187074961398555,0.3939660826195656,0.5,0.3948104954248468,0.5501555448026322,0.3661356854060241,0.4358974358974359,0.3575148784191009,0.6169586903732159,0.3588694442169942,0.4591836734693877,0.34646558120667703,0.516788201227331,0.0
0.1974067070364619,0.6347625813184515,0.26015084512015235,0.05074231533487023,0.40122547437454537,0.1884170561688458,0.4108551821124302,0.10543821189751162,0.4201872812732773,0.27926542960045503,0.5004238489214096,0.18318686757396155,0.4752905200760228,0.6834170854271358,0.507990901637072,0.23938280806721718,0.45280279509096344,0.5977354315784215,0.4562804905271026,0.32543259448803624,0.48890205329349773,0.5209650301299279,0.4731606314776291,0.2592556667915058,0.5362258404987461,0.5112456971355966,0.5240182482389224,0.2936795864752655,0.5171071745484814,0.375,0.4485296827236307,0.3184587898322506,0.5184214541609857,0.4256410256410256,0.48711274982301167,0.4170107465070636,0.5379889222437444,0.326530612244898,0.5107680978298809,0.3935382641267352,0.0
0.2906969012461169,0.6592371671479226,0.3876308905841315,0.027171261075698255,0.3432111063254837,0.523216793428124,0.4450451555495629,0.045481100403795445,0.41646067267908216,0.365247799402506,0.4168234162800636,0.11247206777243458,0.45851195618691454,0.44221105527638194,0.5245774622349252,0.12476322988137678,0.4489104968182611,0.6176599459643688,0.4565582880600193,0.14756359509620787,0.48554869333923184,0.4395642441721267,0.49940067482878137,0.12726173260677107,0.4861186398209173,0.5074273041444685,0.4524395182552861,0.10980767598179177,0.49163083335854446,0.296875,0.4636316437702843,0.15346750614429644,0.4956329499673597,0.4666666666666667,0.484427303444948,0.21040469519201135,0.5435989455096722,0.4846938775510204,0.5285918359259626,0.1934489469795675,0.0
0.3455390942649278,0.5647732961788277,0.37882126663124976,0.10607238973903994,0.3159466780054736,0.4531798998196349,0.283331664110698,0.12665986371170618,0.3252990473204075,0.33490108064884094,0.38314191508064865,0.2777620853802146,0.46128275740708446,0.6984924623115578,0.45584625951650926,0.3673680595534629,0.3775526343490193,0.5578864028065267,0.35647816530689735,0.40943172841334874,0.36078810340476847,0.5779455803003888,0.31236892687905415,0.335167995370571,0.3881191245979675,0.45778819525980247,0.3506040846772546,0.3366340734962153,0.35273235022600186,0.5625,0.3325704471874402,0.3853676406366585,0.3975020723579547,0.41538461538461535,0.3692840793138149,0.5138967966829926,0.3607083958031281,0.4591836734693877,0.3650384991525718,0.42073018824596625,0.0
0.24772352324903335,0.45206495433167637,0.30295297922097925,0.20942286853743025,0.18909527985505514,0.4696591689039853,0.31577177862185324,0.2193814322910609,0.13870562288260524,0.3601900129435618,0.21540822550069938,0.23628948942562578,0.20071791460972954,0.7185929648241206,0.22607908864458703,0.39283433180243627,0.16300351846574324,0.6216448488415582,0.17633383156389648,0.38923520367266684,0.17221904120723447,0.4070039297890062,0.1605739423085495,0.3173428844378182,0.24299547135717536,0.48833533918882766,0.2206030944790191,0.3337749577031965,0.21972039001374083,0.546875,0.2029283685573483,0.39246472929162735,0.23845115894230523,0.4461538461538461,0.2060868028021935,0.4520997806553595,0.24905221271749656,0.4897959183673469,0.22114564916436508,0.4330843401367761,0.0
0.442087226568633,0.6069218583440881,0.4526783554276879,0.04022156224700253,0.42170428371992497,0.5149771588859487,0.48664165569481965,0.11673800966117542,0.3957675082089652,0.2590342837646783,0.42978955377162154,0.17753135642210296,0.42747102047916063,0.6733668341708543,0.4754673512485067,0.2637050919133021,0.44041352643656884,0.6216448488415582,0.4348820707093971,0.3560976580938305,0.42095704772644466,0.5046848729383676,0.3913852611605064,0.2817247507928215,0.4801166167100178,0.45015140927754616,0.44620410145314365,0.2800485591227288,0.4832066458944159,0.5,0.4759445807463182,0.3344294363483483,0.4788726506284993,0.40512820512820513,0.44756102572171397,0.429309630229024,0.46691430521375576,0.3979591836734694,0.44150931398451077,0.3635440835639572,0.0
0.544856103768788,0.474094589682263,0.5888270642271884,0.10841714995351553,0.6417354434113067,0.18951159447002913,0.7608073921241434,0.18610774326949112,0.798646402990811,0.9873555338526395,0.8771592031108429,0.3121284958915934,0.8733602435009514,0.6683417085427136,0.9196625083578606,0.4624922224391946,0.9190513956019696,0.5260071797890109,0.9097524510198137,0.5847123752876326,0.9302684813626223,0.6186459732792894,0.9575584818355664,0.46448947536461893,0.9017444368312005,0.5647031990113908,0.8966882646995935,0.4041731097808749,0.8934522116979462,0.46875,0.8874252941818396,0.5385843006776594,0.830618554497411,0.5282051282051282,0.814981922317574,0.6588130664584463,0.8868496950499024,0.5204081632653061,0.8389798490622712,0.6070670148938639,0.0
0.16732313510605723,0.5549912766225503,0.2537727409452179,0.07409019532601097,0.4034873861350312,0.5273366106992116,0.4731857127772392,0.15451104750993247,0.3120372775489312,0.39053673169722686,0.37261434849152375,0.2075996925796551,0.4357025706096117,0.7336683417085428,0.4722103392452234,0.27644208761369216,0.3554167782395594,0.6296146545959372,0.370269202602061,0.28430091315541306,0.3378903429214018,0.5616654231088285,0.3245279197617421,0.20423599928917593,0.4029672164714473,0.3890571214194957,0.40227366326980035,0.18437878213870523,0.3628058711915751,0.421875,0.34435417907712307,0.18298934800033562,0.4458006140478919,0.5076923076923077,0.42230329237197184,0.286636829374631,0.43717369546700013,0.4897959183673469,0.4172914263306119,0.25543232465284554,0.0
0.16224513458839873,0.6182423672870839,0.2698959208981851,0.04248491543594625,0.4175347971647576,0.4778988034461604,0.47390420104130637,0.08614626091207404,0.3158019457115816,0.36271890617303393,0.3200819150318176,0.14219434242230547,0.41217591803014275,0.6582914572864322,0.3974317621942065,0.18959585092295966,0.33791587256119904,0.5977354315784215,0.31492444096303696,0.1972521488039003,0.3220788973013042,0.4761945978531372,0.27263493857596943,0.1434983050050834,0.38576293246016546,0.4845169461976995,0.3219221260227653,0.12081840857426103,0.3579656877808796,0.515625,0.3461912875463522,0.1669076016142034,0.439537644309321,0.41025641025641024,0.35453561483111495,0.22326895665802624,0.3999502578314974,0.4846938775510204,0.3599623231392469,0.20063825957574566,0.0
0.2505162642858547,0.5925989713057542,0.35993573484652547,0.015042548010265357,0.3604781204021792,0.4470001739130035,0.4027542214232216,0.049965635009207074,0.4203993793517199,0.3804211587793385,0.5133650758179681,0.09304083550735077,0.572741565751896,0.7167920831321909,0.6049139651847412,0.12247814746463881,0.5268379593039955,0.6296146545959372,0.5251633015454266,0.1865069035883081,0.5429025560335745,0.39072377259744595,0.5037665623515556,0.15564470794810248,0.7577720743238096,0.0,0.7822850288868304,0.1870606647347298,0.6860158975011279,0.5827428387809477,0.7057131251117145,0.23242313699923237,0.7477894280186508,1.0,0.7202074939339393,0.3330664957558408,0.6768703672840601,0.5381486980721474,0.6919434087097769,0.2758443948253099,0.0
0.522957998508873,0.4653946575049174,0.2998199438070805,0.08354234378838948,0.6137866081422589,0.40061328869834467,0.4495286940720975,0.139865672491029,0.45245526226899113,0.4208834504508919,0.3577356284726497,0.20369961028943384,0.4189447443332436,0.7788944723618091,0.4727402815334364,0.30098601710384165,0.37915808148940067,0.5977354315784215,0.3807719710257076,0.3171287186918502,0.3635139976380725,0.5535253445130484,0.3458082490313603,0.23282703722275144,0.38567088411687545,0.4806985532065714,0.32245862003545295,0.19600919094201064,0.3865206502169403,0.4765625,0.30008343214326993,0.22869439857136267,0.3614035493178523,0.41538461538461535,0.33369587424507074,0.26209019279487045,0.39529280870172756,0.40816326530612246,0.37054052322492803,0.2665908761603397,0.0
0.2677146358399065,0.37433398374139637,0.2846780124424831,0.05205728121485458,0.2950234187316978,0.4593596257262663,0.280930038273153,0.06785723289278368,0.3800089264834089,0.3703055858614502,0.34854943119311577,0.14151188069273077,0.43373709980279285,0.6231155778894473,0.4523204702102689,0.2006641226388069,0.3902633666974511,0.6216448488415582,0.3636295906809467,0.241860833107078,0.373315708581946,0.463984479959467,0.3240656760060018,0.1846958480339778,0.40050449845818026,0.45778819525980247,0.3903409464916536,0.17359994640616105,0.3891771598850145,0.53125,0.34395300235878024,0.17198153530518265,0.40963006933027296,0.4205128205128205,0.39577115934215834,0.25384891145277505,0.3876197648653352,0.4693877551020408,0.38572853122708106,0.2237637567719512,0.0
0.44955634346706863,0.7156119962785702,0.38724838466286177,0.08206492107473656,0.4413362388857758,0.4531798998196349,0.5329092625794392,0.22238173723298926,0.5573927298838123,0.3703055858614502,0.5192626445281049,0.3350231660652101,0.5026166262492228,0.6683417085427136,0.5454444063522738,0.446826740097518,0.45411144964829264,0.6136750430871794,0.4900579662573621,0.47326081414373616,0.5021613401844136,0.5046848729383676,0.5015598158962736,0.3603518836553003,0.5361402897430569,0.45015140927754616,0.5258217114903856,0.3020980598799002,0.6385971791915626,0.5,0.4929021308712701,0.34174488394376323,0.6300207697816727,0.4256410256410256,0.599323614951078,0.5016121485298172,0.6037605895850484,0.5612244897959183,0.5828470415191905,0.4342606911876851,0.0
0.4252219082082874,0.6366452560033483,0.4943303020785286,0.0449906729993586,0.46586341657573827,0.5470996235921218,0.5783952065390063,0.08857541970424025,0.3464228265036603,0.3273144009604247,0.4061249354476729,0.11787352491866947,0.36882365403060724,0.7487437185929648,0.3963866663982726,0.137440637278893,0.3317110951790594,0.6017203344556109,0.35338668078932833,0.21297605805968867,0.43059249505745995,0.4884047157468074,0.40143214682870587,0.22664515451988299,0.41324963134183634,0.45015140927754616,0.4206208532255517,0.2040657953717829,0.44256064081442553,0.453125,0.4555267688897834,0.2382067975073747,0.44547861208991685,0.4769230769230769,0.4263473702979148,0.29016821192564324,0.5012228224370012,0.3571428571428571,0.4525976675523602,0.27116072492175153,0.0
0.721370834034682,0.6985649582010376,0.47774319416696637,0.017652575967614527,0.9718220103985467,0.5445108323563905,0.6239311959790983,0.05635570223059932,0.8023544958521894,0.39264324953396923,0.47750858155652354,0.10467497487236009,0.8158263331887851,0.612255629909831,0.834054078386241,0.1378849890080895,0.6673863668400607,0.40646009347332657,0.6538340668435959,0.1533527493105398,0.6360187789872949,0.529105108725708,0.6059347539188832,0.11859641546227703,0.5509540184185951,0.41196747936626466,0.5645981494674186,0.10637855264394973,0.5193833424790619,0.53125,0.5273471165669359,0.13242103047697035,0.5570824056179309,0.441025641025641,0.5137381346083937,0.16859085452071304,0.5405940575060317,0.49489795918367346,0.5291115973076267,0.1411807470049517,0.0
0.4401138508969572,0.6288870977544598,0.29657979680803753,0.023193085522584388,0.5187419665021333,0.29489150517026225,0.4698208289519432,0.054496542556789575,0.5594321068146996,0.4496562872045948,0.5963295471405198,0.09509449049331099,0.5557951056856733,0.5527638190954774,0.5762114634975776,0.10330624106534667,0.611430857418427,0.7013429063853478,0.49221465537508857,0.16922167057284657,0.6368432354608231,0.5209650301299279,0.5767844220316641,0.15237322561157002,0.5408880164181569,0.5074273041444685,0.5801892396361401,0.13847578633367594,0.6796239787628331,0.7415313782754105,0.5700830298741529,0.1941564115168256,0.6699669945371269,0.441025641025641,0.6428390851040061,0.2542518634619209,0.6406004800411066,0.6071428571428571,0.5909139159067044,0.21822248157218438,0.0
0.13710444030639024,0.49549171278474585,0.2301023885700007,0.049140503232825025,0.4003566082754082,0.5388259328182482,0.4410081719795498,0.08790930236571957,0.37821225649020673,0.3551322264846176,0.32213828442631753,0.1335514303122158,0.390105257019305,0.6582914572864322,0.40546731296580696,0.1699312338833172,0.3465836938265,0.6136750430871794,0.3554063219198105,0.19865488050323124,0.33094450067418374,0.5209650301299279,0.31182889971809613,0.14345970100519675,0.3214540860357282,0.45778819525980247,0.31083439641467975,0.12050727684872405,0.2996037741999746,0.5078125,0.2752272146997181,0.12973840894157504,0.3519457339951361,0.3538461538461538,0.34118985467732577,0.18415431627407558,0.3403769705093489,0.45408163265306123,0.3343166195926053,0.16591876914533077,0.0
0.1469075861143515,0.5893000507195083,0.16251699833038674,0.17194894938331176,0.28420674716686656,0.4531798998196349,0.16683667761874288,0.33549049810210285,0.21549246482534912,0.31972772127200844,0.23001286285530698,0.4784919331819277,0.3046963942496549,0.6884422110552765,0.25734903384885544,0.5700411264353938,0.24744991763153557,0.5897656258240425,0.23847104587898826,0.6004212288917385,0.23617579153036744,0.5372451873214882,0.20474961285944848,0.4844471794840696,0.28435204611996057,0.45778819525980247,0.26337791934266136,0.46045712747949386,0.25832886955165185,0.484375,0.26205286650226933,0.5346509729627662,0.2731059743983511,0.4256410256410256,0.23977665808809867,0.647033923595615,0.2467806744314437,0.5,0.2524936388031983,0.5882480486909857,0.0
0.23039511239085964,0.6101922452171887,0.21269632361426788,1.0,0.0,0.5080245486622784,0.0,1.0,0.0,0.37362450128634195,0.0,1.0,0.0,0.7118401969817074,0.0,1.0000000000000002,0.0,0.6162899331647175,0.0,1.0,0.0,0.5670921023290083,0.0,0.9999999999999999,0.0,0.501063278445741,0.0,0.9999999999999999,0.0,0.5442707950930761,0.0,0.9999999999999999,0.0,0.4547008295995576,0.0,1.0,0.0,0.5085033763873149,0.0,1.0,0.0
